name,split,err_total,mean_unc,p95_unc,confident_disagree,conf_on_disagree,err_soil,cover_delta_soil,err_plant,cover_delta_plant,err_residue,cover_delta_residue
image_0001.jpg,val,0.0608367919921875,0.05719664320349693,0.3586951494216919,0.008579254150390625,0.7127936482429504,0.049181047827005386,-1.6948699951171875,0.0276333075016737,1.2317657470703125,0.1422465592622757,0.463104248046875
image_0002.jpg,train,0.053020477294921875,0.05398716405034065,0.3496644198894501,0.006481170654296875,0.702393114566803,0.03813775256276131,-0.8998870849609375,0.028074832633137703,1.1783599853515625,0.14669525623321533,-0.278472900390625
image_0003.jpg,val,0.0640411376953125,0.060514457523822784,0.367356538772583,0.009220123291015625,0.7118316888809204,0.055287059396505356,-2.2304534912109375,0.03792982175946236,0.9746551513671875,0.12833014130592346,1.25579833984375
image_0004.jpg,train,0.06441879272460938,0.06047040596604347,0.3656114935874939,0.009540557861328125,0.7147751450538635,0.05674340948462486,-2.3853302001953125,0.040198955684900284,0.823974609375,0.12414804100990295,1.5613555908203125
image_0005.jpg,test,0.06312179565429688,0.06348226964473724,0.37215566635131836,0.00766754150390625,0.7022202610969543,0.056877873837947845,-2.3670196533203125,0.04339250549674034,0.77362060546875,0.11675912141799927,1.5933990478515625
image_0006.jpg,test,0.06897735595703125,0.06633900105953217,0.37963396310806274,0.00916290283203125,0.7074910402297974,0.06441044062376022,-2.911376953125,0.05522514879703522,0.5176544189453125,0.11181244254112244,2.3937225341796875
image_0007.jpg,train,0.06522369384765625,0.06423410773277283,0.3755130171775818,0.008060455322265625,0.7053400874137878,0.0413193441927433,-0.1117706298828125,0.06683512777090073,0.2117156982421875,0.18377359211444855,-0.099945068359375
image_0008.jpg,train,0.055858612060546875,0.05666480213403702,0.358646422624588,0.006847381591796875,0.7015562653541565,0.022802844643592834,1.6002655029296875,0.05923350155353546,-0.212860107421875,0.20921804010868073,-1.3874053955078125
image_0009.jpg,test,0.052093505859375,0.045387979596853256,0.3259808123111725,0.00760650634765625,0.7144935727119446,0.013768643140792847,2.452850341796875,0.03467153385281563,0.7053375244140625,0.31932803988456726,-3.1581878662109375
image_0010.jpg,train,0.061004638671875,0.056288495659828186,0.36005011200904846,0.008396148681640625,0.7106208205223083,0.02346205711364746,1.9138336181640625,0.04491732642054558,0.8975982666015625,0.2677433490753174,-2.811431884765625
image_0011.jpg,train,0.06951141357421875,0.05616311356425285,0.36253106594085693,0.01271820068359375,0.7265956401824951,0.023823589086532593,2.0233154296875,0.045766063034534454,1.78680419921875,0.3340255618095398,-3.81011962890625
image_0012.jpg,train,0.05155181884765625,0.04357920587062836,0.3180592954158783,0.00745391845703125,0.7142532467842102,0.010609131306409836,3.0399322509765625,0.058699626475572586,-0.5237579345703125,0.46952715516090393,-2.51617431640625
image_0013.jpg,train,0.057888031005859375,0.04788102209568024,0.3363429009914398,0.008434295654296875,0.7177236676216125,0.01280341949313879,3.2062530517578125,0.05962376296520233,-0.28076171875,0.43717387318611145,-2.9254913330078125
image_0014.jpg,val,0.059917449951171875,0.0476691871881485,0.3354038894176483,0.0106964111328125,0.7253812551498413,0.017958343029022217,2.5440216064453125,0.030879342928528786,1.2027740478515625,0.3364959955215454,-3.746795654296875
image_0015.jpg,train,0.058017730712890625,0.0470769926905632,0.3344888687133789,0.009853363037109375,0.7221651077270508,0.018497508019208908,2.3426055908203125,0.029558653011918068,1.1890411376953125,0.3179484009742737,-3.531646728515625
image_0016.jpg,train,0.048069000244140625,0.0378824882209301,0.261355459690094,0.008556365966796875,0.756743311882019,0.04097823426127434,2.5646209716796875,,0.0,0.05073966830968857,-2.5646209716796875
image_0017.jpg,train,0.026458740234375,0.01922406628727913,0.13792547583580017,0.005523681640625,0.7589921951293945,0.004241742193698883,1.860809326171875,,0.0,0.30207109451293945,-1.860809326171875
image_0018.jpg,train,0.039234161376953125,0.03363124653697014,0.25306522846221924,0.006549835205078125,0.7378535270690918,0.011750777252018452,2.2045135498046875,,0.0,0.11407146602869034,-2.2045135498046875
image_0019.jpg,train,0.019405364990234375,0.017585013061761856,0.10849108546972275,0.004589080810546875,0.7620517015457153,0.007512073032557964,1.4919281005859375,,0.0,0.024468373507261276,-1.4919281005859375
image_0020.jpg,train,0.02667999267578125,0.02508234977722168,0.18838433921337128,0.0047454833984375,0.7325938940048218,0.048761479556560516,0.90179443359375,,0.0,0.021796448156237602,-0.90179443359375
image_0021.jpg,train,0.0129547119140625,0.013315360061824322,0.0595504529774189,0.002399444580078125,0.7312152981758118,0.03716118261218071,-0.07476806640625,,0.0,0.007483139634132385,0.07476806640625
image_0022.jpg,val,0.025051116943359375,0.024977346882224083,0.19071945548057556,0.003215789794921875,0.716923713684082,0.012560036964714527,1.099395751953125,1.0,-0.0011444091796875,0.04086877405643463,-1.0982513427734375
image_0023.jpg,val,0.00565338134765625,0.010616065002977848,0.04051566869020462,0.00049591064453125,0.6852236390113831,0.036312151700258255,0.2277374267578125,1.0,-0.0049591064453125,0.004129951354116201,-0.2227783203125
image_0024.jpg,train,0.034076690673828125,0.02899114601314068,0.2228800356388092,0.005290985107421875,0.734714925289154,0.007797846104949713,2.155303955078125,0.4285714328289032,0.002288818359375,0.1400180459022522,-2.1575927734375
image_0025.jpg,val,0.0371856689453125,0.03517105430364609,0.26979273557662964,0.007381439208984375,0.7289714813232422,0.007732477504760027,2.4837493896484375,0.4642857015132904,-0.000762939453125,0.1521185338497162,-2.4829864501953125
image_0026.jpg,test,0.02849578857421875,0.01580963097512722,0.09829941391944885,0.010227203369140625,0.8053836226463318,0.005273125134408474,1.8932342529296875,1.0,-0.0003814697265625,0.2534763216972351,-1.892852783203125
image_0027.jpg,train,0.031768798828125,0.02616780437529087,0.20045915246009827,0.00809478759765625,0.7601680755615234,0.02122744359076023,-0.4985809326171875,0.625,-0.0019073486328125,0.09935706853866577,0.50048828125
image_0028.jpg,val,3.4332275390625e-05,0.0016405716305598617,0.004927556961774826,0.0,0.5558565855026245,,0.0034332275390625,,0.0,3.4332275390625e-05,-0.0034332275390625
image_0029.jpg,train,0.053813934326171875,0.04277791082859039,0.29758983850479126,0.008953094482421875,0.7448527216911316,0.009268153458833694,4.1820526123046875,0.4838709533214569,-0.00457763671875,0.13404157757759094,-4.1774749755859375
image_0030.jpg,train,0.046260833740234375,0.04672316089272499,0.30963262915611267,0.005092620849609375,0.7147554159164429,0.01694285310804844,2.7133941650390625,,0.0,0.0842558890581131,-2.7133941650390625
image_0031.jpg,train,2.6702880859375e-05,0.0004900922649540007,0.00235937163233757,2.288818359375e-05,0.9699063897132874,1.0,-0.0026702880859375,,0.0,0.0,0.0026702880859375
image_0032.jpg,train,0.06598663330078125,0.05704915523529053,0.3356027603149414,0.01104736328125,0.742880642414093,0.04655478522181511,1.277923583984375,,0.0,0.09189795702695847,-1.277923583984375
image_0033.jpg,train,0.043643951416015625,0.037944406270980835,0.2765301465988159,0.008152008056640625,0.734406054019928,0.019533319398760796,2.7606964111328125,,0.0,0.06043369323015213,-2.7606964111328125
image_0034.jpg,train,0.027637481689453125,0.0210566408932209,0.1379706710577011,0.006649017333984375,0.7757024765014648,0.00905505008995533,2.0824432373046875,,0.0,0.038844212889671326,-2.0824432373046875
image_0035.jpg,train,0.024265289306640625,0.022779271006584167,0.14392854273319244,0.007755279541015625,0.780236005783081,0.013380711898207664,1.6910552978515625,,0.0,0.028390320017933846,-1.6910552978515625
image_0036.jpg,train,0.017826080322265625,0.022938046604394913,0.17256039381027222,0.00283050537109375,0.7116690874099731,0.06315324455499649,0.2567291259765625,,0.0,0.011597787030041218,-0.2567291259765625
image_0037.jpg,test,0.05066680908203125,0.031970374286174774,0.23989439010620117,0.0150909423828125,0.7920029759407043,0.02061436139047146,1.6265869140625,,0.0,0.2020823210477829,-1.6265869140625
image_0038.jpg,train,0.042583465576171875,0.0380694717168808,0.2682388722896576,0.008449554443359375,0.7474381923675537,0.02195930667221546,1.0906219482421875,,0.0,0.09595303237438202,-1.0906219482421875
image_0039.jpg,train,0.010623931884765625,0.008721061050891876,0.019532468169927597,0.00028228759765625,0.7177411317825317,,1.0623931884765625,,0.0,0.010623931884765625,-1.0623931884765625
image_0040.jpg,test,0.01346588134765625,0.012969231233000755,0.06881104409694672,0.00281524658203125,0.7599172592163086,0.6834369897842407,-0.498199462890625,,0.0,0.004299977794289589,0.498199462890625
image_0041.jpg,train,0.0037689208984375,0.004624741151928902,0.01032162457704544,0.000152587890625,0.7234123945236206,0.08102843910455704,0.21820068359375,,0.0,0.0030048887711018324,-0.21820068359375
image_0042.jpg,train,0.05096435546875,0.042474642395973206,0.2942187786102295,0.008907318115234375,0.7408741116523743,0.05812438949942589,-0.0232696533203125,0.20041322708129883,0.147247314453125,0.04325983673334122,-0.1239776611328125
image_0043.jpg,train,0.05583953857421875,0.05663151293992996,0.35219958424568176,0.00679779052734375,0.7092871069908142,0.037205733358860016,0.641632080078125,0.17571599781513214,0.2094268798828125,0.08148200064897537,-0.8510589599609375
image_0044.jpg,train,0.039073944091796875,0.03932233899831772,0.28551092743873596,0.0045623779296875,0.7105217576026917,0.026838889345526695,1.5682220458984375,0.20636451244354248,-0.0148773193359375,0.03684819117188454,-1.5533447265625
image_0045.jpg,train,0.06662368774414062,0.05391597002744675,0.34946924448013306,0.0106048583984375,0.7306592464447021,0.11417145282030106,1.364898681640625,0.1917477548122406,0.0423431396484375,0.049986712634563446,-1.4072418212890625
image_0046.jpg,train,0.01776123046875,0.014648346230387688,0.08218325674533844,0.004116058349609375,0.7536489963531494,0.7142857313156128,0.0110626220703125,0.16142524778842926,0.171661376953125,0.010299847461283207,-0.1827239990234375
image_0047.jpg,train,0.01912689208984375,0.017647739499807358,0.1176547259092331,0.004261016845703125,0.7558372616767883,0.6072571873664856,-0.10986328125,0.18495021760463715,0.142669677734375,0.010160941630601883,-0.032806396484375
image_0048.jpg,train,0.01871490478515625,0.016765786334872246,0.11365331709384918,0.00342559814453125,0.7465518116950989,0.23552720248699188,-0.8380889892578125,0.17338092625141144,0.072479248046875,0.0058923037722706795,0.7656097412109375
image_0049.jpg,train,0.028163909912109375,0.021830536425113678,0.1698617935180664,0.004199981689453125,0.7351673245429993,0.15244801342487335,0.8029937744140625,0.23490945994853973,-0.107574462890625,0.018649829551577568,-0.6954193115234375
image_0050.jpg,train,0.01798248291015625,0.015602038241922855,0.09493538737297058,0.003391265869140625,0.7409291863441467,0.4099999964237213,0.0141143798828125,0.13979333639144897,0.1155853271484375,0.010224725119769573,-0.12969970703125
image_0051.jpg,train,0.0557708740234375,0.0520380362868309,0.3319573998451233,0.008953094482421875,0.7287608981132507,0.06351252645254135,-0.8716583251953125,0.11463046818971634,0.08544921875,0.04768625274300575,0.7862091064453125
image_0052.jpg,train,0.03649139404296875,0.045609042048454285,0.30685970187187195,0.00302886962890625,0.6968094110488892,0.05380549281835556,-0.559234619140625,0.15512590110301971,0.1331329345703125,0.025120120495557785,0.4261016845703125
image_0053.jpg,train,0.02159881591796875,0.016474924981594086,0.1020759716629982,0.002841949462890625,0.7362947463989258,0.04156479239463806,1.163482666015625,0.17443370819091797,-0.023651123046875,0.01713496446609497,-1.13983154296875
image_0054.jpg,test,0.03423309326171875,0.021885477006435394,0.15034233033657074,0.01116943359375,0.7938728928565979,0.09700226038694382,1.4392852783203125,0.1803278625011444,0.00457763671875,0.026979101821780205,-1.4438629150390625
image_0055.jpg,train,0.026630401611328125,0.028074024245142937,0.20333318412303925,0.002552032470703125,0.7129534482955933,0.15326368808746338,-1.326751708984375,0.15924657881259918,-0.02288818359375,0.007541954517364502,1.349639892578125
image_0056.jpg,train,0.01177215576171875,0.007333526853471994,0.016784224659204483,0.003917694091796875,0.7903351187705994,0.3193112909793854,-0.5451202392578125,0.18503937125205994,-0.0102996826171875,0.0031403242610394955,0.555419921875
image_0057.jpg,train,0.0775909423828125,0.06371812522411346,0.3576151132583618,0.01395416259765625,0.7425523996353149,0.06237906590104103,1.564788818359375,0.12928500771522522,0.2307891845703125,0.08542300015687943,-1.7955780029296875
image_0058.jpg,val,0.06738662719726562,0.06489507853984833,0.36742132902145386,0.009479522705078125,0.7170177102088928,0.0563696026802063,-1.373291015625,0.12711066007614136,0.0030517578125,0.07995165139436722,1.3702392578125
image_0059.jpg,train,0.07644271850585938,0.07930084317922592,0.3820095360279083,0.00992584228515625,0.7185810804367065,0.06926580518484116,-1.1402130126953125,0.16365568339824677,0.0797271728515625,0.08468189835548401,1.06048583984375
image_0060.jpg,train,0.00971221923828125,0.007628276478499174,0.012755496427416801,0.002529144287109375,0.7637895345687866,0.5714285969734192,0.002288818359375,0.20297595858573914,-0.252532958984375,0.0037047669757157564,0.250244140625
image_0061.jpg,train,0.034420013427734375,0.03674331307411194,0.2710736095905304,0.003742218017578125,0.7054467797279358,0.026585159823298454,0.257110595703125,0.17016156017780304,0.0530242919921875,0.04027339816093445,-0.3101348876953125
image_0062.jpg,train,0.040828704833984375,0.024321887642145157,0.17420652508735657,0.008586883544921875,0.7733688950538635,0.14067278802394867,3.717803955078125,0.19566841423511505,-0.0453948974609375,0.03927090764045715,-3.6724090576171875
image_0063.jpg,train,0.06113433837890625,0.05878284573554993,0.34507885575294495,0.008716583251953125,0.7275233864784241,0.0616912841796875,-1.062774658203125,0.1797979772090912,0.0080108642578125,0.059310831129550934,1.0547637939453125
image_0064.jpg,val,0.0447235107421875,0.03506481647491455,0.2649119198322296,0.005825042724609375,0.7294197082519531,0.06787196546792984,0.4734039306640625,0.23121386766433716,-0.0057220458984375,0.03431081026792526,-0.467681884765625
image_0065.jpg,test,0.081939697265625,0.044302526861429214,0.29893210530281067,0.0257415771484375,0.7933701276779175,0.055598512291908264,0.51116943359375,0.13907572627067566,0.0011444091796875,0.13300253450870514,-0.5123138427734375
image_0066.jpg,train,0.000244140625,0.0004025242233183235,0.0011368989944458008,0.0001220703125,0.8449306488037109,,0.0,0.5211267471313477,-0.003814697265625,0.0001030247294693254,0.003814697265625
image_0067.jpg,train,0.002841949462890625,0.004310539923608303,0.006328307092189789,0.00029754638671875,0.7139351963996887,,0.225830078125,,0.0583648681640625,0.002841949462890625,-0.2841949462890625
image_0068.jpg,train,0.004505157470703125,0.004423749633133411,0.00797485001385212,0.000820159912109375,0.780707836151123,,0.4505157470703125,,0.0,0.004505157470703125,-0.4505157470703125
image_0069.jpg,train,0.0001678466796875,0.0005323456134647131,0.001546364277601242,8.392333984375e-05,0.8432825803756714,1.0,-0.0003814697265625,0.49295774102211,-0.0102996826171875,3.0525963666150346e-05,0.01068115234375
image_0070.jpg,train,0.035701751708984375,0.03526011109352112,0.24590986967086792,0.00417327880859375,0.7259979248046875,0.18930989503860474,-2.65655517578125,0.2906976640224457,0.0,0.005455001723021269,2.65655517578125
image_0071.jpg,train,0.000667572021484375,0.00257597747258842,0.0031302012503147125,6.866455078125e-05,0.6615628004074097,1.0,0.055694580078125,0.4399999976158142,-0.0064849853515625,0.0005799467908218503,-0.0492095947265625
image_0072.jpg,train,0.0014495849609375,0.004839643370360136,0.011695325374603271,0.000118255615234375,0.6585565805435181,0.037269026041030884,0.0286102294921875,0.35036495327949524,-0.0110626220703125,0.0008229848463088274,-0.017547607421875
image_0073.jpg,train,0.021556854248046875,0.023641297593712807,0.16738805174827576,0.0023345947265625,0.7131190299987793,0.03838824853301048,0.647735595703125,0.07216494530439377,0.0286102294921875,0.01750248111784458,-0.6763458251953125
image_0074.jpg,train,0.010406494140625,0.012637496925890446,0.0637105330824852,0.000972747802734375,0.723175585269928,0.08566128462553024,-0.2002716064453125,0.3689839541912079,-0.0087738037109375,0.004469911102205515,0.20904541015625
image_0075.jpg,train,0.000293731689453125,0.0009505899506621063,0.002644382417201996,0.000164031982421875,0.8518339991569519,1.0,-0.000762939453125,0.39669421315193176,-0.0080108642578125,0.00010304517491022125,0.0087738037109375
image_0076.jpg,train,0.034908294677734375,0.034868739545345306,0.2553844749927521,0.0028533935546875,0.7079927921295166,0.060837522149086,1.3858795166015625,0.13636364042758942,0.019073486328125,0.029523979872465134,-1.4049530029296875
image_0077.jpg,train,0.032955169677734375,0.03660852834582329,0.2530396282672882,0.004146575927734375,0.7179936170578003,0.02376052923500538,-0.118255615234375,0.30882352590560913,0.0091552734375,0.05585534870624542,0.109100341796875
image_0078.jpg,train,0.025424957275390625,0.025998223572969437,0.19794797897338867,0.002872467041015625,0.7150596380233765,0.0332779586315155,0.1865386962890625,1.0,-0.002288818359375,0.021093759685754776,-0.1842498779296875
image_0079.jpg,train,0.052082061767578125,0.04786515235900879,0.3220447897911072,0.0068817138671875,0.7194600105285645,0.12052255868911743,-1.5247344970703125,0.3650793731212616,0.00762939453125,0.025580018758773804,1.5171051025390625
image_0080.jpg,test,0.006954193115234375,0.009559424594044685,0.043775346130132675,0.001399993896484375,0.7596965432167053,0.24346324801445007,-0.09307861328125,0.42741936445236206,-0.0049591064453125,0.003035283647477627,0.0980377197265625
image_0081.jpg,train,0.000972747802734375,0.003971095196902752,0.012354293838143349,0.000186920166015625,0.6762665510177612,1.0,0.0507354736328125,0.23863635957241058,0.000762939453125,0.000744226505048573,-0.0514984130859375
image_0082.jpg,train,0.043849945068359375,0.04285954684019089,0.2966099679470062,0.004795074462890625,0.7199758291244507,0.014875471591949463,1.9443511962890625,,0.0,0.17616580426692963,-1.9443511962890625
image_0083.jpg,train,0.03197479248046875,0.03663723170757294,0.27434223890304565,0.00247955322265625,0.6941348910331726,0.028072388842701912,-0.164794921875,,0.0,0.0378006212413311,0.164794921875
image_0084.jpg,test,0.045291900634765625,0.04873674362897873,0.3132542371749878,0.00423431396484375,0.7163510918617249,0.020248860120773315,2.3937225341796875,,0.0,0.07322821021080017,-2.3937225341796875
image_0085.jpg,test,0.06350326538085938,0.06479361653327942,0.3547089993953705,0.008251190185546875,0.7243732213973999,0.028131181374192238,3.8333892822265625,,0.0,0.09213650971651077,-3.8333892822265625
image_0086.jpg,train,0.09090042114257812,0.0650506392121315,0.36276572942733765,0.019565582275390625,0.7575216889381409,0.011703869327902794,7.8411102294921875,0.0,0.016021728515625,0.17906489968299866,-7.8571319580078125
image_0087.jpg,val,0.031040191650390625,0.030596721917390823,0.2117905616760254,0.006076812744140625,0.7485020160675049,0.01072369422763586,1.259613037109375,0.4285714328289032,0.0003814697265625,0.15447768568992615,-1.2599945068359375
image_0088.jpg,train,0.006633758544921875,0.009167918004095554,0.03486304730176926,0.000545501708984375,0.7099370956420898,0.04859894886612892,-0.0141143798828125,,0.0,0.0034895355347543955,0.0141143798828125
image_0089.jpg,test,0.036441802978515625,0.03244645893573761,0.22942842543125153,0.012569427490234375,0.7777716517448425,0.2347940057516098,-2.7828216552734375,1.0,-0.000762939453125,0.004985238891094923,2.7835845947265625
image_0090.jpg,val,0.010059356689453125,0.01151107158511877,0.042874593287706375,0.000576019287109375,0.6855480074882507,0.08281733840703964,0.9243011474609375,,0.0,0.009698986075818539,-0.9243011474609375
image_0091.jpg,train,0.013309478759765625,0.011615248396992683,0.04560443013906479,0.002124786376953125,0.723809003829956,0.2902981638908386,-1.0120391845703125,0.29411765933036804,-0.000762939453125,0.001657643006183207,1.0128021240234375
image_0092.jpg,val,0.000614166259765625,0.0015403716824948788,0.005260847508907318,0.000270843505859375,0.8253438472747803,1.0,-0.0049591064453125,0.2768729627132416,-0.008392333984375,0.00024061965814325958,0.0133514404296875
image_0093.jpg,val,0.0001220703125,0.0002859477244783193,0.0004367046058177948,0.0001068115234375,0.9479504227638245,1.0,-0.0030517578125,0.8888888955116272,-0.0091552734375,0.0,0.01220703125
image_0094.jpg,train,3.0517578125e-05,0.0002088781911879778,0.0005129575729370117,0.0,0.7397974729537964,1.0,-0.000762939453125,0.23529411852359772,-0.000762939453125,7.629947504028678e-06,0.00152587890625
image_0095.jpg,val,0.000667572021484375,0.0005502575077116489,0.0006337761878967285,0.000179290771484375,0.7796995043754578,,0.0,0.263610303401947,-0.0034332275390625,0.000317041965899989,0.0034332275390625
image_0096.jpg,train,0.00728607177734375,0.007441754452884197,0.008388468995690346,3.814697265625e-06,0.6670034527778625,,0.728607177734375,,0.0,0.00728607177734375,-0.728607177734375
image_0097.jpg,train,0.000823974609375,0.0016484830994158983,0.000444948673248291,0.0,0.5971949696540833,,0.0823974609375,,0.0,0.000823974609375,-0.0823974609375
image_0098.jpg,test,0.000431060791015625,0.0004425823863130063,0.0007724761962890625,0.0001373291015625,0.7802184820175171,1.0,0.000762939453125,0.28671327233314514,0.0102996826171875,0.0002709923719521612,-0.0110626220703125
image_0099.jpg,train,0.00102996826171875,0.0018349196761846542,0.0051797255873680115,0.000179290771484375,0.8450707197189331,1.0,-0.102996826171875,,0.0,0.0,0.102996826171875
image_0100.jpg,train,0.021331787109375,0.02368946745991707,0.17040148377418518,0.001720428466796875,0.7018902897834778,0.045291684567928314,1.004791259765625,,0.0,0.017922427505254745,-1.004791259765625
image_0101.jpg,train,0.054576873779296875,0.05299186706542969,0.3348948061466217,0.00623321533203125,0.7195329070091248,0.029142750427126884,1.99737548828125,1.0,-0.0011444091796875,0.09168371558189392,-1.9962310791015625
image_0102.jpg,train,0.0296478271484375,0.028841953724622726,0.19831404089927673,0.0045166015625,0.7369626760482788,0.13956429064273834,-0.319671630859375,,0.0,0.014989321120083332,0.319671630859375
image_0103.jpg,train,0.044780731201171875,0.050661902874708176,0.3204324245452881,0.0042572021484375,0.7020548582077026,0.021246924996376038,2.8041839599609375,,0.0,0.0600760318338871,-2.8041839599609375
image_0104.jpg,train,0.021732330322265625,0.023139070719480515,0.16971884667873383,0.001171112060546875,0.6981978416442871,0.012212729081511497,1.7795562744140625,,0.0,0.02356145903468132,-1.7795562744140625
image_0105.jpg,val,0.00327301025390625,0.00785759650170803,0.025865117087960243,0.00016021728515625,0.6726837158203125,1.0,0.3139495849609375,1.0,-0.0118255615234375,0.003147521521896124,-0.3021240234375
image_0106.jpg,train,0.004955291748046875,0.012498460710048676,0.05286313593387604,0.000396728515625,0.6659610867500305,0.9369369149208069,0.41351318359375,1.0,-0.0026702880859375,0.00453390134498477,-0.4108428955078125
image_0107.jpg,train,0.008480072021484375,0.010989843867719173,0.03669782727956772,3.4332275390625e-05,0.6956856846809387,,0.8480072021484375,,0.0,0.008480072021484375,-0.8480072021484375
image_0108.jpg,train,0.001239776611328125,0.003415711922571063,0.007615918293595314,1.52587890625e-05,0.665762186050415,,0.1239776611328125,,0.0,0.001239776611328125,-0.1239776611328125
image_0109.jpg,train,0.00018310546875,0.003172661643475294,0.011135321110486984,0.0,0.6459847688674927,,0.018310546875,,0.0,0.00018310546875,-0.018310546875
image_0110.jpg,val,6.4849853515625e-05,0.002530533354729414,0.009463414549827576,3.814697265625e-06,0.7087369561195374,,0.0064849853515625,,0.0,6.4849853515625e-05,-0.0064849853515625
image_0111.jpg,train,7.62939453125e-06,0.0019560023210942745,0.007189622148871422,0.0,0.5207984447479248,,0.000762939453125,,0.0,7.62939453125e-06,-0.000762939453125
image_0112.jpg,train,0.00238800048828125,0.004182717297226191,0.011503113433718681,0.000400543212890625,0.6992875933647156,,0.1995086669921875,,0.0392913818359375,0.00238800048828125,-0.238800048828125
image_0113.jpg,train,0.0016021728515625,0.007678388152271509,0.022793302312493324,1.1444091796875e-05,0.6299158334732056,,0.16021728515625,,0.0,0.0016021728515625,-0.16021728515625
image_0114.jpg,train,0.0001068115234375,0.0030224425718188286,0.01326708123087883,1.1444091796875e-05,0.6976000070571899,,0.01068115234375,,0.0,0.0001068115234375,-0.01068115234375
image_0115.jpg,train,0.000423431396484375,0.0034988373517990112,0.010486353188753128,3.814697265625e-06,0.6163867115974426,,0.0423431396484375,,0.0,0.000423431396484375,-0.0423431396484375
image_0116.jpg,test,0.00527191162109375,0.005319566465914249,0.015538141131401062,0.000469207763671875,0.7375377416610718,,0.527191162109375,,0.0,0.00527191162109375,-0.527191162109375
image_0117.jpg,train,0.000518798828125,0.0034177855122834444,0.014028823003172874,8.392333984375e-05,0.6963082551956177,,0.04119873046875,,0.01068115234375,0.000518798828125,-0.0518798828125
image_0118.jpg,train,0.0,0.0012660786742344499,0.005711197853088379,0.0,,,0.0,,0.0,0.0,0.0
image_0119.jpg,train,0.000102996826171875,0.0018696750048547983,0.006820980459451675,0.0,0.6824040412902832,,0.0102996826171875,,0.0,0.000102996826171875,-0.0102996826171875
image_0120.jpg,train,0.001922607421875,0.005189807619899511,0.015602849423885345,0.0,0.5895272493362427,,0.1922607421875,,0.0,0.001922607421875,-0.1922607421875
image_0121.jpg,train,0.00051116943359375,0.0052792695350945,0.024139512330293655,0.0,0.5998232960700989,,0.051116943359375,,0.0,0.00051116943359375,-0.051116943359375
image_0122.jpg,train,5.340576171875e-05,0.002892796415835619,0.011114483699202538,7.62939453125e-06,0.7079370021820068,,0.005340576171875,,0.0,5.340576171875e-05,-0.005340576171875
image_0123.jpg,train,0.00087738037109375,0.005866270512342453,0.023659231141209602,6.4849853515625e-05,0.6313276290893555,,0.087738037109375,,0.0,0.00087738037109375,-0.087738037109375
image_0124.jpg,train,1.52587890625e-05,0.002540202345699072,0.00993228517472744,0.0,0.6239892840385437,,0.00152587890625,,0.0,1.52587890625e-05,-0.00152587890625
image_0125.jpg,val,0.000732421875,0.004107985645532608,0.012256842106580734,0.0,0.606444776058197,,0.0732421875,,0.0,0.000732421875,-0.0732421875
image_0126.jpg,train,0.00020599365234375,0.0028870664536952972,0.009860299527645111,3.814697265625e-06,0.652967095375061,,0.020599365234375,,0.0,0.00020599365234375,-0.020599365234375
image_0127.jpg,val,0.000244140625,0.0016454034484922886,0.005861792713403702,3.814697265625e-05,0.735085129737854,,0.0244140625,,0.0,0.000244140625,-0.0244140625
image_0128.jpg,train,0.00077056884765625,0.0021792538464069366,0.007789775729179382,3.814697265625e-06,0.6579639315605164,,0.077056884765625,,0.0,0.00077056884765625,-0.077056884765625
image_0129.jpg,train,0.00240325927734375,0.004830949008464813,0.010514002293348312,7.62939453125e-05,0.657797634601593,,0.240325927734375,,0.0,0.00240325927734375,-0.240325927734375
image_0130.jpg,train,0.000152587890625,0.0021950961090624332,0.008726619184017181,0.0,0.6775481700897217,,0.0152587890625,,0.0,0.000152587890625,-0.0152587890625
image_0131.jpg,test,0.000263214111328125,0.0016757267294451594,0.006059754639863968,3.814697265625e-06,0.6913780570030212,,0.0263214111328125,,0.0,0.000263214111328125,-0.0263214111328125
image_0132.jpg,train,0.000492095947265625,0.005930677056312561,0.021677106618881226,1.9073486328125e-05,0.6235074996948242,,0.0492095947265625,,0.0,0.000492095947265625,-0.0492095947265625
image_0133.jpg,train,0.000270843505859375,0.0034771356731653214,0.011180592700839043,0.000148773193359375,0.836498498916626,,0.0030517578125,0.0,0.0240325927734375,0.000270856951829046,-0.0270843505859375
image_0134.jpg,train,0.000457763671875,0.0017128628678619862,0.004841025918722153,0.000263214111328125,0.8675945997238159,,0.006103515625,0.0,0.0396728515625,0.0004577985964715481,-0.0457763671875
image_0135.jpg,train,7.62939453125e-06,0.0015771654434502125,0.0064180511981248856,0.0,0.670824408531189,,0.000762939453125,,0.0,7.62939453125e-06,-0.000762939453125
image_0136.jpg,train,2.288818359375e-05,0.001877960516139865,0.007519911974668503,0.0,0.6155968904495239,,0.002288818359375,,0.0,2.288818359375e-05,-0.002288818359375
image_0137.jpg,train,0.005893707275390625,0.006027900148183107,0.012869708240032196,0.001331329345703125,0.7548448443412781,1.0,0.426483154296875,0.6057971119880676,-0.1567840576171875,0.004306701477617025,-0.2696990966796875
image_0138.jpg,train,4.1961669921875e-05,0.0020568235777318478,0.007757179439067841,0.0,0.5401383638381958,,0.0041961669921875,,0.0,4.1961669921875e-05,-0.0041961669921875
image_0139.jpg,train,7.62939453125e-05,0.0015384687576442957,0.006180290132761002,0.0,0.6386827230453491,,0.00762939453125,,0.0,7.62939453125e-05,-0.00762939453125
image_0140.jpg,test,0.000110626220703125,0.002743437187746167,0.008917093276977539,0.0,0.6124020218849182,,0.0110626220703125,,0.0,0.000110626220703125,-0.0110626220703125
image_0141.jpg,train,3.0517578125e-05,0.001414635917171836,0.005446460098028183,0.0,0.5828566551208496,,0.0030517578125,,0.0,3.0517578125e-05,-0.0030517578125
image_0142.jpg,train,0.0002593994140625,0.0031138502527028322,0.012490753084421158,0.0,0.6697193384170532,,0.02593994140625,,0.0,0.0002593994140625,-0.02593994140625
image_0143.jpg,train,0.000804901123046875,0.005590272601693869,0.018219327554106712,0.0,0.611687183380127,,0.0804901123046875,,0.0,0.000804901123046875,-0.0804901123046875
image_0144.jpg,train,3.814697265625e-06,0.00139394192956388,0.006587289273738861,0.0,0.7156716585159302,,0.0003814697265625,,0.0,3.814697265625e-06,-0.0003814697265625
image_0145.jpg,train,0.00067901611328125,0.0037454552948474884,0.013218788430094719,0.000438690185546875,0.8735466599464417,1.0,-0.0019073486328125,0.5900382995605469,-0.0576019287109375,4.200557668809779e-05,0.05950927734375
image_0146.jpg,train,0.000545501708984375,0.0029377653263509274,0.010087914764881134,0.0001983642578125,0.7863706946372986,,0.0545501708984375,,0.0,0.000545501708984375,-0.0545501708984375
image_0147.jpg,train,0.000194549560546875,0.0014169912319630384,0.004624210298061371,7.62939453125e-06,0.6434257626533508,,0.0194549560546875,,0.0,0.000194549560546875,-0.0194549560546875
image_0148.jpg,train,1.1444091796875e-05,0.0010146612767130136,0.003487270325422287,0.0,0.5820037722587585,,0.0011444091796875,,0.0,1.1444091796875e-05,-0.0011444091796875
image_0149.jpg,train,0.000255584716796875,0.00139423122163862,0.004560057073831558,7.62939453125e-06,0.6755213737487793,,0.0255584716796875,,0.0,0.000255584716796875,-0.0255584716796875
image_0150.jpg,train,2.6702880859375e-05,0.000736936810426414,0.0027627944946289062,0.0,0.6208788752555847,,0.0026702880859375,,0.0,2.6702880859375e-05,-0.0026702880859375
image_0151.jpg,train,0.0001373291015625,0.0015757766086608171,0.006608182564377785,1.9073486328125e-05,0.6800194382667542,,0.01373291015625,,0.0,0.0001373291015625,-0.01373291015625
image_0152.jpg,train,7.62939453125e-06,0.0005104212905280292,0.002002507448196411,0.0,0.5696714520454407,,0.000762939453125,,0.0,7.62939453125e-06,-0.000762939453125
image_0153.jpg,train,0.00026702880859375,0.0011869510635733604,0.0046209171414375305,0.0001983642578125,0.9211870431900024,0.0,0.00152587890625,0.7415730357170105,-0.025177001953125,1.526408777863253e-05,0.023651123046875
image_0154.jpg,train,1.1444091796875e-05,0.0011430771555751562,0.004340332001447678,0.0,0.6671637296676636,,0.0011444091796875,,0.0,1.1444091796875e-05,-0.0011444091796875
image_0155.jpg,train,0.00035858154296875,0.0014285151846706867,0.004791583865880966,3.4332275390625e-05,0.7387683987617493,,0.035858154296875,,0.0,0.00035858154296875,-0.035858154296875
image_0156.jpg,val,5.7220458984375e-05,0.002407641615718603,0.011374151334166527,0.0,0.6121869683265686,,0.0057220458984375,,0.0,5.7220458984375e-05,-0.0057220458984375
image_0157.jpg,train,0.000415802001953125,0.0029038721695542336,0.010019607841968536,1.1444091796875e-05,0.670616865158081,,0.0415802001953125,,0.0,0.000415802001953125,-0.0415802001953125
image_0158.jpg,train,0.00023651123046875,0.001941658090800047,0.007873158901929855,0.000133514404296875,0.8516185879707336,1.0,0.0011444091796875,0.47863247990608215,-0.0209808349609375,1.9082075596088544e-05,0.01983642578125
image_0159.jpg,train,0.000949859619140625,0.0020255367271602154,0.00605040043592453,0.000202178955078125,0.7273150086402893,1.0,0.0701904296875,0.8026315569877625,-0.0232696533203125,0.0007097448688000441,-0.0469207763671875
image_0160.jpg,train,2.6702880859375e-05,0.0007012902060523629,0.0024844221770763397,0.0,0.7041214108467102,1.0,0.0019073486328125,,0.0,2.288827090524137e-05,-0.0019073486328125
image_0161.jpg,test,6.103515625e-05,0.00116209895350039,0.004623156040906906,3.4332275390625e-05,0.8582659363746643,1.0,-0.0011444091796875,1.0,-0.0034332275390625,7.629801984876394e-06,0.00457763671875
image_0162.jpg,test,0.000324249267578125,0.001367053366266191,0.0057641491293907166,0.00026702880859375,0.9133124947547913,1.0,-0.0186920166015625,1.0,-0.002288818359375,5.723574213334359e-05,0.0209808349609375
image_0163.jpg,train,0.0005035400390625,0.002462443197146058,0.007603900507092476,4.57763671875e-05,0.7008748054504395,0.8888888955116272,0.04425048828125,,0.0,0.00047303870087489486,-0.04425048828125
image_0164.jpg,val,0.001007080078125,0.003313742345198989,0.00960223376750946,0.00037384033203125,0.7861163020133972,,0.0560760498046875,0.8239436745643616,-0.0446319580078125,0.0005610644002445042,-0.011444091796875
image_0165.jpg,train,0.000377655029296875,0.002128548687323928,0.007783036679029465,0.00018310546875,0.8296070098876953,0.6000000238418579,0.01220703125,0.7011494040489197,-0.0232696533203125,0.00013356127601582557,0.0110626220703125
image_0166.jpg,train,0.000316619873046875,0.002177417278289795,0.0072856806218624115,0.0,0.635604202747345,,0.0316619873046875,,0.0,0.000316619873046875,-0.0316619873046875
image_0167.jpg,train,0.0001068115234375,0.0014449262525886297,0.005348049104213715,0.0,0.6489594578742981,,0.01068115234375,,0.0,0.0001068115234375,-0.01068115234375
image_0168.jpg,train,0.000240325927734375,0.0022347746416926384,0.006772622466087341,1.1444091796875e-05,0.6413242816925049,,0.0240325927734375,,0.0,0.000240325927734375,-0.0240325927734375
image_0169.jpg,train,0.000461578369140625,0.001957677071914077,0.0045890845358371735,0.0001068115234375,0.7495455741882324,,0.0461578369140625,,0.0,0.000461578369140625,-0.0461578369140625
image_0170.jpg,train,2.288818359375e-05,0.00237116776406765,0.010106705129146576,0.0,0.6278380751609802,,0.002288818359375,,0.0,2.288818359375e-05,-0.002288818359375
image_0171.jpg,val,1.1444091796875e-05,0.0007739918073639274,0.0030106715857982635,0.0,0.708634078502655,,0.0011444091796875,,0.0,1.1444091796875e-05,-0.0011444091796875
image_0172.jpg,train,2.6702880859375e-05,0.001026820857077837,0.00345790758728981,0.0,0.6395552754402161,,0.0026702880859375,,0.0,2.6702880859375e-05,-0.0026702880859375
image_0173.jpg,train,1.52587890625e-05,0.0013384300982579589,0.0037213973701000214,0.0,0.5738592147827148,,0.00152587890625,,0.0,1.52587890625e-05,-0.00152587890625
image_0174.jpg,train,5.340576171875e-05,0.0009522261098027229,0.003918733447790146,0.0,0.6175504922866821,,0.005340576171875,,0.0,5.340576171875e-05,-0.005340576171875
image_0175.jpg,train,0.000865936279296875,0.0030612568370997906,0.004737265408039093,7.62939453125e-06,0.5610436201095581,,0.0865936279296875,,0.0,0.000865936279296875,-0.0865936279296875
image_0176.jpg,train,0.000484466552734375,0.0009937022114172578,0.0032584071159362793,0.000247955322265625,0.8479756116867065,1.0,-0.005340576171875,0.4034334719181061,-0.0331878662109375,4.963897299603559e-05,0.0385284423828125
image_0177.jpg,train,0.000476837158203125,0.00320911081507802,0.012706251814961433,0.00022125244140625,0.8174115419387817,1.0,0.00762939453125,0.375,-0.0331878662109375,0.00011073012865381315,0.0255584716796875
image_0178.jpg,train,0.000202178955078125,0.0010129917645826936,0.0030033402144908905,0.000118255615234375,0.8613725900650024,1.0,0.0041961669921875,0.550000011920929,-0.011444091796875,6.48654458927922e-05,0.0072479248046875
image_0179.jpg,train,0.000148773193359375,0.001246473053470254,0.004337351769208908,0.00011444091796875,0.9242467880249023,1.0,-0.002288818359375,1.0,-0.0110626220703125,7.630471372976899e-06,0.0133514404296875
image_0180.jpg,train,0.000461578369140625,0.0013237433740869164,0.005144126713275909,0.000335693359375,0.9135621786117554,1.0,-0.0019073486328125,0.6153846383094788,-0.038909912109375,2.672112714208197e-05,0.0408172607421875
image_0181.jpg,val,0.000232696533203125,0.0009303867118433118,0.0035048574209213257,0.00018310546875,0.9104090929031372,1.0,0.000762939453125,1.0,-0.0156402587890625,4.19696734752506e-05,0.0148773193359375
image_0182.jpg,train,0.00167083740234375,0.00336517789401114,0.007511697709560394,3.0517578125e-05,0.6644018292427063,0.12403951585292816,-0.005340576171875,,0.0,0.0008143760496750474,0.005340576171875
image_0183.jpg,train,0.001079559326171875,0.0038737445138394833,0.012013016268610954,0.000118255615234375,0.6474084258079529,1.0,0.0850677490234375,0.5,-0.01373291015625,0.0008967412286438048,-0.0713348388671875
image_0184.jpg,train,0.00011444091796875,0.0010705474996939301,0.004603207111358643,8.0108642578125e-05,0.9134977459907532,1.0,0.000762939453125,0.5581395626068115,-0.0091552734375,1.5261408407241106e-05,0.008392333984375
image_0185.jpg,val,0.00189971923828125,0.0023627602495253086,0.006115119904279709,0.0002288818359375,0.7710154056549072,1.0,0.150299072265625,0.9714285731315613,-0.012969970703125,0.0016369422664865851,-0.1373291015625
image_0186.jpg,test,0.00030517578125,0.0015981934266164899,0.0047736987471580505,0.000247955322265625,0.9224522709846497,1.0,0.002288818359375,1.0,-0.0213623046875,5.7234650739701465e-05,0.019073486328125
image_0187.jpg,train,3.0517578125e-05,0.0012663818197324872,0.005470022559165955,0.0,0.5874422192573547,,0.0030517578125,,0.0,3.0517578125e-05,-0.0030517578125
image_0188.jpg,train,1.9073486328125e-05,0.002181424293667078,0.008377015590667725,0.0,0.6474593281745911,,0.0019073486328125,,0.0,1.9073486328125e-05,-0.0019073486328125
image_0189.jpg,test,7.62939453125e-05,0.00210386561229825,0.0068819522857666016,0.0,0.6767592430114746,,0.00762939453125,,0.0,7.62939453125e-05,-0.00762939453125
image_0190.jpg,train,0.00511932373046875,0.0035882126539945602,0.002855103462934494,0.00106048583984375,0.7505595088005066,0.1882493942975998,0.032806396484375,,0.0,0.0027588019147515297,-0.032806396484375
image_0191.jpg,train,0.013309478759765625,0.012457961216568947,0.05536875128746033,0.001621246337890625,0.7174228429794312,0.12003538012504578,-0.7396697998046875,,0.0,0.0032354488503187895,0.7396697998046875
image_0192.jpg,train,0.02216339111328125,0.02448061667382717,0.18713927268981934,0.002498626708984375,0.7110646367073059,0.11929551512002945,-0.589752197265625,,0.0,0.00921694841235876,0.589752197265625
image_0193.jpg,train,0.036861419677734375,0.03424165025353432,0.2595714330673218,0.005584716796875,0.7275257110595703,0.07575855404138565,0.1087188720703125,,0.0,0.024838950484991074,-0.1087188720703125
image_0194.jpg,train,0.00785064697265625,0.010144563391804695,0.034949418157339096,0.000690460205078125,0.6920986175537109,0.031025132164359093,0.33111572265625,,0.0,0.006021418608725071,-0.33111572265625
image_0195.jpg,train,0.014980316162109375,0.017617100849747658,0.11636850982904434,0.000988006591796875,0.7048146724700928,0.06877699494361877,0.7205963134765625,,0.0,0.011757666245102882,-0.7205963134765625
image_0196.jpg,train,0.004730224609375,0.0049973600544035435,0.0057458579540252686,0.001338958740234375,0.7586795091629028,0.2959520220756531,-0.2899169921875,0.1666666716337204,0.0,0.0009276043274439871,0.2899169921875
image_0197.jpg,train,0.0036163330078125,0.0006708373548462987,0.001261889934539795,0.002223968505859375,0.903794527053833,1.0,-0.36163330078125,,0.0,0.0,0.36163330078125
image_0198.jpg,val,0.0,0.00011602434096857905,0.00048220157623291016,0.0,,,0.0,,0.0,0.0,0.0
image_0199.jpg,train,2.288818359375e-05,7.409551471937448e-05,0.00024145841598510742,3.814697265625e-06,0.7866249084472656,1.0,-0.002288818359375,,0.0,0.0,0.002288818359375
image_0200.jpg,val,7.62939453125e-06,3.102967457380146e-05,7.1745365858078e-05,7.62939453125e-06,0.9831604957580566,1.0,-0.000762939453125,,0.0,0.0,0.000762939453125
image_0201.jpg,test,3.814697265625e-05,0.0002539969573263079,0.0007916092872619629,2.288818359375e-05,0.8626368641853333,1.0,-0.0003814697265625,0.6428571343421936,-0.0034332275390625,0.0,0.003814697265625
image_0202.jpg,train,0.000278472900390625,0.0014120228588581085,0.0015137698501348495,1.1444091796875e-05,0.6450021266937256,1.0,0.0080108642578125,0.15730337798595428,0.0,0.00017935987852979451,-0.0080108642578125
image_0203.jpg,train,1.1444091796875e-05,9.161139314528555e-05,0.0002886466681957245,7.62939453125e-06,0.8763167262077332,1.0,-0.000762939453125,1.0,-0.0003814697265625,0.0,0.0011444091796875
image_0204.jpg,val,0.001773834228515625,0.0003774254582822323,0.00036597251892089844,0.001392364501953125,0.9201789498329163,1.0,-0.1682281494140625,0.14788731932640076,-0.006866455078125,1.1469599485280924e-05,0.1750946044921875
image_0205.jpg,test,0.001373291015625,0.0006213956512510777,0.0004066638648509979,0.000335693359375,0.8223232626914978,1.0,-0.13427734375,1.0,0.002288818359375,2.673888775461819e-05,0.131988525390625
image_0206.jpg,train,0.004032135009765625,0.0070170508697628975,0.01723192073404789,0.000164031982421875,0.6896625757217407,0.009708737954497337,0.3971099853515625,,0.0,0.004014235455542803,-0.3971099853515625
image_0207.jpg,train,0.001613616943359375,0.0021837279200553894,0.005024176090955734,0.0,0.6621240377426147,,0.1613616943359375,,0.0,0.001613616943359375,-0.1613616943359375
image_0208.jpg,train,0.041088104248046875,0.037610214203596115,0.2686160206794739,0.006107330322265625,0.7289971113204956,0.0958947092294693,-1.2554168701171875,,0.0,0.01980680413544178,1.2554168701171875
image_0209.jpg,train,3.814697265625e-06,5.2446001063799486e-05,0.00017575547099113464,0.0,0.6346083283424377,1.0,-0.0003814697265625,,0.0,0.0,0.0003814697265625
image_0210.jpg,train,0.00557708740234375,0.004854149650782347,0.00499870628118515,0.000823974609375,0.7391987442970276,0.2868303656578064,-0.42266845703125,,0.0,0.0006869411445222795,0.42266845703125
image_0211.jpg,train,0.004146575927734375,0.005304735619574785,0.007305089384317398,0.0005340576171875,0.714478075504303,0.20639465749263763,-0.2452850341796875,,0.0,0.0008606219198554754,0.2452850341796875
image_0212.jpg,train,0.04630279541015625,0.046197302639484406,0.29569005966186523,0.00653839111328125,0.7317528128623962,0.04329299554228783,0.560760498046875,,0.0,0.048971835523843765,-0.560760498046875
image_0213.jpg,train,0.049350738525390625,0.042513877153396606,0.2931879758834839,0.0048980712890625,0.7263598442077637,0.08068642020225525,2.7935028076171875,,0.0,0.044555868953466415,-2.7935028076171875
image_0214.jpg,train,0.034885406494140625,0.0431845486164093,0.2935875654220581,0.0033416748046875,0.7004711627960205,0.08421861380338669,-0.8602142333984375,,0.0,0.01771545223891735,0.8602142333984375
image_0215.jpg,train,3.814697265625e-06,7.494039891753346e-05,0.0002472996711730957,0.0,0.7364253401756287,1.0,-0.0003814697265625,,0.0,0.0,0.0003814697265625
image_0216.jpg,test,0.004711151123046875,0.005113341845571995,0.006102144718170166,0.000751495361328125,0.7263703346252441,0.035171229392290115,0.2681732177734375,,0.0,0.0038062541279941797,-0.2681732177734375
image_0217.jpg,train,0.03997039794921875,0.03552576154470444,0.27615824341773987,0.004535675048828125,0.7145932912826538,0.17500752210617065,1.779937744140625,,0.0,0.03083827905356884,-1.779937744140625
image_0218.jpg,train,0.05431365966796875,0.05973752215504646,0.3443682789802551,0.00495147705078125,0.7113136649131775,0.1978803277015686,3.180694580078125,,0.0,0.045656781643629074,-3.180694580078125
image_0219.jpg,train,3.814697265625e-06,8.80107909324579e-05,0.00017684698104858398,0.0,0.6449950933456421,0.5,-0.0003814697265625,,0.0,0.0,0.0003814697265625
image_0220.jpg,val,3.814697265625e-06,0.0001011939748423174,0.00038492679595947266,0.0,0.8460452556610107,1.0,-0.0003814697265625,,0.0,0.0,0.0003814697265625
image_0221.jpg,train,0.0,6.93280017003417e-05,0.0002421736717224121,0.0,,,0.0,,0.0,0.0,0.0
image_0222.jpg,train,0.0,0.00021885553724132478,0.0004273056983947754,0.0,,,0.0,,0.0,0.0,0.0
image_0223.jpg,train,0.0,0.00017517665401101112,0.0007844977080821991,0.0,,,0.0,,0.0,0.0,0.0
image_0224.jpg,train,0.08182907104492188,0.0774788185954094,0.38466131687164307,0.006561279296875,0.7127799987792969,0.052032168954610825,5.0632476806640625,,0.0,0.09458591043949127,-5.0632476806640625
image_0225.jpg,train,0.10454559326171875,0.09764189273118973,0.40928754210472107,0.013561248779296875,0.7252042889595032,0.07356560975313187,3.659820556640625,,0.0,0.1311294138431549,-3.659820556640625
image_0226.jpg,train,0.07133865356445312,0.07883040606975555,0.38207101821899414,0.006683349609375,0.7068682312965393,0.08697205781936646,-0.4795074462890625,,0.0,0.05916991084814072,0.4795074462890625
image_0227.jpg,train,0.06900787353515625,0.07706095278263092,0.3856448233127594,0.0079498291015625,0.7065688967704773,0.05072550103068352,1.71051025390625,,0.0,0.08815902471542358,-1.71051025390625
image_0228.jpg,train,0.07096099853515625,0.06680814921855927,0.3644961714744568,0.006366729736328125,0.7226110696792603,0.04857713356614113,4.25567626953125,,0.0,0.08020894229412079,-4.25567626953125
image_0229.jpg,train,0.0,0.0002737067698035389,0.0009286403656005859,0.0,,,0.0,,0.0,0.0,0.0
image_0230.jpg,val,0.057949066162109375,0.05882302671670914,0.3481769561767578,0.00711822509765625,0.7220816612243652,0.1259845495223999,0.8281707763671875,,0.0,0.041245587170124054,-0.8281707763671875
image_0231.jpg,train,0.00115966796875,0.001378429587930441,0.0018454007804393768,0.0,0.6432547569274902,,0.115966796875,,0.0,0.00115966796875,-0.115966796875
image_0232.jpg,test,0.07970046997070312,0.05945713073015213,0.3512779474258423,0.010280609130859375,0.7373813390731812,0.13007114827632904,3.435516357421875,1.0,-0.0019073486328125,0.06905074417591095,-3.4336090087890625
image_0233.jpg,train,0.008625030517578125,0.008052821271121502,0.018478237092494965,0.0020751953125,0.7551104426383972,0.14686720073223114,-0.7541656494140625,,0.0,0.0005732370773330331,0.7541656494140625
image_0234.jpg,train,0.02529144287109375,0.0319291353225708,0.2362615466117859,0.002292633056640625,0.6957542896270752,0.04034513607621193,-0.4425048828125,,0.0,0.016515500843524933,0.4425048828125
image_0235.jpg,train,0.052978515625,0.05072970688343048,0.32725319266319275,0.007419586181640625,0.7225869297981262,0.03208364173769951,-0.5084991455078125,0.15783394873142242,-0.11138916015625,0.18765781819820404,0.6198883056640625
image_0236.jpg,train,0.009052276611328125,0.005589392967522144,0.00564342737197876,0.00335693359375,0.801982045173645,0.6666666865348816,-0.0003814697265625,0.2716164290904999,-0.6561279296875,0.0012803795980289578,0.6565093994140625
image_0237.jpg,train,0.00775146484375,0.005002432968467474,0.005183909088373184,0.00267791748046875,0.7940880656242371,0.6666666865348816,0.0003814697265625,0.2600643038749695,-0.543975830078125,0.0011856036726385355,0.5435943603515625
image_0238.jpg,train,0.00634002685546875,0.004126143641769886,0.0030367597937583923,0.00251007080078125,0.8082112669944763,0.800000011920929,-0.000762939453125,0.285897433757782,-0.38909912109375,0.0012429163325577974,0.389862060546875
image_0239.jpg,train,0.007839202880859375,0.0055465418845415115,0.007344529032707214,0.002643585205078125,0.7902902960777283,0.9090909361839294,-0.003814697265625,0.23794668912887573,-0.5001068115234375,0.0014387586852535605,0.5039215087890625
image_0240.jpg,val,0.005252838134765625,0.004208811558783054,0.0033659599721431732,0.0016021728515625,0.7735572457313538,0.0,0.000762939453125,0.19537431001663208,-0.2101898193359375,0.0016095609171316028,0.2094268798828125
image_0241.jpg,test,0.01087188720703125,0.007561087608337402,0.017190201207995415,0.003665924072265625,0.7894915342330933,0.8679245114326477,-0.0164031982421875,0.2381369173526764,-0.7999420166015625,0.0014098099200055003,0.81634521484375
image_0242.jpg,train,0.11582565307617188,0.09287522733211517,0.40609845519065857,0.020717620849609375,0.7429969310760498,0.1255902647972107,0.603485107421875,0.16421101987361908,-0.24261474609375,0.10579443722963333,-0.360870361328125
image_0243.jpg,train,0.03829193115234375,0.026186881586909294,0.21363811194896698,0.0078277587890625,0.7583077549934387,0.46464911103248596,-2.4570465087890625,0.2047126591205597,-0.60882568359375,0.004186443984508514,3.0658721923828125
image_0244.jpg,train,0.015636444091796875,0.010987253859639168,0.03641696274280548,0.00299072265625,0.7593109607696533,0.8333333134651184,0.7106781005859375,0.21603243052959442,-0.4150390625,0.009576203301548958,-0.2956390380859375
image_0245.jpg,train,0.011753082275390625,0.005866180639714003,0.011222980916500092,0.006397247314453125,0.8581148982048035,0.5970938205718994,-0.5092620849609375,0.3222576379776001,-0.4299163818359375,0.0012094927951693535,0.939178466796875
image_0246.jpg,train,0.004180908203125,0.002650316571816802,0.0006659440696239471,0.001560211181640625,0.8004608154296875,1.0,-0.0003814697265625,0.29797080159187317,-0.2216339111328125,0.0009910038206726313,0.222015380859375
image_0247.jpg,train,0.00237274169921875,0.0037701562978327274,0.008276132866740227,0.001132965087890625,0.8308629393577576,0.9444444179534912,-0.0049591064453125,0.36288660764694214,-0.1735687255859375,0.000295391510007903,0.17852783203125
image_0248.jpg,train,0.005218505859375,0.005318795330822468,0.0057259202003479,0.001354217529296875,0.7531233429908752,0.06356487423181534,0.0762939453125,0.2816733121871948,-0.1674652099609375,0.0021851318888366222,0.0911712646484375
image_0249.jpg,train,0.004909515380859375,0.007048487197607756,0.022145332768559456,0.001094818115234375,0.7524887323379517,0.3386601209640503,-0.1220703125,0.2805810272693634,-0.0873565673828125,0.0014235617127269506,0.2094268798828125
image_0250.jpg,test,0.001522064208984375,0.001161050982773304,0.0012069754302501678,0.00058746337890625,0.7965788245201111,1.0,0.00152587890625,0.3405114412307739,-0.0431060791015625,0.0005547054461203516,0.0415802001953125
image_0251.jpg,train,0.00240325927734375,0.0018497426062822342,0.0022997260093688965,0.00084686279296875,0.7911376953125,1.0,-0.0034332275390625,0.2524334788322449,-0.0644683837890625,0.0008672694093547761,0.067901611328125
image_0252.jpg,test,0.000934600830078125,0.0011871596798300743,0.002629324793815613,0.000324249267578125,0.7956700921058655,0.5,-0.0003814697265625,0.2606557309627533,-0.028228759765625,0.0003250080335419625,0.0286102294921875
image_0253.jpg,train,0.00074005126953125,0.000502296956256032,8.940696716308594e-06,0.000286102294921875,0.8082835078239441,0.00043964278302155435,-0.01373291015625,,0.0,0.13908450305461884,0.01373291015625
image_0254.jpg,val,0.0004730224609375,0.0002757794572971761,4.589557647705078e-05,0.000232696533203125,0.831908643245697,0.00022518310288432986,0.002288818359375,,0.0,0.48148149251937866,-0.002288818359375
image_0255.jpg,train,0.008914947509765625,0.003550365101546049,0.0020241141319274902,0.004741668701171875,0.8506090641021729,0.0003982846683356911,0.7843017578125,0.08633093535900116,0.04425048828125,0.6542991995811462,-0.82855224609375
image_0256.jpg,train,0.013946533203125,0.006001771427690983,0.006565198302268982,0.00582122802734375,0.8244912028312683,0.003903491422533989,0.62713623046875,,0.0,0.5987347364425659,-0.62713623046875
image_0257.jpg,train,0.027629852294921875,0.035470038652420044,0.26572686433792114,0.0023651123046875,0.6843966245651245,0.01836252212524414,1.5018463134765625,0.021436624228954315,-0.8335113525390625,0.16896826028823853,-0.6683349609375
image_0258.jpg,train,0.037288665771484375,0.03888833895325661,0.2875332534313202,0.0043487548828125,0.7056323289871216,0.01113696675747633,2.7317047119140625,0.03960442170500755,-1.850128173828125,0.20497362315654755,-0.8815765380859375
image_0259.jpg,train,0.03546905517578125,0.04760950058698654,0.3243006765842438,0.002407073974609375,0.6680320501327515,0.05258956924080849,1.024627685546875,0.019448289647698402,-0.688934326171875,0.09842339158058167,-0.335693359375
image_0260.jpg,test,0.058917999267578125,0.06878165155649185,0.392208069562912,0.004314422607421875,0.6726683974266052,0.12142857164144516,-0.246429443359375,0.0196517426520586,0.247955322265625,0.07433848828077316,-0.00152587890625
image_0261.jpg,val,0.06598281860351562,0.06771370768547058,0.3853616416454315,0.006824493408203125,0.6960372924804688,0.08526627719402313,0.925445556640625,0.015570079907774925,0.6214141845703125,0.1137983649969101,-1.5468597412109375
image_0262.jpg,train,0.060405731201171875,0.06729966402053833,0.38341203331947327,0.005222320556640625,0.6871011853218079,0.0712503045797348,2.6363372802734375,0.01483183354139328,-0.4547119140625,0.15369455516338348,-2.1816253662109375
image_0263.jpg,val,0.040435791015625,0.05109645426273346,0.3446388244628906,0.002956390380859375,0.6704199910163879,0.07367758452892303,0.5062103271484375,0.021794747561216354,-0.6221771240234375,0.05548820272088051,0.115966796875
image_0264.jpg,train,0.056056976318359375,0.06488349288702011,0.38178861141204834,0.0043792724609375,0.6759006977081299,0.1369083821773529,-0.1598358154296875,0.015424424782395363,0.7656097412109375,0.05517338961362839,-0.60577392578125
image_0265.jpg,train,0.02231597900390625,0.029141467064619064,0.22835010290145874,0.002044677734375,0.687658965587616,0.007790388073772192,1.361846923828125,0.0329948365688324,-1.0265350341796875,0.4983258843421936,-0.3353118896484375
image_0266.jpg,test,0.05866241455078125,0.06450305879116058,0.3832271695137024,0.00557708740234375,0.684207022190094,0.12073886394500732,1.285552978515625,0.0188246238976717,0.594329833984375,0.07073305547237396,-1.8798828125
image_0267.jpg,train,0.0689849853515625,0.06755400449037552,0.38763758540153503,0.0101470947265625,0.7052819728851318,0.16428719460964203,-0.5992889404296875,0.018913377076387405,1.0303497314453125,0.07138065248727798,-0.431060791015625
image_0268.jpg,train,0.05792236328125,0.049447476863861084,0.31261757016181946,0.014301300048828125,0.7622478604316711,0.003853625850751996,5.60760498046875,0.05749718099832535,-0.0080108642578125,0.07503312826156616,-5.5995941162109375
image_0269.jpg,train,0.07164382934570312,0.05559368431568146,0.3343923091888428,0.02154541015625,0.7774196863174438,0.007681369315832853,6.67266845703125,0.026682134717702866,0.0652313232421875,0.09980292618274689,-6.7378997802734375
image_0270.jpg,train,0.12695693969726562,0.09682846814393997,0.41955459117889404,0.023082733154296875,0.7390643358230591,0.1145479753613472,9.55047607421875,0.004244216252118349,0.2445220947265625,0.14674365520477295,-9.794998168945312
image_0271.jpg,train,0.004596710205078125,0.00444761710241437,0.007087454199790955,0.001216888427734375,0.7652751207351685,0.001954820239916444,0.070953369140625,0.34375,0.0049591064453125,0.3959537446498871,-0.0759124755859375
image_0272.jpg,train,0.00231170654296875,0.0028199045918881893,0.0032220929861068726,0.000438690185546875,0.7427725195884705,0.0015225427923724055,-0.075531005859375,0.7179487347602844,-0.0102996826171875,0.13338245451450348,0.0858306884765625
image_0273.jpg,train,0.00926971435546875,0.01041022315621376,0.03772657737135887,0.00116729736328125,0.7167069911956787,0.005637891124933958,-0.17852783203125,0.5490196347236633,-0.0080108642578125,0.18752460181713104,0.1865386962890625
image_0274.jpg,train,0.005199432373046875,0.004784194752573967,0.005684737116098404,0.00106048583984375,0.7467185258865356,0.003555922070518136,-0.18463134765625,0.625,-0.0026702880859375,0.16790316998958588,0.1873016357421875
image_0275.jpg,train,0.059925079345703125,0.056888043880462646,0.34543436765670776,0.0087890625,0.7234671711921692,0.05939910188317299,-3.8787841796875,0.16499125957489014,-0.0522613525390625,0.05141602084040642,3.9310455322265625
image_0276.jpg,test,0.07432174682617188,0.0703425407409668,0.3726310729980469,0.010417938232421875,0.7255997061729431,0.07625120133161545,-5.1250457763671875,0.1606425642967224,0.02288818359375,0.06201060116291046,5.1021575927734375
image_0277.jpg,val,0.100311279296875,0.08597012609243393,0.39636898040771484,0.01622772216796875,0.7335873246192932,0.12111449241638184,-8.066177368164062,0.14604339003562927,-0.02899169921875,0.035804010927677155,8.095169067382812
image_0278.jpg,val,0.08040237426757812,0.07278089225292206,0.3759506046772003,0.013729095458984375,0.7356917262077332,0.09463299810886383,-5.987548828125,0.19326241314411163,-0.06561279296875,0.0366823785007,6.05316162109375
image_0279.jpg,train,0.09586334228515625,0.08204372972249985,0.39427971839904785,0.01636505126953125,0.7351168990135193,0.11765463650226593,-7.4733734130859375,0.16981826722621918,-0.3078460693359375,0.027035407721996307,7.781219482421875
image_0280.jpg,train,0.06494522094726562,0.06552291661500931,0.36518415808677673,0.0091094970703125,0.7183446884155273,0.06526033580303192,-4.401397705078125,0.189010351896286,-0.2880096435546875,0.04229879379272461,4.6894073486328125
image_0281.jpg,train,0.000457763671875,0.0004262506263330579,0.00017130374908447266,0.000164031982421875,0.7776229977607727,0.0002900907420553267,-0.01220703125,1.0,-0.0003814697265625,0.2709677517414093,0.0125885009765625
image_0282.jpg,test,0.000274658203125,7.154556806199253e-05,4.76837158203125e-07,0.00017547607421875,0.8896110653877258,4.579278902383521e-05,0.018310546875,1.0,-0.0003814697265625,0.6344085931777954,-0.0179290771484375
image_0283.jpg,val,4.57763671875e-05,1.0840038157766685e-05,4.76837158203125e-07,3.0517578125e-05,0.8920197486877441,0.0,0.00457763671875,1.0,-0.000762939453125,0.9090909361839294,-0.003814697265625
image_0284.jpg,train,0.000141143798828125,0.00014765607193112373,0.0,1.52587890625e-05,0.7651723027229309,0.00010683312575565651,-0.0072479248046875,,0.0,0.16981132328510284,0.0072479248046875
image_0285.jpg,train,7.2479248046875e-05,3.155386366415769e-05,0.0,1.9073486328125e-05,0.7525989413261414,0.0,0.0072479248046875,,0.0,0.35185185074806213,-0.0072479248046875
image_0286.jpg,train,0.004077911376953125,0.0010584171395748854,0.0001742057502269745,0.0026397705078125,0.8912162184715271,4.2202023905701935e-05,0.3993988037109375,,0.0,0.7086403369903564,-0.3993988037109375
image_0287.jpg,train,0.002742767333984375,0.001091312151402235,9.167194366455078e-05,0.0013427734375,0.8408371210098267,8.813915337668732e-05,0.2567291259765625,,0.0,0.5834031701087952,-0.2567291259765625
image_0288.jpg,train,0.00112152099609375,0.00020916832727380097,1.0609626770019531e-05,0.00083160400390625,0.9129723310470581,3.820132860710146e-06,0.11138916015625,,0.0,0.7855227589607239,-0.11138916015625
image_0289.jpg,train,0.034610748291015625,0.04527027904987335,0.29632705450057983,0.00377655029296875,0.7005825638771057,0.1319257766008377,0.839996337890625,0.05561966449022293,0.02288818359375,0.0240786075592041,-0.862884521484375
image_0290.jpg,test,0.06395339965820312,0.06723134964704514,0.37369993329048157,0.007175445556640625,0.7073692083358765,0.15522508323192596,2.6302337646484375,0.04232301190495491,-0.0640869140625,0.05455058068037033,-2.5661468505859375
image_0291.jpg,train,0.0764312744140625,0.07495471835136414,0.391241192817688,0.00925445556640625,0.7115765810012817,0.27127575874328613,-0.6626129150390625,0.045204419642686844,-0.2277374267578125,0.04344366863369942,0.890350341796875
image_0292.jpg,test,0.11603164672851562,0.10203535109758377,0.42684173583984375,0.01212310791015625,0.709191083908081,0.2172514647245407,0.2857208251953125,0.07670682668685913,-0.3528594970703125,0.08343728631734848,0.067138671875
image_0293.jpg,train,0.051860809326171875,0.06321363151073456,0.3673977851867676,0.002872467041015625,0.6797467470169067,0.14633576571941376,0.4978179931640625,0.06333652883768082,-0.348663330078125,0.032913938164711,-0.1491546630859375
image_0294.jpg,train,0.0654144287109375,0.06517454981803894,0.3696373403072357,0.007396697998046875,0.7108847498893738,0.11542144417762756,2.4646759033203125,0.04746059700846672,-0.055694580078125,0.05528319999575615,-2.4089813232421875
image_0295.jpg,train,0.05623626708984375,0.06922109425067902,0.3773285448551178,0.003875732421875,0.6881507635116577,0.08958937227725983,0.72021484375,0.07470288872718811,-0.2788543701171875,0.04283039644360542,-0.4413604736328125
image_0296.jpg,train,0.06263351440429688,0.06961556524038315,0.37178513407707214,0.00641632080078125,0.7035474181175232,0.14482131600379944,-1.319122314453125,0.0967675969004631,-0.0926971435546875,0.03273635730147362,1.4118194580078125
image_0297.jpg,val,0.0243988037109375,0.03002147376537323,0.2122260332107544,0.001873016357421875,0.6985873579978943,0.6827515363693237,1.8367767333984375,0.10537482053041458,-0.0152587890625,0.021489398553967476,-1.8215179443359375
image_0298.jpg,train,0.066314697265625,0.06413893401622772,0.3590109050273895,0.010669708251953125,0.7270729541778564,0.506382167339325,1.7879486083984375,0.06914893537759781,0.1018524169921875,0.046716079115867615,-1.889801025390625
image_0299.jpg,train,0.000247955322265625,0.00016615029016975313,6.794929504394531e-06,0.000102996826171875,0.8107679486274719,0.0,0.0247955322265625,,0.0,0.39393940567970276,-0.0247955322265625
image_0300.jpg,train,0.00084686279296875,0.0006865792674943805,7.295608520507812e-05,0.00016021728515625,0.7662329077720642,0.0006687301793135703,-0.048828125,,0.0,0.10352423042058945,0.048828125
image_0301.jpg,val,0.00091552734375,0.0005688154487870634,0.00021175667643547058,0.00038909912109375,0.8245165944099426,0.00018342523253522813,0.054931640625,,0.0,0.42013129591941833,-0.054931640625
image_0302.jpg,val,0.001277923583984375,0.0012738790828734636,0.00038868188858032227,0.000431060791015625,0.7873268127441406,0.000542848720215261,0.0194549560546875,,0.0,0.3440285325050354,-0.0194549560546875
image_0303.jpg,train,0.001312255859375,0.0007823759806342423,0.00016295909881591797,0.00038909912109375,0.795697033405304,0.0008939623367041349,-0.04730224609375,,0.0,0.2835051417350769,0.04730224609375
image_0304.jpg,train,0.001430511474609375,0.0007194122881628573,1.0609626770019531e-05,0.00045013427734375,0.7905566096305847,0.001256482908502221,-0.1079559326171875,,0.0,0.15231788158416748,0.1079559326171875
image_0305.jpg,test,0.0008544921875,0.0004078921629115939,1.0251998901367188e-05,0.00041961669921875,0.8341235518455505,0.0005042055272497237,-0.0152587890625,,0.0,0.2658959627151489,0.0152587890625
image_0306.jpg,test,0.0007781982421875,0.00021740869851782918,1.6689300537109375e-05,0.00045013427734375,0.8663443326950073,7.257448305608705e-05,0.063323974609375,,0.0,0.5377907156944275,-0.063323974609375
image_0307.jpg,test,0.000865936279296875,0.0006029920186847448,3.838539123535156e-05,0.000335693359375,0.8041478395462036,0.0005157002015039325,-0.0164031982421875,,0.0,0.2527472674846649,0.0164031982421875
image_0308.jpg,train,0.00152587890625,0.000749686558265239,8.821487426757812e-06,0.000423431396484375,0.7877410054206848,0.00013391028915066272,0.125885009765625,,0.0,0.47096773982048035,-0.125885009765625
image_0309.jpg,train,0.000885009765625,0.000337663252139464,1.5497207641601562e-06,0.000415802001953125,0.8274751901626587,7.264274609042332e-05,0.074005126953125,,0.0,0.3610169589519501,-0.074005126953125
image_0310.jpg,train,0.003650665283203125,0.001586163998581469,5.219504237174988e-05,0.00157928466796875,0.8248064517974854,0.00030800385866314173,0.3040313720703125,,0.0,0.3643539547920227,-0.3040313720703125
image_0311.jpg,train,0.00548553466796875,0.0025245011784136295,0.0002274923026561737,0.00250244140625,0.8309154510498047,0.00039458260289393365,0.470733642578125,,0.0,0.3667307198047638,-0.470733642578125
image_0312.jpg,train,0.000347137451171875,0.00012771532055921853,3.5762786865234375e-07,0.00019073486328125,0.8530879020690918,3.818469849647954e-05,0.0270843505859375,,0.0,0.31274130940437317,-0.0270843505859375
image_0313.jpg,test,0.00037384033203125,0.00010059642954729497,4.76837158203125e-07,0.000244140625,0.8863973617553711,0.0,0.037384033203125,,0.0,0.4974619150161743,-0.037384033203125
image_0314.jpg,train,0.002162933349609375,0.0008509233593940735,7.152557373046875e-06,0.00113677978515625,0.8521788716316223,0.00014945105067454278,0.1865386962890625,,0.0,0.44407063722610474,-0.1865386962890625
image_0315.jpg,train,0.000797271728515625,8.555853855796158e-05,8.344650268554688e-07,0.000640869140625,0.9424673318862915,0.0,0.0797271728515625,,0.0,0.6875,-0.0797271728515625
image_0316.jpg,train,0.000362396240234375,0.0001868238759925589,3.5762786865234375e-07,0.0001678466796875,0.8362613320350647,1.5274987163138576e-05,0.0331878662109375,,0.0,0.3273381292819977,-0.0331878662109375
image_0317.jpg,train,0.00182342529296875,0.0008780230418778956,7.987022399902344e-06,0.000858306884765625,0.8332175612449646,0.0007546099950559437,0.03204345703125,,0.0,0.25970426201820374,-0.03204345703125
image_0318.jpg,train,0.00107574462890625,0.00036243186332285404,5.960464477539062e-07,0.0006103515625,0.8679256439208984,2.67668001470156e-05,0.10223388671875,,0.0,0.4392971098423004,-0.10223388671875
image_0319.jpg,train,3.4332275390625e-05,5.9653717471519485e-05,9.5367431640625e-07,7.62939453125e-06,0.7448662519454956,2.6703084586188197e-05,-0.0019073486328125,,0.0,1.0,0.0019073486328125
image_0320.jpg,train,0.001506805419921875,0.0018136120634153485,0.0013518743216991425,0.000263214111328125,0.7319778203964233,0.0007306138868443668,0.0049591064453125,,0.0,0.28333333134651184,-0.0049591064453125
image_0321.jpg,train,0.000408172607421875,8.365511894226074e-05,1.6689300537109375e-06,0.000301361083984375,0.9106387495994568,0.0,0.0408172607421875,1.0,-0.0003814697265625,0.6385542154312134,-0.040435791015625
image_0322.jpg,train,6.103515625e-05,3.6568730138242245e-05,5.960464477539062e-07,3.0517578125e-05,0.816417932510376,1.5263098248397e-05,0.0030517578125,1.0,-0.002288818359375,0.0882352963089943,-0.000762939453125
image_0323.jpg,train,0.001140594482421875,0.0004085758118890226,7.152557373046875e-07,0.000545501708984375,0.8379479050636292,3.0602332117268816e-05,0.1079559326171875,0.05263157933950424,0.0026702880859375,0.4101838767528534,-0.110626220703125
image_0324.jpg,val,0.001190185546875,0.00025418659788556397,4.0531158447265625e-06,0.000823974609375,0.9004420638084412,0.00011459041706984863,0.09613037109375,,0.0,0.8245614171028137,-0.09613037109375
image_0325.jpg,train,0.00119781494140625,0.0012315588537603617,0.0005117468535900116,0.00026702880859375,0.7483659386634827,0.00046636443585157394,0.026702880859375,,0.0,0.35164836049079895,-0.026702880859375
image_0326.jpg,train,0.001255035400390625,0.0004948669229634106,2.7418136596679688e-06,0.000606536865234375,0.8505032062530518,3.450642543612048e-05,0.1186370849609375,0.0,0.002288818359375,0.24297645688056946,-0.1209259033203125
image_0327.jpg,val,0.00020599365234375,2.309752971996204e-06,0.0,0.00020599365234375,0.9975078701972961,0.0,0.020599365234375,,0.0,1.0,-0.020599365234375
image_0328.jpg,train,0.001239776611328125,0.00028364782338030636,2.384185791015625e-06,0.000850677490234375,0.9021634459495544,3.821256996161537e-06,0.1232147216796875,,0.0,0.7200000286102295,-0.1232147216796875
image_0329.jpg,train,0.001537322998046875,0.00034267245791852474,7.152557373046875e-07,0.001041412353515625,0.9050906300544739,0.00011477542284410447,0.1308441162109375,,0.0,0.48821988701820374,-0.1308441162109375
image_0330.jpg,train,0.000591278076171875,0.00038904795655980706,0.00010526180267333984,0.000324249267578125,0.851234495639801,0.000591278076171875,-0.0591278076171875,,0.0,,0.0591278076171875
image_0331.jpg,train,0.000286102294921875,0.00013483248767443,1.3828277587890625e-05,0.000152587890625,0.8487028479576111,0.000286102294921875,-0.0286102294921875,,0.0,,0.0286102294921875
image_0332.jpg,train,0.000186920166015625,0.0001326832571066916,1.3709068298339844e-05,7.62939453125e-05,0.8171120882034302,6.105961074354127e-05,0.0064849853515625,0.0,0.0026702880859375,0.4124999940395355,-0.0091552734375
image_0333.jpg,train,0.000244140625,9.421681170351803e-05,1.2516975402832031e-05,0.00014495849609375,0.8780060410499573,8.776883623795584e-05,0.006866455078125,0.07692307978868484,0.0064849853515625,0.925000011920929,-0.0133514404296875
image_0334.jpg,train,0.00098419189453125,0.0004360289894975722,1.2278556823730469e-05,0.0003814697265625,0.8094968795776367,0.0006068053771741688,-0.02288818359375,,0.0,0.8534482717514038,0.02288818359375
image_0335.jpg,train,0.00066375732421875,0.00020995683735236526,1.621246337890625e-05,0.000469207763671875,0.8992102742195129,0.0002213765837950632,0.022125244140625,,0.0,0.7891156673431396,-0.022125244140625
image_0336.jpg,train,0.00070953369140625,0.0002820460358634591,6.4373016357421875e-06,0.000385284423828125,0.8512884974479675,0.0005571519723162055,-0.040435791015625,0.75,-0.0011444091796875,0.3978494703769684,0.0415802001953125
image_0337.jpg,train,0.0011749267578125,0.0005505518056452274,2.0384788513183594e-05,0.0006256103515625,0.8550296425819397,0.00046970410039648414,0.023651123046875,0.0,0.0019073486328125,0.6928839087486267,-0.0255584716796875
image_0338.jpg,train,0.00054931640625,0.00036542469752021134,2.586841583251953e-05,0.000194549560546875,0.8005507588386536,0.00024819295504130423,0.005340576171875,0.0,0.0011444091796875,0.3405172526836395,-0.0064849853515625
image_0339.jpg,test,0.006557464599609375,0.0036709047853946686,0.0018296130001544952,0.003185272216796875,0.8280675411224365,0.002871772740036249,0.0896453857421875,0.0,0.005340576171875,0.26053333282470703,-0.0949859619140625
image_0340.jpg,train,0.0005950927734375,0.0003653789171949029,7.462501525878906e-05,0.000263214111328125,0.8199644088745117,9.165727533400059e-05,0.04119873046875,0.0,0.00152587890625,0.4567474126815796,-0.042724609375
image_0341.jpg,train,4.57763671875e-05,4.9332546041114256e-05,5.841255187988281e-06,0.0,0.6641391515731812,4.57763671875e-05,-0.00457763671875,,0.0,,0.00457763671875
image_0342.jpg,test,0.001293182373046875,0.0006277614738792181,6.54458999633789e-05,0.000518798828125,0.806250274181366,0.0001528999418951571,0.0988006591796875,,0.0,0.558878481388092,-0.0988006591796875
image_0343.jpg,train,0.00359344482421875,0.0018202817300334573,0.0001513957977294922,0.001819610595703125,0.8391520380973816,0.0018019676208496094,0.000762939453125,,0.0,0.35811835527420044,-0.000762939453125
image_0344.jpg,train,8.7738037109375e-05,6.659774953732267e-05,1.33514404296875e-05,2.6702880859375e-05,0.7733990550041199,8.393678581342101e-05,-0.0080108642578125,0.02380952425301075,0.0080108642578125,,0.0
image_0345.jpg,val,0.0015411376953125,0.00040049594826996326,2.4318695068359375e-05,0.00090789794921875,0.8768447637557983,3.058045695070177e-05,0.14801025390625,,0.0,0.7346938848495483,-0.14801025390625
image_0346.jpg,train,0.00055694580078125,0.00031780096469447017,6.461143493652344e-05,0.000331878662109375,0.87632155418396,4.965982952853665e-05,0.0457763671875,0.05384615436196327,0.0019073486328125,0.540772557258606,-0.0476837158203125
image_0347.jpg,train,0.0498504638671875,0.057949502021074295,0.3467528820037842,0.006336212158203125,0.7110617160797119,0.042048439383506775,-1.5537261962890625,0.05409705638885498,0.0598907470703125,0.07758831977844238,1.49383544921875
image_0348.jpg,train,0.03633880615234375,0.04065195471048355,0.280097633600235,0.005992889404296875,0.7233360409736633,0.0235744658857584,-0.1983642578125,0.05242255702614784,0.0301361083984375,0.09242770820856094,0.1682281494140625
image_0349.jpg,val,0.04502105712890625,0.04907431825995445,0.315633624792099,0.007015228271484375,0.7214120626449585,0.04346136003732681,-2.5848388671875,0.05275779217481613,0.0102996826171875,0.05185510590672493,2.5745391845703125
image_0350.jpg,train,0.030948638916015625,0.0378141775727272,0.2740662395954132,0.003643035888671875,0.7034671306610107,0.024198008701205254,-0.9433746337890625,0.03646833077073097,0.038909912109375,0.0653126910328865,0.9044647216796875
image_0351.jpg,train,0.02100372314453125,0.023508083075284958,0.16277901828289032,0.0029296875,0.7209988832473755,0.009993644431233406,0.2735137939453125,0.03807615116238594,0.0339508056640625,0.13768728077411652,-0.307464599609375
image_0352.jpg,test,0.06272125244140625,0.060933202505111694,0.35611692070961,0.0068206787109375,0.7124354243278503,0.05683092400431633,-2.776336669921875,0.012658228166401386,0.0270843505859375,0.08646126836538315,2.7492523193359375
image_0353.jpg,train,0.02951812744140625,0.03686794638633728,0.2625569999217987,0.003265380859375,0.7010954022407532,0.020620005205273628,-0.518798828125,0.02238805964589119,0.0133514404296875,0.07695838063955307,0.5054473876953125
image_0354.jpg,train,0.054706573486328125,0.05798354744911194,0.35301440954208374,0.007457733154296875,0.7124053239822388,0.05065932497382164,-2.36663818359375,0.04219409450888634,0.012969970703125,0.06882811337709427,2.353668212890625
image_0355.jpg,train,0.037628173828125,0.03317006304860115,0.24467357993125916,0.007152557373046875,0.7437477111816406,0.023487426340579987,-0.0316619873046875,0.041561711579561234,0.0461578369140625,0.09855906665325165,-0.014495849609375
image_0356.jpg,train,0.040508270263671875,0.04347972944378853,0.29020947217941284,0.006481170654296875,0.7304553389549255,0.02991669625043869,-0.5924224853515625,0.04332904517650604,0.0095367431640625,0.07843483984470367,0.5828857421875
image_0357.jpg,train,0.031341552734375,0.0233718641102314,0.17367291450500488,0.006900787353515625,0.7594214081764221,0.015114852227270603,0.42724609375,0.04040404036641121,0.0034332275390625,0.17126056551933289,-0.4306793212890625
image_0358.jpg,train,0.021770477294921875,0.01564796268939972,0.09265211224555969,0.005687713623046875,0.7654573917388916,0.0063430848531425,1.0501861572265625,0.05631067976355553,-0.008392333984375,0.14598463475704193,-1.0417938232421875
image_0359.jpg,test,0.02768707275390625,0.02146098017692566,0.15569323301315308,0.00595855712890625,0.7588575482368469,0.008299189619719982,1.3763427734375,0.04921259731054306,-0.0041961669921875,0.12957948446273804,-1.3721466064453125
image_0360.jpg,test,0.002910614013671875,0.0021610858384519815,0.00037026405334472656,0.00089263916015625,0.7801322937011719,0.002910614013671875,-0.2910614013671875,,0.0,,0.2910614013671875
image_0361.jpg,train,0.003551483154296875,0.0029565831646323204,0.0013874396681785583,0.001232147216796875,0.7888973355293274,0.003551483154296875,-0.3551483154296875,,0.0,,0.3551483154296875
image_0362.jpg,train,0.05507659912109375,0.046765342354774475,0.313321590423584,0.012969970703125,0.7529311180114746,0.01960393227636814,3.333282470703125,0.4615384638309479,-0.002288818359375,0.09920172393321991,-3.33099365234375
image_0363.jpg,train,0.071380615234375,0.05421186238527298,0.33817416429519653,0.024532318115234375,0.784745454788208,0.045678552240133286,3.0033111572265625,0.024000000208616257,0.0324249267578125,0.09264408051967621,-3.035736083984375
image_0364.jpg,train,0.076019287109375,0.05317340046167374,0.3406735062599182,0.025608062744140625,0.7848333716392517,0.010711328126490116,6.378173828125,,0.0,0.1630307137966156,-6.378173828125
image_0365.jpg,val,0.00128173828125,0.0003033596440218389,1.537799835205078e-05,0.001003265380859375,0.9312301278114319,0.00039713908336125314,0.048828125,,0.0,0.8560885787010193,-0.048828125
image_0366.jpg,train,0.041339874267578125,0.042620643973350525,0.30123770236968994,0.004436492919921875,0.7121431827545166,0.0283735953271389,1.1486053466796875,0.05048409476876259,0.0141143798828125,0.05535389482975006,-1.1627197265625
image_0367.jpg,train,0.0327911376953125,0.035112667828798294,0.25349679589271545,0.00469207763671875,0.7221771478652954,0.07049079239368439,0.5664825439453125,0.014534884132444859,0.00152587890625,0.023844541981816292,-0.5680084228515625
image_0368.jpg,train,0.08446502685546875,0.07326951622962952,0.3892267048358917,0.01556396484375,0.7336567044258118,0.15195386111736298,6.1641693115234375,0.01757502183318138,0.1556396484375,0.0824207291007042,-6.3198089599609375
image_0369.jpg,train,0.001094818115234375,0.0006112485425546765,5.982443690299988e-05,0.00037384033203125,0.7892588973045349,0.0003133837890345603,0.0469207763671875,,0.0,0.4235537052154541,-0.0469207763671875
image_0370.jpg,train,0.000743865966796875,0.0004998976364731789,9.465217590332031e-05,0.000339508056640625,0.8351417779922485,0.000743865966796875,-0.0743865966796875,,0.0,,0.0743865966796875
image_0371.jpg,test,0.0009918212890625,0.0005067541496828198,5.257129669189453e-05,0.000370025634765625,0.8135401606559753,0.0009918212890625,-0.09918212890625,,0.0,,0.09918212890625
image_0372.jpg,test,0.00080108642578125,0.00028688134625554085,9.756535291671753e-06,0.000446319580078125,0.8512281179428101,0.00029016382177360356,0.022125244140625,,0.0,0.6008968353271484,-0.022125244140625
image_0373.jpg,val,0.00070953369140625,0.00041858822805806994,9.822845458984375e-05,0.000324249267578125,0.8461607098579407,0.00070953369140625,-0.070953369140625,,0.0,,0.070953369140625
image_0374.jpg,train,0.0019989013671875,0.001513178925961256,3.898143768310547e-05,0.000591278076171875,0.7750738263130188,0.0009935286361724138,0.002288818359375,0.04545454680919647,0.000762939453125,0.18835370242595673,-0.0030517578125
image_0375.jpg,val,0.007171630859375,0.0031697717495262623,0.0017113909125328064,0.003673553466796875,0.842602014541626,0.0008169775828719139,0.5542755126953125,0.0476190485060215,0.003814697265625,0.33953773975372314,-0.5580902099609375
image_0376.jpg,train,0.007457733154296875,0.005335317924618721,0.006093746051192284,0.002132415771484375,0.7804445624351501,0.0035235174000263214,0.055694580078125,0.042553190141916275,0.0030517578125,0.18156617879867554,-0.058746337890625
image_0377.jpg,test,0.0005035400390625,0.00020738258899655193,1.811981201171875e-05,0.000331878662109375,0.8895233869552612,6.874558312119916e-05,0.03662109375,0.01123595517128706,0.0064849853515625,0.5136363506317139,-0.0431060791015625
image_0378.jpg,val,0.0046539306640625,0.0036991452798247337,0.0006189793348312378,0.0014190673828125,0.7769831418991089,0.0006203233497217298,0.3414154052734375,0.0517241396009922,0.0019073486328125,0.25719863176345825,-0.34332275390625
image_0379.jpg,train,0.0,1.910041873998125e-06,2.384185791015625e-07,0.0,,0.0,0.0,,0.0,,0.0
image_0380.jpg,train,0.003589630126953125,0.0027214072179049253,0.00048206374049186707,0.00101470947265625,0.7637264728546143,0.001687825657427311,0.019073486328125,0.046625766903162,0.0179290771484375,0.1928807944059372,-0.0370025634765625
image_0381.jpg,train,0.022174835205078125,0.016828063875436783,0.1040859967470169,0.005809783935546875,0.7647343277931213,0.005844447761774063,1.1322021484375,0.013355592265725136,0.0667572021484375,0.20645494759082794,-1.1989593505859375
image_0382.jpg,train,0.014133453369140625,0.010989324189722538,0.04284612461924553,0.00376129150390625,0.7657082676887512,0.0033284472301602364,0.7984161376953125,0.04245283082127571,0.0133514404296875,0.12895333766937256,-0.811767578125
image_0383.jpg,train,0.007831573486328125,0.004322538152337074,0.002794664353132248,0.00328826904296875,0.8160938620567322,0.0015482826856896281,0.4772186279296875,0.056410256773233414,0.0095367431640625,0.3478168249130249,-0.48675537109375
image_0384.jpg,train,0.006465911865234375,0.004167293664067984,0.0037353672087192535,0.002597808837890625,0.8105008006095886,0.001351688290014863,0.376129150390625,0.02413793094456196,0.03509521484375,0.2609964907169342,-0.411224365234375
image_0385.jpg,val,0.004550933837890625,0.002877503167837858,0.0004715919494628906,0.001422882080078125,0.7787173390388489,0.0015887004556134343,0.135040283203125,0.06774193793535233,0.0247955322265625,0.26222535967826843,-0.1598358154296875
image_0386.jpg,train,0.013088226318359375,0.010278956033289433,0.0310308076441288,0.002567291259765625,0.7353790402412415,0.0035774903371930122,0.617218017578125,0.06075533479452133,0.025177001953125,0.2626964747905731,-0.64239501953125
image_0387.jpg,train,7.62939453125e-05,6.613779987674206e-05,3.933906555175781e-06,4.9591064453125e-05,0.8788151144981384,7.62939453125e-05,-0.00762939453125,,0.0,,0.00762939453125
image_0388.jpg,train,0.00014495849609375,8.104334119707346e-05,9.5367431640625e-07,6.866455078125e-05,0.8363900780677795,7.250857015606016e-05,0.0,0.0,0.005340576171875,0.7307692170143127,-0.005340576171875
image_0389.jpg,train,0.014232635498046875,0.016151167452335358,0.08320704102516174,0.00257110595703125,0.738356351852417,0.22478097677230835,-0.30364990234375,0.17637388408184052,-0.676727294921875,0.0023637290578335524,0.980377197265625
image_0390.jpg,train,0.008838653564453125,0.00963236391544342,0.03013758547604084,0.001506805419921875,0.7243824005126953,0.002847428200766444,0.3570556640625,0.04783423990011215,-0.308990478515625,0.25365468859672546,-0.048065185546875
image_0391.jpg,train,5.340576171875e-05,2.3256940039573237e-05,0.0,2.6702880859375e-05,0.8313135504722595,0.0,0.005340576171875,,0.0,0.3589743673801422,-0.005340576171875
image_0392.jpg,train,0.08900070190429688,0.08823101222515106,0.4074244499206543,0.007747650146484375,0.7063555121421814,0.2547910213470459,0.4619598388671875,0.11228344589471817,-0.4695892333984375,0.055432114750146866,0.00762939453125
image_0393.jpg,test,0.11315536499023438,0.11420935392379761,0.4310585558414459,0.006862640380859375,0.6921107769012451,0.17498734593391418,4.9713134765625,0.12407231330871582,-0.3711700439453125,0.09969351440668106,-4.6001434326171875
image_0394.jpg,train,0.057826995849609375,0.05729822814464569,0.3495505452156067,0.006847381591796875,0.7128519415855408,0.34048449993133545,-1.595306396484375,0.09991654753684998,-0.333404541015625,0.021897614002227783,1.9287109375
image_0395.jpg,train,0.037166595458984375,0.043306171894073486,0.2858162224292755,0.005161285400390625,0.7192587852478027,0.1490550935268402,2.1087646484375,0.0410684198141098,0.3753662109375,0.03349396958947182,-2.484130859375
image_0396.jpg,train,0.02886962890625,0.03947877138853073,0.258005291223526,0.00203704833984375,0.6960651874542236,0.2506834864616394,0.6908416748046875,0.0902271717786789,-0.26092529296875,0.017846133559942245,-0.4299163818359375
image_0397.jpg,test,0.041133880615234375,0.04305349290370941,0.28622812032699585,0.005096435546875,0.7249491214752197,0.11322243511676788,1.2905120849609375,0.07323943823575974,-0.055694580078125,0.030759936198592186,-1.2348175048828125
image_0398.jpg,train,0.01844024658203125,0.016723010689020157,0.09978166222572327,0.0049285888671875,0.7605562210083008,0.004793145228177309,1.0349273681640625,0.04486898332834244,-0.55694580078125,0.38566797971725464,-0.4779815673828125
image_0399.jpg,train,0.002651214599609375,0.00022348550555761904,3.5762786865234375e-07,0.002346038818359375,0.9622039198875427,8.416349010076374e-05,0.2483367919921875,,0.0,0.8997326493263245,-0.2483367919921875
image_0400.jpg,val,0.03424835205078125,0.04898648336529732,0.31250685453414917,0.00278472900390625,0.6885544061660767,0.12016691267490387,-0.5153656005859375,0.0329611673951149,0.01373291015625,0.01827065460383892,0.5016326904296875
image_0401.jpg,train,0.042354583740234375,0.04129253700375557,0.2722611725330353,0.00868988037109375,0.737663209438324,0.44806867837905884,1.837158203125,0.02092074789106846,0.818634033203125,0.043062660843133926,-2.655792236328125
image_0402.jpg,train,0.011508941650390625,0.01189243234694004,0.04878712818026543,0.002277374267578125,0.7363863587379456,0.0021152091212570667,0.8014678955078125,0.04460209608078003,-0.667572021484375,0.5663924813270569,-0.1338958740234375
image_0403.jpg,train,0.007110595703125,0.0007857254822738469,1.990795135498047e-05,0.006206512451171875,0.9577930569648743,0.0001694184320513159,0.677490234375,0.1463414579629898,-0.0019073486328125,0.7804244160652161,-0.6755828857421875
image_0404.jpg,train,0.07476043701171875,0.06519892066717148,0.36945047974586487,0.012264251708984375,0.7298514246940613,0.05292333662509918,3.517913818359375,0.038552187383174896,0.067138671875,0.09118887037038803,-3.585052490234375
image_0405.jpg,train,0.0576171875,0.05815811827778816,0.3480076491832733,0.008331298828125,0.7205973863601685,0.0499425046145916,2.4250030517578125,0.021378740668296814,0.152587890625,0.06433892250061035,-2.5775909423828125
image_0406.jpg,train,0.054737091064453125,0.05262872576713562,0.333199679851532,0.008159637451171875,0.7271072864532471,0.05932506546378136,2.5115966796875,0.09642074257135391,-0.0034332275390625,0.052946027368307114,-2.5081634521484375
image_0407.jpg,train,0.05144500732421875,0.05359145626425743,0.3316114544868469,0.007312774658203125,0.7216693162918091,0.04823572561144829,1.9664764404296875,0.07884856313467026,-0.077056884765625,0.05225873365998268,-1.8894195556640625
image_0408.jpg,train,0.060565948486328125,0.0624128133058548,0.35539159178733826,0.00861358642578125,0.7215811610221863,0.15848620235919952,0.5916595458984375,0.3557993769645691,-0.1468658447265625,0.03839382529258728,-0.444793701171875
image_0409.jpg,train,0.015106201171875,0.01529944408684969,0.08255362510681152,0.00244903564453125,0.7297773361206055,0.001823064056225121,1.2359619140625,0.048533741384744644,-1.149749755859375,0.7711598873138428,-0.086212158203125
image_0410.jpg,train,0.000606536865234375,0.0001633780775591731,2.384185791015625e-07,0.000347137451171875,0.8758935928344727,6.109318928793073e-05,0.0484466552734375,0.0,0.0026702880859375,0.6008403301239014,-0.051116943359375
image_0411.jpg,train,8.0108642578125e-05,7.527093112003058e-05,1.633167266845703e-05,0.0,0.7202528119087219,8.0108642578125e-05,-0.0080108642578125,,0.0,,0.0080108642578125
image_0412.jpg,train,0.000213623046875,1.3097944702167297e-06,3.5762786865234375e-07,0.000213623046875,0.9991508722305298,0.0,0.0213623046875,,0.0,1.0,-0.0213623046875
image_0413.jpg,train,0.04753875732421875,0.0403207503259182,0.2883475720882416,0.01171112060546875,0.7582933306694031,0.015799719840288162,2.452850341796875,0.12328767031431198,-0.0019073486328125,0.13205963373184204,-2.4509429931640625
image_0414.jpg,test,0.0053558349609375,0.007891697809100151,0.02428913116455078,0.00079345703125,0.7140404582023621,0.15208034217357635,0.4547119140625,,0.0,0.0049646771512925625,-0.4547119140625
image_0415.jpg,train,0.000682830810546875,0.0021363021805882454,0.005920492112636566,0.000308990478515625,0.8099164962768555,1.0,0.0064849853515625,0.4930555522441864,-0.04730224609375,0.00013748065975960344,0.0408172607421875
image_0416.jpg,train,0.00043487548828125,0.0005861273966729641,0.0002911686897277832,5.340576171875e-05,0.7225689888000488,0.00035870468127541244,-0.028228759765625,,0.0,0.2222222238779068,0.028228759765625
image_0417.jpg,val,0.035137176513671875,0.03052549622952938,0.2073953002691269,0.00775146484375,0.7609122395515442,0.3956896960735321,-1.360321044921875,0.24369747936725616,-0.008392333984375,0.01143036037683487,1.36871337890625
image_0418.jpg,train,0.003143310546875,0.006624056026339531,0.018923519179224968,0.00023651123046875,0.6845625638961792,0.41299304366111755,0.17852783203125,,0.0,0.002468352671712637,-0.17852783203125
image_0419.jpg,train,0.0119171142578125,0.012021594680845737,0.05233393609523773,0.00209808349609375,0.7396504282951355,0.14327546954154968,0.665283203125,0.0,0.003814697265625,0.009476960636675358,-0.669097900390625
image_0420.jpg,train,0.001232147216796875,0.0008442284306511283,0.0001131296157836914,0.0003814697265625,0.7877517342567444,0.000593156146351248,0.0049591064453125,,0.0,0.20240963995456696,-0.0049591064453125
image_0421.jpg,train,0.034587860107421875,0.03060237318277359,0.23563210666179657,0.003997802734375,0.7216079831123352,0.28893178701400757,3.115081787109375,0.25,-0.0003814697265625,0.03306444734334946,-3.1147003173828125
image_0422.jpg,test,0.08411026000976562,0.06391307711601257,0.36285436153411865,0.015872955322265625,0.7488741278648376,,8.40911865234375,,0.0019073486328125,0.08411026000976562,-8.411026000976562
image_0423.jpg,train,0.01708221435546875,0.03241156041622162,0.17521247267723083,0.00171661376953125,0.703795850276947,0.22014158964157104,0.9418487548828125,0.9204545617103577,-0.029754638671875,0.013322881422936916,-0.9120941162109375
image_0424.jpg,train,0.01898193359375,0.021451586857438087,0.12257349491119385,0.00475311279296875,0.7462606430053711,0.8309779763221741,0.3658294677734375,0.8382581472396851,-0.4100799560546875,0.009371297433972359,0.04425048828125
image_0425.jpg,train,0.01744842529296875,0.024013083428144455,0.13933417201042175,0.0035858154296875,0.7572965621948242,0.5073607563972473,-0.2109527587890625,,0.14190673828125,0.008529579266905785,0.0690460205078125
image_0426.jpg,train,0.004749298095703125,0.016682174056768417,0.07967565208673477,7.62939453125e-06,0.6632068753242493,,0.46539306640625,,0.0095367431640625,0.004749298095703125,-0.4749298095703125
image_0427.jpg,val,0.035396575927734375,0.024037614464759827,0.14019785821437836,0.01309967041015625,0.8069372773170471,0.8205841183662415,0.7167816162109375,,0.1220703125,0.022258853539824486,-0.8388519287109375
image_0428.jpg,train,0.02886962890625,0.030817849561572075,0.18358558416366577,0.00457763671875,0.7472316026687622,0.0583818294107914,2.587890625,,0.061798095703125,0.028257474303245544,-2.649688720703125
image_0429.jpg,train,0.024791717529296875,0.027534762397408485,0.15917979180812836,0.006561279296875,0.766719400882721,0.7983770370483398,0.38604736328125,,0.1415252685546875,0.015219742432236671,-0.5275726318359375
image_0430.jpg,train,0.0056915283203125,0.0034812132362276316,0.0051481835544109344,0.003223419189453125,0.8593760132789612,0.0018381221452727914,0.2044677734375,,0.0,0.48377862572669983,-0.2044677734375
image_0431.jpg,train,0.00806427001953125,0.006678906735032797,0.016408557072281837,0.002658843994140625,0.7913435101509094,0.0039092800579965115,0.0335693359375,,0.0,0.3649320602416992,-0.0335693359375
image_0432.jpg,train,0.0280914306640625,0.03454241529107094,0.2479594498872757,0.001796722412109375,0.6887989640235901,,2.7446746826171875,,0.0644683837890625,0.0280914306640625,-2.80914306640625
image_0433.jpg,train,0.008930206298828125,0.008551117032766342,0.027042105793952942,0.002685546875,0.7714464068412781,0.005442905705422163,-0.1766204833984375,0.3333333432674408,-0.000762939453125,0.20570801198482513,0.1773834228515625
image_0434.jpg,train,0.008556365966796875,0.008868154138326645,0.031137725338339806,0.002941131591796875,0.7862424254417419,0.0041174995712935925,0.0423431396484375,,0.0,0.36226531863212585,-0.0423431396484375
image_0435.jpg,test,0.047412872314453125,0.05168451368808746,0.3256731927394867,0.00429534912109375,0.7033455967903137,0.11656026542186737,3.338623046875,,0.48675537109375,0.04457399621605873,-3.82537841796875
image_0436.jpg,train,0.00844573974609375,0.0064545972272753716,0.007901038974523544,0.00174713134765625,0.7495649456977844,0.001207336550578475,0.576019287109375,0.5796178579330444,-0.05950927734375,0.2564331293106079,-0.516510009765625
image_0437.jpg,val,0.01059722900390625,0.021039724349975586,0.1046057865023613,0.002960205078125,0.725583553314209,0.5412735939025879,0.359344482421875,,0.0,0.0071415407583117485,-0.359344482421875
image_0438.jpg,train,0.01294708251953125,0.027405038475990295,0.1608944684267044,0.002376556396484375,0.7214633226394653,0.31973713636398315,0.21820068359375,,0.0,0.00769406883046031,-0.21820068359375
image_0439.jpg,train,0.047901153564453125,0.02843771129846573,0.21610620617866516,0.01479339599609375,0.7866562604904175,0.5259983539581299,-3.394317626953125,,0.2765655517578125,0.008984703570604324,3.1177520751953125
image_0440.jpg,val,0.11472702026367188,0.06349880993366241,0.3695319592952728,0.033573150634765625,0.7838827967643738,0.43983712792396545,-9.80682373046875,,0.2735137939453125,0.0126707898452878,9.533309936523438
image_0441.jpg,val,0.12690353393554688,0.055101510137319565,0.34651342034339905,0.046459197998046875,0.8089882731437683,0.47253158688545227,-3.8463592529296875,,0.2391815185546875,0.05479224771261215,3.607177734375
image_0442.jpg,train,0.111572265625,0.05175631493330002,0.3366222679615021,0.041851043701171875,0.8079692125320435,0.530796229839325,-4.7924041748046875,0.0,0.2910614013671875,0.03895214572548866,4.5013427734375
image_0443.jpg,val,0.056308746337890625,0.043207332491874695,0.304753839969635,0.010311126708984375,0.7443578839302063,0.4218849837779999,-3.574371337890625,0.0,0.1514434814453125,0.01235084980726242,3.4229278564453125
image_0444.jpg,val,0.044452667236328125,0.038673873990774155,0.28189507126808167,0.00621795654296875,0.730980634689331,0.1711888164281845,3.8936614990234375,0.6167883276939392,-0.04119873046875,0.042091406881809235,-3.8524627685546875
image_0445.jpg,train,0.10306930541992188,0.09184359014034271,0.41137030720710754,0.0139312744140625,0.7205318808555603,0.13843965530395508,5.9848785400390625,,0.54168701171875,0.09746331721544266,-6.5265655517578125
image_0446.jpg,train,0.07477188110351562,0.06389261037111282,0.3687972128391266,0.01010894775390625,0.7273935675621033,0.1664438545703888,6.0314178466796875,,0.1186370849609375,0.07095743715763092,-6.150054931640625
image_0447.jpg,train,0.048244476318359375,0.036167211830616,0.27020928263664246,0.0109100341796875,0.7540830969810486,0.08145363628864288,4.135894775390625,0.08424657583236694,0.4543304443359375,0.04773513600230217,-4.5902252197265625
image_0448.jpg,train,0.0638427734375,0.051449231803417206,0.3404850661754608,0.012847900390625,0.7427030801773071,0.18322226405143738,4.2232513427734375,0.12625038623809814,0.2353668212890625,0.057583920657634735,-4.4586181640625
image_0449.jpg,train,0.0529632568359375,0.0339159220457077,0.26071009039878845,0.014156341552734375,0.7693804502487183,0.17613020539283752,4.479217529296875,0.0645526647567749,0.3200531005859375,0.05151715874671936,-4.7992706298828125
image_0450.jpg,test,0.0941925048828125,0.04874192178249359,0.32700636982917786,0.028141021728515625,0.7894285321235657,,8.368682861328125,0.029126213863492012,1.02081298828125,0.09452655911445618,-9.389495849609375
image_0451.jpg,train,0.0631103515625,0.03536175191402435,0.2620354890823364,0.021572113037109375,0.7963065505027771,,6.1248779296875,0.10000000149011612,0.17242431640625,0.06308500468730927,-6.29730224609375
image_0452.jpg,train,0.10651397705078125,0.05340764299035072,0.34353962540626526,0.039226531982421875,0.8029037714004517,,8.715438842773438,0.019221967086195946,1.9039154052734375,0.10724768042564392,-10.619354248046875
image_0453.jpg,val,0.10079574584960938,0.05693025887012482,0.35372376441955566,0.0293426513671875,0.7806975841522217,,7.8556060791015625,0.005073280539363623,2.21710205078125,0.1014479398727417,-10.072708129882812
image_0454.jpg,train,0.00067138671875,0.0013002896448597312,0.0002211928367614746,1.52587890625e-05,0.6514687538146973,0.06481481343507767,0.05645751953125,0.0006184905651025474,-0.05645751953125,,0.0
image_0455.jpg,train,0.031612396240234375,0.0015282833483070135,0.0004301294684410095,0.02889251708984375,0.9669848084449768,0.9335361123085022,-3.1612396240234375,0.0,3.1612396240234375,,0.0
image_0456.jpg,train,0.006664276123046875,0.010759729892015457,0.04302717745304108,0.000301361083984375,0.6752375960350037,0.0174606591463089,0.5523681640625,0.00625631446018815,-0.5725860595703125,0.3393939435482025,0.0202178955078125
image_0457.jpg,train,0.031040191650390625,0.0032794715370982885,0.0015480518341064453,0.0255279541015625,0.9408758878707886,0.7195154428482056,-3.1040191650390625,0.0,3.072357177734375,,0.0316619873046875
image_0458.jpg,train,0.00121307373046875,0.0021653911098837852,0.0011630654335021973,4.57763671875e-05,0.6567701101303101,0.009291521273553371,0.0957489013671875,0.001076380955055356,-0.0934600830078125,0.1300448477268219,-0.002288818359375
image_0459.jpg,train,0.00908660888671875,0.004296937491744757,0.004039682447910309,0.00443267822265625,0.833224356174469,0.203286811709404,-0.614166259765625,0.0003996739396825433,0.7907867431640625,0.8574007153511047,-0.1766204833984375
image_0460.jpg,test,0.00391387939453125,0.008496005088090897,0.03210533410310745,0.000102996826171875,0.6551761627197266,0.08394698053598404,0.2140045166015625,0.003125024028122425,-0.2407073974609375,0.157041534781456,0.026702880859375
image_0461.jpg,train,0.00423431396484375,0.008849062025547028,0.03263459354639053,0.000194549560546875,0.6541300415992737,0.08551724255084991,0.217437744140625,0.0032922665122896433,-0.2437591552734375,0.1717625856399536,0.0263214111328125
image_0462.jpg,train,0.008541107177734375,0.014060767367482185,0.06724271923303604,0.000885009765625,0.6879196763038635,0.032464563846588135,0.655364990234375,0.007265907246619463,-0.60272216796875,0.21375739574432373,-0.052642822265625
image_0463.jpg,train,0.000141143798828125,0.00014765607193112373,0.0,1.52587890625e-05,0.7651723027229309,0.00010683312575565651,-0.0072479248046875,,0.0,0.16981132328510284,0.0072479248046875
image_0464.jpg,val,0.028362274169921875,0.04018794000148773,0.2909499406814575,0.001422882080078125,0.6597258448600769,0.011752971448004246,1.103973388671875,0.048416391015052795,-0.8998870849609375,0.44286808371543884,-0.2040863037109375
image_0465.jpg,train,0.03546142578125,0.04323664680123329,0.3013981282711029,0.003749847412109375,0.6954877972602844,0.015950247645378113,1.874542236328125,0.03953311964869499,-1.34429931640625,0.5847010612487793,-0.530242919921875
image_0466.jpg,train,0.042842864990234375,0.04073274880647659,0.2907058000564575,0.007686614990234375,0.7213613986968994,0.035685982555150986,2.695465087890625,0.020789261907339096,-0.8144378662109375,0.6605731248855591,-1.8810272216796875
image_0467.jpg,train,0.019672393798828125,0.028996791690587997,0.221067413687706,0.000881195068359375,0.6647863388061523,0.006303781643509865,0.9426116943359375,0.05886702239513397,-0.9014129638671875,0.37845849990844727,-0.04119873046875
image_0468.jpg,train,0.043987274169921875,0.04956841841340065,0.32815834879875183,0.0054473876953125,0.6974319219589233,0.015787916257977486,2.7683258056640625,0.03941668942570686,-1.3538360595703125,0.5863889455795288,-1.41448974609375
image_0469.jpg,train,0.028423309326171875,0.02957165613770485,0.21745888888835907,0.004863739013671875,0.7209553122520447,0.04005402699112892,1.396942138671875,0.017070123925805092,-0.6839752197265625,0.731698751449585,-0.7129669189453125
image_0470.jpg,train,0.016971588134765625,0.014340825378894806,0.07512447237968445,0.004154205322265625,0.7568588852882385,0.6756143569946289,-0.548553466796875,0.06763529032468796,-0.3376007080078125,0.0044792452827095985,0.8861541748046875
image_0471.jpg,test,7.2479248046875e-05,3.155386366415769e-05,0.0,1.9073486328125e-05,0.7525989413261414,0.0,0.0072479248046875,,0.0,0.35185185074806213,-0.0072479248046875
image_0472.jpg,val,0.013614654541015625,0.011424430646002293,0.04753342270851135,0.00325775146484375,0.7586906552314758,0.7418793439865112,-0.3810882568359375,0.06942778080701828,-0.2468109130859375,0.003975145984441042,0.627899169921875
image_0473.jpg,train,0.01068115234375,0.008432207629084587,0.021903058513998985,0.002422332763671875,0.7583621740341187,0.5262135863304138,0.0392913818359375,0.16136287152767181,-0.47607421875,0.0032630113419145346,0.4367828369140625
image_0474.jpg,train,0.0089569091796875,0.013436614535748959,0.06466330587863922,0.000530242919921875,0.6674189567565918,0.0034335965756326914,0.2185821533203125,0.06969615817070007,-0.2880096435546875,0.3328244388103485,0.069427490234375
image_0475.jpg,train,0.07167434692382812,0.07592297345399857,0.3918382525444031,0.00714874267578125,0.6981211304664612,0.08310165256261826,-1.3568878173828125,0.04047225043177605,-0.7335662841796875,0.0821707621216774,2.0904541015625
image_0476.jpg,train,0.08636474609375,0.0879136472940445,0.41009145975112915,0.01219940185546875,0.7098641395568848,0.10113547742366791,-1.7093658447265625,0.05392492562532425,-1.0028839111328125,0.08880162239074707,2.712249755859375
image_0477.jpg,test,0.09731674194335938,0.0835951566696167,0.40773624181747437,0.01593780517578125,0.7262086272239685,0.12307377904653549,-3.77349853515625,0.06882262229919434,-1.0654449462890625,0.06923273205757141,4.8389434814453125
image_0478.jpg,train,0.08813095092773438,0.09007702767848969,0.4099677801132202,0.011444091796875,0.7081568837165833,0.1381002515554428,-3.5594940185546875,0.04594467952847481,-0.6175994873046875,0.05217442288994789,4.177093505859375
image_0479.jpg,train,0.06572723388671875,0.06643728166818619,0.3736419677734375,0.011043548583984375,0.7181447744369507,0.04650173336267471,0.7537841796875,0.03340096026659012,-0.4261016845703125,0.16048844158649445,-0.3276824951171875
image_0480.jpg,train,0.06663894653320312,0.07287579774856567,0.38728874921798706,0.008392333984375,0.703393816947937,0.04381760209798813,2.1453857421875,0.025705616921186447,-0.458526611328125,0.15748204290866852,-1.686859130859375
image_0481.jpg,train,0.07308578491210938,0.07590367645025253,0.38905930519104004,0.011234283447265625,0.7166034579277039,0.06995878368616104,0.1277923583984375,0.029301755130290985,-0.3997802734375,0.11697094887495041,0.2719879150390625
image_0482.jpg,train,0.002044677734375,0.0028947179671376944,0.00044910237193107605,0.000133514404296875,0.6676163077354431,0.0011081979610025883,-0.0244140625,0.06421404331922531,-0.0270843505859375,0.3257142901420593,0.0514984130859375
image_0483.jpg,train,0.07035446166992188,0.0745936930179596,0.38696813583374023,0.0078582763671875,0.7046831250190735,0.11091046035289764,-2.593231201171875,0.025932183489203453,-0.48828125,0.05528629943728447,3.081512451171875
image_0484.jpg,train,0.06366348266601562,0.07508969306945801,0.3903734087944031,0.005645751953125,0.6886760592460632,0.09148196876049042,-2.3235321044921875,0.0239524208009243,-0.412750244140625,0.05716357380151749,2.7362823486328125
image_0485.jpg,val,0.01523590087890625,0.02208843268454075,0.1582808941602707,0.001026153564453125,0.6686758995056152,0.006585986819118261,0.316619873046875,0.06699705868959427,-0.3307342529296875,0.3637387454509735,0.0141143798828125
image_0486.jpg,train,0.06458282470703125,0.06902415305376053,0.3753080368041992,0.009464263916015625,0.7151302099227905,0.07308200746774673,-0.65155029296875,0.02145816758275032,-0.335693359375,0.10162980109453201,0.98724365234375
image_0487.jpg,train,0.055858612060546875,0.058846864849328995,0.35123586654663086,0.008281707763671875,0.7163461446762085,0.0492422878742218,0.145721435546875,0.026990873739123344,-0.4314422607421875,0.11497178673744202,0.2857208251953125
image_0488.jpg,train,0.054042816162109375,0.051565878093242645,0.3348331153392792,0.011138916015625,0.7355988025665283,0.04531726613640785,0.603485107421875,0.032658252865076065,-0.8090972900390625,0.11847231537103653,0.2056121826171875
image_0489.jpg,train,0.082427978515625,0.07644086331129074,0.39328819513320923,0.017307281494140625,0.7351629734039307,0.09155192971229553,0.7320404052734375,0.034063179045915604,-0.85296630859375,0.132317453622818,0.1209259033203125
image_0490.jpg,train,0.07436752319335938,0.06402032822370529,0.36918210983276367,0.01914215087890625,0.7499220967292786,0.09273535013198853,-1.418304443359375,0.025064967572689056,-0.5702972412109375,0.1298580914735794,1.9886016845703125
image_0491.jpg,train,0.05364990234375,0.05120261013507843,0.3314681351184845,0.014942169189453125,0.7543737888336182,0.044667188078165054,0.6305694580078125,0.019895367324352264,-0.234222412109375,0.1801343858242035,-0.3963470458984375
image_0492.jpg,train,0.011444091796875,0.009886178188025951,0.0324249342083931,0.002689361572265625,0.7522092461585999,0.6141692399978638,-0.2716064453125,0.05686190724372864,-0.0080108642578125,0.004547521471977234,0.2796173095703125
image_0493.jpg,train,0.008861541748046875,0.007643323857337236,0.01459602639079094,0.0003204345703125,0.7202277779579163,0.9166666865348816,0.7335662841796875,0.2329169660806656,-0.09765625,0.007650390733033419,-0.6359100341796875
image_0494.jpg,train,0.07339859008789062,0.0559542141854763,0.34515702724456787,0.024814605712890625,0.7788665294647217,0.05048123374581337,2.347564697265625,0.024282895028591156,-0.3185272216796875,0.20975929498672485,-2.0290374755859375
image_0495.jpg,train,0.046733856201171875,0.061911411583423615,0.3582848608493805,0.002811431884765625,0.6801475286483765,0.09766655415296555,-3.74603271484375,0.007677800953388214,3.68194580078125,0.41807910799980164,0.0640869140625
image_0496.jpg,train,0.07004547119140625,0.06072433665394783,0.35879573225975037,0.0197296142578125,0.7592785954475403,0.06072637811303139,1.1081695556640625,0.022441301494836807,-0.37384033203125,0.1657254695892334,-0.7343292236328125
image_0497.jpg,train,0.05953216552734375,0.05818495899438858,0.3490379750728607,0.011928558349609375,0.7355292439460754,0.025032948702573776,3.5518646240234375,0.06066487357020378,-1.9519805908203125,0.9145824313163757,-1.599884033203125
image_0498.jpg,train,0.055110931396484375,0.043687209486961365,0.3065803647041321,0.011882781982421875,0.750897228717804,0.24611927568912506,0.8571624755859375,0.20014770328998566,-0.0637054443359375,0.03489594906568527,-0.79345703125
image_0499.jpg,train,0.07613754272460938,0.05838184058666229,0.34978076815605164,0.022953033447265625,0.7713386416435242,0.09426886588335037,-1.91192626953125,0.053484540432691574,1.956939697265625,0.9412724375724792,-0.045013427734375
image_0500.jpg,train,0.043304443359375,0.03399313986301422,0.26223182678222656,0.006793975830078125,0.7334460616111755,0.1196613535284996,3.0658721923828125,0.12440191209316254,-0.000762939453125,0.03903128579258919,-3.0651092529296875
image_0501.jpg,train,0.03176116943359375,0.027289599180221558,0.19703403115272522,0.00640106201171875,0.7495628595352173,0.49857401847839355,-1.299285888671875,0.09929078072309494,0.0213623046875,0.009953255765140057,1.277923583984375
image_0502.jpg,test,0.047969818115234375,0.04631046950817108,0.31391996145248413,0.005947113037109375,0.7214917540550232,0.12850232422351837,0.3681182861328125,0.1385674923658371,-0.0400543212890625,0.030938012525439262,-0.32806396484375
image_0503.jpg,train,0.026340484619140625,0.02619841694831848,0.2129151076078415,0.0025787353515625,0.7086121439933777,0.16509242355823517,0.0148773193359375,0.15924933552742004,-0.075531005859375,0.013953372836112976,0.0606536865234375
image_0504.jpg,train,0.03101348876953125,0.02313821390271187,0.1822400987148285,0.006134033203125,0.7489203810691833,0.3720327913761139,-0.560760498046875,0.35862070322036743,-0.1373291015625,0.01264305878430605,0.698089599609375
image_0505.jpg,val,0.02201080322265625,0.018216200172901154,0.12869536876678467,0.003383636474609375,0.7326793074607849,0.35334455966949463,-0.2933502197265625,0.25318941473960876,-0.1346588134765625,0.009201966226100922,0.428009033203125
image_0506.jpg,train,0.0302886962890625,0.02635893225669861,0.21579290926456451,0.004901885986328125,0.7261347770690918,0.3365473747253418,-0.8190155029296875,0.25020816922187805,-0.194549560546875,0.010690117254853249,1.0135650634765625
image_0507.jpg,train,0.0097198486328125,0.011031091213226318,0.04183650016784668,0.001495361328125,0.7260128855705261,0.4960547089576721,-0.1705169677734375,0.05539143458008766,0.025177001953125,0.0043068211525678635,0.1453399658203125
image_0508.jpg,val,0.044261932373046875,0.024055365473031998,0.18082642555236816,0.01676177978515625,0.8061932921409607,0.7397443652153015,-2.29644775390625,0.2693935036659241,-0.164031982421875,0.010325690731406212,2.460479736328125
image_0509.jpg,train,0.02661895751953125,0.025979459285736084,0.2079312801361084,0.003337860107421875,0.7142325639724731,0.383465439081192,-0.51116943359375,0.09237779676914215,-0.07171630859375,0.010956179350614548,0.5828857421875
image_0510.jpg,train,0.01943206787109375,0.019591838121414185,0.14683640003204346,0.002773284912109375,0.7160499691963196,0.12416834384202957,-0.8502960205078125,0.16041572391986847,-0.209808349609375,0.004831147380173206,1.0601043701171875
image_0511.jpg,val,0.023914337158203125,0.02896909974515438,0.21218083798885345,0.00235748291015625,0.7092846632003784,0.06416002660989761,0.00762939453125,0.21611721813678741,-0.017547607421875,0.014591981656849384,0.009918212890625
image_0512.jpg,train,0.0075225830078125,0.011288274079561234,0.04103987291455269,0.00069427490234375,0.681731104850769,0.26427963376045227,0.1995086669921875,0.19767442345619202,-0.0370025634765625,0.004628914874047041,-0.162506103515625
image_0513.jpg,train,0.02660369873046875,0.018914762884378433,0.1181313544511795,0.00788116455078125,0.7814120650291443,0.6302629709243774,-1.5308380126953125,0.09096477925777435,-0.1888275146484375,0.0049789478071033955,1.71966552734375
image_0514.jpg,train,0.0181121826171875,0.013715894892811775,0.0676858127117157,0.0050048828125,0.7693160772323608,0.015248248353600502,-1.0711669921875,0.04816222935914993,1.0517120361328125,0.9381107687950134,0.0194549560546875
image_0515.jpg,val,0.007476806640625,0.007958924397826195,0.020418720319867134,0.00127410888671875,0.7262702584266663,0.006162007339298725,-0.2429962158203125,0.006095858756452799,0.2758026123046875,0.7068272829055786,-0.032806396484375
image_0516.jpg,train,0.0056304931640625,0.007082731928676367,0.01837361976504326,0.0008087158203125,0.7203315496444702,0.0038577078375965357,-0.1277923583984375,0.009195095859467983,0.156402587890625,0.5498783588409424,-0.0286102294921875
image_0517.jpg,train,0.007068634033203125,0.007290995679795742,0.015793204307556152,0.00188446044921875,0.7505219578742981,0.005090603604912758,-0.1415252685546875,0.0038161345291882753,0.2590179443359375,0.7122641801834106,-0.11749267578125
image_0518.jpg,train,0.008083343505859375,0.008630113676190376,0.027581753209233284,0.002532958984375,0.7696147561073303,0.0035824705846607685,0.1079559326171875,0.009785203263163567,0.1312255859375,0.3986539840698242,-0.2391815185546875
image_0519.jpg,test,0.008289337158203125,0.009378233924508095,0.028299881145358086,0.001155853271484375,0.7104529142379761,0.004750580992549658,0.0240325927734375,0.007284120190888643,0.1834869384765625,0.505442202091217,-0.20751953125
image_0520.jpg,train,0.012203216552734375,0.008953258395195007,0.024696538224816322,0.003986358642578125,0.7815185189247131,0.005814368836581707,0.150299072265625,0.00559485936537385,0.296783447265625,0.6044034361839294,-0.44708251953125
image_0521.jpg,train,0.0603179931640625,0.06238964572548866,0.37451282143592834,0.004913330078125,0.6907991170883179,0.12408134341239929,0.3021240234375,0.015147569589316845,-0.0141143798828125,0.0654822513461113,-0.2880096435546875
image_0522.jpg,train,0.0419158935546875,0.039380937814712524,0.29201096296310425,0.006137847900390625,0.7175543904304504,0.044674891978502274,2.12249755859375,0.01589748077094555,-0.057220458984375,0.059727396816015244,-2.065277099609375
image_0523.jpg,train,0.06304550170898438,0.054021261632442474,0.35089731216430664,0.011272430419921875,0.730522632598877,0.2314063310623169,-1.619720458984375,0.013060355558991432,0.1262664794921875,0.03950676694512367,1.4934539794921875
image_0524.jpg,train,0.003528594970703125,0.005805143155157566,0.011145692318677902,0.000492095947265625,0.7071872353553772,0.0031626063864678144,-0.2166748046875,0.005548108369112015,0.128936767578125,0.8205128312110901,0.087738037109375
image_0525.jpg,train,0.04120635986328125,0.042352087795734406,0.2940642237663269,0.0066375732421875,0.7218994498252869,0.07214397192001343,-0.4070281982421875,0.01916571520268917,-0.2887725830078125,0.03787277638912201,0.69580078125
image_0526.jpg,train,0.047298431396484375,0.05014156177639961,0.32913804054260254,0.0051116943359375,0.7052798867225647,0.051853060722351074,1.2554168701171875,0.021312609314918518,-0.292205810546875,0.0657181367278099,-0.9632110595703125
image_0527.jpg,train,0.074188232421875,0.06720267981290817,0.3675692081451416,0.014781951904296875,0.7417904734611511,0.15016821026802063,-0.3421783447265625,0.018413309007883072,0.4436492919921875,0.055902522057294846,-0.101470947265625
image_0528.jpg,val,0.09439468383789062,0.08239106833934784,0.3953148126602173,0.013092041015625,0.7276201248168945,0.09295953810214996,3.1093597412109375,0.020263101905584335,0.305938720703125,0.11532033234834671,-3.4152984619140625
image_0529.jpg,train,0.0211334228515625,0.015126078389585018,0.0916174128651619,0.00409698486328125,0.7522559762001038,0.27478915452957153,0.06103515625,0.34277817606925964,-0.1556396484375,0.0104516064748168,0.0946044921875
image_0530.jpg,train,0.004543304443359375,0.015802942216396332,0.0731581449508667,0.000766754150390625,0.7328131794929504,,0.3875732421875,,0.0667572021484375,0.004543304443359375,-0.4543304443359375
image_0531.jpg,train,0.07756423950195312,0.07761302590370178,0.38954123854637146,0.00992584228515625,0.713087797164917,0.1275911033153534,-0.5615234375,0.02262614481151104,0.2925872802734375,0.06278295814990997,0.2689361572265625
image_0532.jpg,train,0.06528091430664062,0.06023014336824417,0.3510386347770691,0.012004852294921875,0.7383314371109009,0.1834159940481186,0.1743316650390625,0.029460208490490913,0.2651214599609375,0.044910673052072525,-0.439453125
image_0533.jpg,train,0.053943634033203125,0.05476975440979004,0.34216007590293884,0.006359100341796875,0.7128645777702332,0.07016847282648087,1.126861572265625,0.024124979972839355,0.222015380859375,0.05393838882446289,-1.348876953125
image_0534.jpg,train,0.07768630981445312,0.07371678948402405,0.38821840286254883,0.01070404052734375,0.7174648642539978,0.10545182973146439,1.385498046875,0.02014721743762493,0.2712249755859375,0.0762130469083786,-1.6567230224609375
image_0535.jpg,train,0.09276580810546875,0.08418761193752289,0.4009970724582672,0.0165863037109375,0.7298560738563538,0.18864040076732635,-1.2042999267578125,0.025082971900701523,0.2132415771484375,0.06427310407161713,0.991058349609375
image_0536.jpg,val,0.10568618774414062,0.0900467112660408,0.404633492231369,0.023040771484375,0.7461330890655518,0.25356924533843994,-4.4101715087890625,0.5737051963806152,-0.0141143798828125,0.04349001869559288,4.424285888671875
image_0537.jpg,train,0.06998443603515625,0.07721550762653351,0.3863809108734131,0.00623321533203125,0.7029568552970886,0.11328232288360596,-0.5954742431640625,0.5368421077728271,-0.0286102294921875,0.04773673415184021,0.62408447265625
image_0538.jpg,train,0.07385635375976562,0.07105999439954758,0.37510642409324646,0.01276397705078125,0.7302515506744385,0.20459428429603577,-4.1751861572265625,0.38333332538604736,-0.006103515625,0.022315090522170067,4.1812896728515625
image_0539.jpg,train,0.05686187744140625,0.06477413326501846,0.3632051646709442,0.006366729736328125,0.7068713903427124,0.1830412596464157,-0.8434295654296875,0.45098039507865906,-0.0057220458984375,0.029426919296383858,0.849151611328125
image_0540.jpg,train,0.03868865966796875,0.03060237318277359,0.23563210666179657,0.006198883056640625,0.7389623522758484,0.688808023929596,3.2886505126953125,,0.0026702880859375,0.035951655358076096,-3.29132080078125
image_0541.jpg,train,0.09873580932617188,0.07274796068668365,0.38423287868499756,0.0275115966796875,0.767855703830719,0.2614878714084625,-3.441619873046875,0.18579235672950745,0.0141143798828125,0.04317982867360115,3.4275054931640625
image_0542.jpg,val,0.12556076049804688,0.08524283021688461,0.39858943223953247,0.037876129150390625,0.7771822214126587,0.24823430180549622,-4.07867431640625,0.5333333611488342,-0.0087738037109375,0.0636778250336647,4.0874481201171875
image_0543.jpg,train,0.01424407958984375,0.025808237493038177,0.16278447210788727,0.00049591064453125,0.6786004900932312,,1.42364501953125,,0.000762939453125,0.01424407958984375,-1.424407958984375
image_0544.jpg,train,0.0061798095703125,0.006454537622630596,0.016483290120959282,0.00225067138671875,0.7906723618507385,0.5060415863990784,-0.2292633056640625,0.057788945734500885,0.0308990478515625,0.002118015894666314,0.1983642578125
image_0545.jpg,train,0.012279510498046875,0.010098891332745552,0.02890731953084469,0.002307891845703125,0.7380115985870361,0.3981182873249054,-0.1056671142578125,0.2209172248840332,-0.091552734375,0.005233092699199915,0.1972198486328125
image_0546.jpg,train,0.14702224731445312,0.09295845031738281,0.41152718663215637,0.04303741455078125,0.776075541973114,0.533450722694397,7.77435302734375,0.0052287583239376545,5.7880401611328125,0.14697164297103882,-13.562393188476562
image_0547.jpg,train,0.01863861083984375,0.019873693585395813,0.13700085878372192,0.002532958984375,0.7121522426605225,0.009581254795193672,0.0308990478515625,0.49373432993888855,-0.0606536865234375,0.1363557130098343,0.029754638671875
image_0548.jpg,train,0.035442352294921875,0.03544914349913597,0.26508399844169617,0.004657745361328125,0.7197669148445129,0.023654794320464134,-0.4581451416015625,0.6220095753669739,-0.07781982421875,0.08983501046895981,0.5359649658203125
image_0549.jpg,train,0.027568817138671875,0.019862931221723557,0.1321537345647812,0.010364532470703125,0.7944821715354919,0.008071730844676495,1.20697021484375,0.5140625238418579,-0.101470947265625,0.2947481870651245,-1.105499267578125
image_0550.jpg,val,0.02643585205078125,0.028847403824329376,0.2170087993144989,0.003292083740234375,0.710839033126831,0.015461765229701996,-0.1682281494140625,0.40587595105171204,-0.1155853271484375,0.10255967080593109,0.2838134765625
image_0551.jpg,train,0.01175689697265625,0.013645811006426811,0.06559397280216217,0.001644134521484375,0.715549111366272,0.007564380764961243,-0.2895355224609375,0.447674423456192,-0.0247955322265625,0.10121716558933258,0.3143310546875
image_0552.jpg,test,0.030292510986328125,0.030908411368727684,0.22696304321289062,0.00505828857421875,0.7245685458183289,0.01499110832810402,0.110626220703125,0.3892580270767212,-0.0827789306640625,0.1753702610731125,-0.0278472900390625
image_0553.jpg,train,0.01222991943359375,0.013511897996068,0.06716853380203247,0.00177764892578125,0.7223566770553589,0.009426150470972061,-0.57220458984375,0.29600000381469727,-0.0072479248046875,0.062221549451351166,0.5794525146484375
image_0554.jpg,train,0.01033782958984375,0.00916153285652399,0.02832891419529915,0.00234222412109375,0.753006637096405,0.003921369090676308,0.2658843994140625,0.4285714328289032,-0.0095367431640625,0.24594275653362274,-0.25634765625
image_0555.jpg,train,0.014251708984375,0.01477101445198059,0.07903115451335907,0.002285003662109375,0.7286979556083679,0.006764859892427921,0.1239776611328125,0.5185185074806213,-0.0225067138671875,0.14533977210521698,-0.101470947265625
image_0556.jpg,test,0.0047454833984375,0.0050705960020422935,0.009314339607954025,0.000637054443359375,0.7231861352920532,0.6315789222717285,0.09765625,0.41588786244392395,-0.011444091796875,0.0028132356237620115,-0.086212158203125
image_0557.jpg,train,0.007122039794921875,0.004698177333921194,0.0061067696660757065,0.002910614013671875,0.8176472187042236,0.0034038443118333817,0.0392913818359375,0.7428571581840515,-0.0091552734375,0.292326420545578,-0.0301361083984375
image_0558.jpg,test,0.0124359130859375,0.013245888985693455,0.06321978569030762,0.002529144287109375,0.7372058033943176,0.007510174065828323,-0.212860107421875,0.738095223903656,-0.0453948974609375,0.11520737409591675,0.2582550048828125
image_0559.jpg,train,0.034648895263671875,0.03684498369693756,0.27463391423225403,0.005840301513671875,0.7226115465164185,0.020789749920368195,-0.3215789794921875,0.6504854559898376,-0.020599365234375,0.16952189803123474,0.3421783447265625
image_0560.jpg,test,0.02098846435546875,0.023568443953990936,0.16771316528320312,0.002044677734375,0.7068792581558228,0.016231989488005638,-0.9838104248046875,0.70243901014328,-0.0499725341796875,0.0889897421002388,1.033782958984375
image_0561.jpg,train,0.022411346435546875,0.024944379925727844,0.1816563904285431,0.002597808837890625,0.7105951309204102,0.014951767399907112,-0.536346435546875,0.6818181872367859,-0.0415802001953125,0.09149961173534393,0.5779266357421875
image_0562.jpg,train,0.02996063232421875,0.03359472006559372,0.2528918385505676,0.00315093994140625,0.7010159492492676,0.01795797422528267,-0.23651123046875,0.43995964527130127,-0.1033782958984375,0.10231594741344452,0.3398895263671875
image_0563.jpg,train,0.002086639404296875,0.0011060453252866864,0.00031564757227897644,0.001270294189453125,0.8674210906028748,0.00045521141146309674,0.1178741455078125,,0.0,0.5887207984924316,-0.1178741455078125
image_0564.jpg,train,0.00130462646484375,0.0002147552731912583,2.5033950805664062e-05,0.0010986328125,0.9492506980895996,3.057519643334672e-05,0.124359130859375,,0.0,0.6761133670806885,-0.124359130859375
image_0565.jpg,train,0.001018524169921875,0.00050967006245628,0.00015175342559814453,0.000431060791015625,0.8189908862113953,0.0004813716805074364,0.0057220458984375,,0.0,0.35969388484954834,-0.0057220458984375
image_0566.jpg,train,0.00048828125,0.00031701737316325307,1.621246337890625e-05,0.00018310546875,0.7987452745437622,3.819199264398776e-05,0.04119873046875,,0.0,0.38187703490257263,-0.04119873046875
image_0567.jpg,train,0.005771636962890625,0.0022493507713079453,0.0006994009017944336,0.00323486328125,0.8613693714141846,0.0012537583243101835,0.3299713134765625,,0.0,0.3195377588272095,-0.3299713134765625
image_0568.jpg,train,0.00164031982421875,0.000919954851269722,1.5497207641601562e-05,0.00045013427734375,0.7681520581245422,0.0001073759631253779,0.142669677734375,,0.0,0.2917271554470062,-0.142669677734375
image_0569.jpg,val,0.0054931640625,0.0021517695859074593,0.00013862177729606628,0.002674102783203125,0.8449832797050476,0.002424307633191347,0.06866455078125,0.1538461595773697,-0.003814697265625,0.36305731534957886,-0.064849853515625
image_0570.jpg,train,0.0003814697265625,0.00023526503355242312,8.463859558105469e-06,0.000186920166015625,0.8337920904159546,9.930790110956877e-05,0.018310546875,,0.0,0.22289156913757324,-0.018310546875
image_0571.jpg,train,0.003650665283203125,0.002050166018307209,0.00010824203491210938,0.00122833251953125,0.7983677387237549,0.0010224083671346307,0.1598358154296875,1.0,-0.002288818359375,0.34806910157203674,-0.1575469970703125
image_0572.jpg,train,0.002979278564453125,0.0015683808596804738,2.753734588623047e-05,0.0011749267578125,0.8044061064720154,0.0006660455255769193,0.0766754150390625,0.038699690252542496,0.119781494140625,0.5027027130126953,-0.1964569091796875
image_0573.jpg,train,0.0044097900390625,0.0026317983865737915,0.0001315884292125702,0.001384735107421875,0.7720866203308105,0.001003234414383769,0.1270294189453125,0.04247266426682472,0.170135498046875,0.4971892535686493,-0.2971649169921875
image_0574.jpg,train,0.06829071044921875,0.06273993849754333,0.3700104355812073,0.01572418212890625,0.7367141246795654,0.026335638016462326,3.688812255859375,0.05620943754911423,-0.49285888671875,0.2927345633506775,-3.195953369140625
image_0575.jpg,test,0.07041168212890625,0.06633263826370239,0.387140154838562,0.014400482177734375,0.7224695086479187,0.11659572273492813,1.2054443359375,0.013686161488294601,1.6704559326171875,0.1211838573217392,-2.8759002685546875
image_0576.jpg,train,0.034160614013671875,0.04012034833431244,0.2899896502494812,0.0028533935546875,0.6910663843154907,0.00801161304116249,2.57568359375,0.0465291328728199,-1.9207000732421875,0.3209729492664337,-0.6549835205078125
image_0577.jpg,train,0.06539154052734375,0.0590352863073349,0.3612929582595825,0.012783050537109375,0.7309255003929138,0.02166798710823059,4.0431976318359375,0.03971356153488159,-0.4398345947265625,0.20574459433555603,-3.603363037109375
image_0578.jpg,train,0.058837890625,0.06686441600322723,0.3857302665710449,0.00443267822265625,0.6793553829193115,0.1339021921157837,0.243377685546875,0.021235641092061996,0.1422882080078125,0.06685984879732132,-0.3856658935546875
image_0579.jpg,train,0.05899810791015625,0.06725552678108215,0.3887574076652527,0.005046844482421875,0.6782562136650085,0.14519432187080383,-0.331878662109375,0.01979261450469494,0.5126953125,0.06228094547986984,-0.180816650390625
image_0580.jpg,train,0.059406280517578125,0.06285090744495392,0.3736835718154907,0.007152557373046875,0.6972446441650391,0.06459923088550568,1.8436431884765625,0.01948440633714199,0.2201080322265625,0.10970158874988556,-2.063751220703125
image_0581.jpg,train,0.08380508422851562,0.09664399921894073,0.41171592473983765,0.007457733154296875,0.6945008039474487,0.10856539011001587,-0.99945068359375,0.06457242369651794,0.0934600830078125,0.06514907628297806,0.9059906005859375
image_0582.jpg,train,0.07689666748046875,0.08568263798952103,0.3992463946342468,0.00679779052734375,0.699925422668457,0.12602290511131287,-2.7050018310546875,0.15760870277881622,0.0316619873046875,0.04218191280961037,2.67333984375
image_0583.jpg,train,0.07652664184570312,0.09036056697368622,0.4048384428024292,0.007221221923828125,0.6949411630630493,0.1151629313826561,-2.3921966552734375,0.04516129195690155,0.041961669921875,0.04672454297542572,2.3502349853515625
image_0584.jpg,train,0.1023406982421875,0.10634852945804596,0.41984954476356506,0.0108489990234375,0.7062429785728455,0.07781939208507538,1.0639190673828125,0.0656934306025505,0.0347137451171875,0.13774321973323822,-1.0986328125
image_0585.jpg,train,0.0387725830078125,0.029561007395386696,0.2451310008764267,0.012104034423828125,0.7498544454574585,0.24479690194129944,-0.0095367431640625,0.0026369206607341766,1.77001953125,0.16795684397220612,-1.7604827880859375
image_0586.jpg,val,0.030902862548828125,0.027740444988012314,0.2207302451133728,0.0077972412109375,0.7306512594223022,0.07536417990922928,0.891876220703125,0.0053017172031104565,0.9769439697265625,0.15990009903907776,-1.8688201904296875
image_0587.jpg,train,0.030315399169921875,0.02550199255347252,0.1973310112953186,0.009006500244140625,0.7399947047233582,0.08827602863311768,0.7381439208984375,0.006891855038702488,1.031494140625,0.13621388375759125,-1.7696380615234375
image_0588.jpg,train,0.0001983642578125,1.3213798411015887e-07,1.1920928955078125e-07,0.0001983642578125,0.9999985098838806,0.0,0.01983642578125,1.0,-0.000762939453125,1.0,-0.019073486328125
image_0589.jpg,train,0.039581298828125,0.04226437956094742,0.3018433749675751,0.004978179931640625,0.6964970827102661,0.2950887382030487,0.382232666015625,0.12192080169916153,-0.5558013916015625,0.019303513690829277,0.1735687255859375
image_0590.jpg,test,0.034679412841796875,0.028826389461755753,0.20209872722625732,0.007274627685546875,0.7542406916618347,0.407806396484375,0.9021759033203125,0.5522204041481018,-0.42724609375,0.020275792106986046,-0.4749298095703125
image_0591.jpg,train,0.012660980224609375,0.016895338892936707,0.08389239013195038,0.002651214599609375,0.7526070475578308,0.10504385828971863,0.463104248046875,0.8879310488700867,-0.077056884765625,0.008524795062839985,-0.38604736328125
image_0592.jpg,train,0.13092803955078125,0.10386570543050766,0.4276922345161438,0.02252960205078125,0.7296037077903748,0.1733401119709015,0.4302978515625,0.04984740540385246,1.98974609375,0.11243963241577148,-2.4200439453125
image_0593.jpg,train,0.01134490966796875,0.01859338954091072,0.10522699356079102,0.000335693359375,0.6858986020088196,0.2072531133890152,0.05950927734375,0.8518518805503845,-0.0152587890625,0.006048931740224361,-0.04425048828125
image_0594.jpg,val,0.0660552978515625,0.06800885498523712,0.3675745129585266,0.00833892822265625,0.7191236615180969,0.0824013501405716,0.94451904296875,0.1928934007883072,0.2735137939453125,0.058020323514938354,-1.2180328369140625
image_0595.jpg,train,0.034091949462890625,0.03429871052503586,0.24955230951309204,0.004909515380859375,0.7354428172111511,0.2858075201511383,-1.22222900390625,0.5571687817573547,0.0537872314453125,0.012152734212577343,1.1684417724609375
image_0596.jpg,train,0.0635528564453125,0.061202190816402435,0.35338395833969116,0.008396148681640625,0.7243892550468445,0.23473022878170013,-2.5890350341796875,0.2846153974533081,0.659942626953125,0.02684573084115982,1.9290924072265625
image_0597.jpg,train,0.03333282470703125,0.04090121388435364,0.2785482108592987,0.003055572509765625,0.6987924575805664,0.12147019058465958,1.4034271240234375,,0.278472900390625,0.026893604546785355,-1.6819000244140625
image_0598.jpg,test,0.120025634765625,0.0899626761674881,0.40053659677505493,0.022693634033203125,0.7504314184188843,0.12074652314186096,2.596282958984375,,0.592803955078125,0.11961043626070023,-3.1890869140625
image_0599.jpg,train,0.057605743408203125,0.051240429282188416,0.3294990658760071,0.01074981689453125,0.7407203912734985,0.19554083049297333,-1.247406005859375,0.0,0.5889892578125,0.03043033555150032,0.658416748046875
image_0600.jpg,train,0.059467315673828125,0.0575738400220871,0.3567705750465393,0.006694793701171875,0.7094904780387878,0.21645791828632355,-0.6290435791015625,0.11700940877199173,-0.0560760498046875,0.030698437243700027,0.68511962890625
image_0601.jpg,train,0.0828399658203125,0.07747622579336166,0.3958919942378998,0.0106048583984375,0.7149797081947327,0.16339106857776642,3.71856689453125,0.0908198356628418,0.4974365234375,0.07159445434808731,-4.21600341796875
image_0602.jpg,train,0.06388092041015625,0.05363660305738449,0.33855488896369934,0.011669158935546875,0.7397171258926392,0.036852702498435974,3.310394287109375,0.10104861855506897,0.09307861328125,0.08218620717525482,-3.403472900390625
image_0603.jpg,train,0.08316802978515625,0.06410206854343414,0.36313143372535706,0.01854705810546875,0.7541627287864685,0.03755048289895058,4.9571990966796875,,0.3314971923828125,0.11436720192432404,-5.2886962890625
image_0604.jpg,train,0.10894775390625,0.09789377450942993,0.42293572425842285,0.015316009521484375,0.714592695236206,0.10739766061306,3.1650543212890625,0.1911010444164276,-1.1295318603515625,0.09645801037549973,-2.0355224609375
image_0605.jpg,train,0.03795623779296875,0.03910820186138153,0.2728492021560669,0.004611968994140625,0.721504807472229,0.18731144070625305,-1.2317657470703125,0.0396825410425663,-0.0030517578125,0.014799322001636028,1.2348175048828125
image_0606.jpg,train,0.0242919921875,0.018296707421541214,0.11802101880311966,0.006011962890625,0.7602673768997192,0.5909276604652405,-0.922393798828125,0.05825061723589897,-0.0030517578125,0.00830975640565157,0.925445556640625
image_0607.jpg,train,0.058135986328125,0.052169449627399445,0.3310532867908478,0.0113983154296875,0.7411498427391052,0.15524499118328094,-2.45819091796875,,0.0,0.02286980114877224,2.45819091796875
image_0608.jpg,test,0.045757293701171875,0.03985824063420296,0.2843508720397949,0.010883331298828125,0.7533391118049622,0.21976695954799652,-2.6477813720703125,,0.0,0.011535546742379665,2.6477813720703125
image_0609.jpg,train,0.04912567138671875,0.043502580374479294,0.3002043068408966,0.008625030517578125,0.7389964461326599,0.1282331794500351,-2.1556854248046875,0.034034814685583115,0.019073486328125,0.019277766346931458,2.1366119384765625
image_0610.jpg,train,0.05454254150390625,0.038821302354335785,0.2745243012905121,0.01373291015625,0.7675521969795227,0.20585699379444122,-3.515625,0.04005385562777519,-0.030517578125,0.012265754863619804,3.546142578125
image_0611.jpg,train,0.039539337158203125,0.033130526542663574,0.24457836151123047,0.00782012939453125,0.7480695247650146,0.12448937445878983,-2.0771026611328125,0.05065666139125824,-0.009918212890625,0.012335526756942272,2.0870208740234375
image_0612.jpg,train,0.0182037353515625,0.018553301692008972,0.11885743588209152,0.0031585693359375,0.7331104278564453,0.24821734428405762,-0.618743896484375,0.046410124748945236,-0.116729736328125,0.0058318376541137695,0.7354736328125
image_0613.jpg,train,0.057956695556640625,0.055519022047519684,0.3458692133426666,0.008266448974609375,0.7194073796272278,0.06505569070577621,1.149749755859375,0.05682580545544624,0.3398895263671875,0.05487191677093506,-1.4896392822265625
image_0614.jpg,train,0.09770965576171875,0.08716056495904922,0.40382662415504456,0.01279449462890625,0.7222837805747986,0.12209174782037735,3.1047821044921875,0.026499303057789803,0.2986907958984375,0.09004520624876022,-3.403472900390625
image_0615.jpg,train,0.00086212158203125,0.0006523687625303864,0.000855565071105957,0.00026702880859375,0.7968200445175171,,0.0,0.04395604506134987,0.070953369140625,0.0007871939451433718,-0.070953369140625
image_0616.jpg,train,0.000244140625,0.0009882885497063398,0.0016900114715099335,0.0,0.6082497835159302,,0.0244140625,,0.0,0.000244140625,-0.0244140625
image_0617.jpg,train,0.00109100341796875,0.001288874540477991,0.0008987188339233398,0.000263214111328125,0.7765699028968811,,0.109100341796875,,0.0,0.00109100341796875,-0.109100341796875
image_0618.jpg,train,0.052089691162109375,0.053180769085884094,0.3373614549636841,0.006134033203125,0.7132649421691895,0.038093071430921555,0.0820159912109375,0.03467153385281563,0.0087738037109375,0.08092310279607773,-0.090789794921875
image_0619.jpg,train,0.04262542724609375,0.04272616654634476,0.29769375920295715,0.005157470703125,0.719028651714325,0.026304760947823524,0.144195556640625,,0.0,0.10145080089569092,-0.144195556640625
image_0620.jpg,train,0.021106719970703125,0.023815883323550224,0.16826334595680237,0.002838134765625,0.719650149345398,0.007448396645486355,0.7297515869140625,0.34375,0.000762939453125,0.18316514790058136,-0.7305145263671875
image_0621.jpg,train,0.014141082763671875,0.013089023530483246,0.06222640350461006,0.002925872802734375,0.7445469498634338,0.004831924568861723,0.4940032958984375,,0.0,0.19921937584877014,-0.4940032958984375
image_0622.jpg,train,0.026348114013671875,0.026100873947143555,0.19096066057682037,0.003864288330078125,0.7269182205200195,0.008623928762972355,1.0936737060546875,,0.0,0.17508599162101746,-1.0936737060546875
image_0623.jpg,train,0.0345001220703125,0.039135776460170746,0.2844873070716858,0.00344085693359375,0.7017577886581421,0.020134801045060158,0.0263214111328125,0.1538461595773697,0.0026702880859375,0.1155787780880928,-0.02899169921875
image_0624.jpg,train,0.07764434814453125,0.06740841269493103,0.3707038164138794,0.014049530029296875,0.7382678985595703,0.04885883629322052,2.57415771484375,0.1818181872367859,0.000762939453125,0.11020119488239288,-2.574920654296875
image_0625.jpg,train,0.05780029296875,0.05632443726062775,0.3524335026741028,0.005584716796875,0.7085327506065369,0.05905580520629883,1.5583038330078125,0.11136685311794281,-0.0980377197265625,0.0553957037627697,-1.46026611328125
image_0626.jpg,test,0.059261322021484375,0.05428116023540497,0.3409145772457123,0.008983612060546875,0.7282056212425232,0.04238910600543022,3.4740447998046875,0.11748633533716202,-0.0274658203125,0.06555137783288956,-3.4465789794921875
image_0627.jpg,train,0.03659820556640625,0.039009787142276764,0.27851781249046326,0.00409698486328125,0.7139794826507568,0.013836483471095562,1.312255859375,0.0,0.006866455078125,0.16292724013328552,-1.319122314453125
image_0628.jpg,test,0.03787994384765625,0.03388366103172302,0.24622690677642822,0.007183074951171875,0.743287205696106,0.01294762548059225,1.569366455078125,0.20879121124744415,-0.0034332275390625,0.1851910501718521,-1.5659332275390625
image_0629.jpg,train,0.042781829833984375,0.04268297180533409,0.2963450253009796,0.006011962890625,0.7222368121147156,0.022450603544712067,0.8327484130859375,0.054054055362939835,0.006103515625,0.10854095220565796,-0.8388519287109375
image_0630.jpg,train,0.040508270263671875,0.03977564349770546,0.2823619246482849,0.00579071044921875,0.7253776788711548,0.028197478502988815,-0.176239013671875,0.18421052396297455,-0.00152587890625,0.07724988460540771,0.177764892578125
image_0631.jpg,train,0.0465240478515625,0.04582344740629196,0.308908611536026,0.0054931640625,0.7192899584770203,0.028158098459243774,0.32806396484375,0.2222222238779068,-0.00152587890625,0.1072426587343216,-0.3265380859375
image_0632.jpg,train,0.03624725341796875,0.03682919591665268,0.2679649889469147,0.004909515380859375,0.722659170627594,0.021359803155064583,0.2925872802734375,0.17741934955120087,-0.0030517578125,0.08874388039112091,-0.2895355224609375
image_0633.jpg,train,0.041538238525390625,0.04066096991300583,0.2888897955417633,0.005435943603515625,0.7232634425163269,0.03523875027894974,-0.4238128662109375,0.06986899673938751,0.02288818359375,0.0528675876557827,0.4009246826171875
image_0634.jpg,train,0.033733367919921875,0.03001510724425316,0.22402851283550262,0.0072174072265625,0.7461849451065063,0.009518848732113838,1.7002105712890625,,0.0,0.20938946306705475,-1.7002105712890625
image_0635.jpg,train,0.0351104736328125,0.03137698397040367,0.23360157012939453,0.006175994873046875,0.7388573288917542,0.0076608057133853436,2.198028564453125,,0.0,0.19957859814167023,-2.198028564453125
image_0636.jpg,train,0.04251861572265625,0.037343427538871765,0.2723318636417389,0.00806427001953125,0.7416996359825134,0.012706619687378407,2.215576171875,,0.0,0.16271883249282837,-2.215576171875
image_0637.jpg,train,0.05150604248046875,0.05427921190857887,0.33745694160461426,0.006458282470703125,0.717843770980835,0.02950117737054825,1.470947265625,,0.0,0.08796967566013336,-1.470947265625
image_0638.jpg,test,0.051685333251953125,0.052854619920253754,0.3337141275405884,0.00684356689453125,0.7174254655838013,0.03794128820300102,0.8457183837890625,,0.0,0.06987979263067245,-0.8457183837890625
image_0639.jpg,train,0.058330535888671875,0.05481729656457901,0.345126211643219,0.009189605712890625,0.726121187210083,0.08632286638021469,-0.1972198486328125,0.07950838655233383,0.0640869140625,0.04335350915789604,0.1331329345703125
image_0640.jpg,train,0.06508255004882812,0.05124776437878609,0.3361198604106903,0.014850616455078125,0.7507079839706421,0.10311566293239594,-0.2742767333984375,0.07436453551054001,-0.0019073486328125,0.047306858003139496,0.27618408203125
image_0641.jpg,train,0.04804229736328125,0.053510647267103195,0.3363947868347168,0.005130767822265625,0.7090613842010498,0.032759688794612885,0.4436492919921875,0.03401360660791397,-0.0064849853515625,0.07930252701044083,-0.437164306640625
image_0642.jpg,train,0.052562713623046875,0.053005315363407135,0.33117976784706116,0.00738525390625,0.7255275845527649,0.04022110253572464,-0.3681182861328125,0.025423727929592133,0.0030517578125,0.0814027413725853,0.3650665283203125
image_0643.jpg,train,0.03275299072265625,0.03299236670136452,0.24481549859046936,0.0046539306640625,0.7216654419898987,0.015702808275818825,0.6191253662109375,0.04643387719988823,-0.0362396240234375,0.13068091869354248,-0.5828857421875
image_0644.jpg,train,0.02547454833984375,0.02586345747113228,0.19163912534713745,0.003955841064453125,0.7307553887367249,0.012074102647602558,0.414276123046875,,0.0,0.12697063386440277,-0.414276123046875
image_0645.jpg,train,0.049106597900390625,0.04830286279320717,0.3186919093132019,0.00820159912109375,0.7306753993034363,0.050949595868587494,0.3055572509765625,0.12583200633525848,-0.0949859619140625,0.04599348083138466,-0.2105712890625
image_0646.jpg,train,0.045684814453125,0.05005601793527603,0.32366394996643066,0.00536346435546875,0.71014803647995,0.03188324719667435,0.80413818359375,0.08435891568660736,-0.020599365234375,0.06233518570661545,-0.783538818359375
image_0647.jpg,train,0.06451416015625,0.06313680112361908,0.3627151846885681,0.0077972412109375,0.7163301706314087,0.039114996790885925,2.77862548828125,,0.0,0.08699153363704681,-2.77862548828125
image_0648.jpg,test,0.060993194580078125,0.057833921164274216,0.3477855324745178,0.011016845703125,0.7340760827064514,0.034845881164073944,1.8421173095703125,0.10000000149011612,0.0003814697265625,0.1020200103521347,-1.842498779296875
image_0649.jpg,train,0.051624298095703125,0.05366698279976845,0.338798850774765,0.006092071533203125,0.7138345837593079,0.06608732789754868,0.119781494140625,0.08280254900455475,0.0522613525390625,0.0427754744887352,-0.1720428466796875
image_0650.jpg,train,0.059207916259765625,0.05764225125312805,0.3456217348575592,0.009197235107421875,0.7276415824890137,0.08090269565582275,0.6603240966796875,0.04313725605607033,0.061798095703125,0.04913046583533287,-0.7221221923828125
image_0651.jpg,train,0.037433624267578125,0.03890618681907654,0.28250962495803833,0.004154205322265625,0.7126305103302002,0.024543868377804756,0.2323150634765625,,0.0,0.06981230527162552,-0.2323150634765625
image_0652.jpg,train,0.03435516357421875,0.03606133535504341,0.26256677508354187,0.004863739013671875,0.7191895842552185,0.024120161309838295,0.1251220703125,,0.0,0.05673957243561745,-0.1251220703125
image_0653.jpg,train,0.051052093505859375,0.05248415842652321,0.33188292384147644,0.00606536865234375,0.7161303758621216,0.023918701335787773,1.6628265380859375,,0.0,0.12068566679954529,-1.6628265380859375
image_0654.jpg,train,0.060939788818359375,0.05756020545959473,0.3499033749103546,0.008472442626953125,0.7243002653121948,0.03698142617940903,2.239990234375,0.10037174820899963,-0.0091552734375,0.0869506224989891,-2.2308349609375
image_0655.jpg,train,0.054813385009765625,0.05856592208147049,0.3464285135269165,0.007419586181640625,0.7195041179656982,0.03596016392111778,1.6437530517578125,,0.0,0.07638201862573624,-1.6437530517578125
image_0656.jpg,train,0.0699462890625,0.06695779412984848,0.3692905604839325,0.010478973388671875,0.7246934175491333,0.055682241916656494,1.96380615234375,0.04545454680919647,0.0,0.08170166611671448,-1.96380615234375
image_0657.jpg,train,0.039463043212890625,0.04069153591990471,0.2871209979057312,0.005397796630859375,0.7188571095466614,0.042748477309942245,0.3147125244140625,,0.0,0.03703703731298447,-0.3147125244140625
image_0658.jpg,train,0.010372161865234375,0.009986728429794312,0.03318878635764122,0.002162933349609375,0.7451851963996887,0.005392445717006922,-0.0095367431640625,,0.0,0.17461757361888885,0.0095367431640625
image_0659.jpg,train,0.03627777099609375,0.035643287003040314,0.2624422013759613,0.00579833984375,0.7302625775337219,0.015366462990641594,1.084136962890625,,0.0,0.1367036998271942,-1.084136962890625
image_0660.jpg,train,0.040119171142578125,0.038021136075258255,0.2740800082683563,0.0057220458984375,0.7292456030845642,0.02577071264386177,1.0730743408203125,,0.0,0.059154003858566284,-1.0730743408203125
image_0661.jpg,train,0.05035400390625,0.056441422551870346,0.34992101788520813,0.004825592041015625,0.6983017325401306,0.0463421605527401,1.0601043701171875,0.039274923503398895,0.000762939453125,0.05338958650827408,-1.0608673095703125
image_0662.jpg,train,0.0588226318359375,0.05960056185722351,0.35196539759635925,0.007694244384765625,0.7201305627822876,0.028811149299144745,2.51007080078125,0.023668639361858368,0.0019073486328125,0.10131574422121048,-2.5119781494140625
image_0663.jpg,train,0.0437774658203125,0.04183164983987808,0.2872363030910492,0.007457733154296875,0.7347753047943115,0.01233203150331974,2.352142333984375,,0.0,0.1882777363061905,-2.352142333984375
image_0664.jpg,train,0.041706085205078125,0.040357328951358795,0.2914528250694275,0.006702423095703125,0.7251746654510498,0.024336107075214386,0.2223968505859375,,0.0,0.11633028090000153,-0.2223968505859375
image_0665.jpg,test,0.03998565673828125,0.038825634866952896,0.27740928530693054,0.0069580078125,0.7324440479278564,0.019359983503818512,0.830841064453125,,0.0,0.1327572762966156,-0.830841064453125
image_0666.jpg,val,0.02896881103515625,0.02980024367570877,0.21873386204242706,0.004955291748046875,0.7322337031364441,0.012332320213317871,0.6622314453125,,0.0,0.18934166431427002,-0.6622314453125
image_0667.jpg,train,0.055370330810546875,0.05632691830396652,0.34164848923683167,0.007053375244140625,0.7190810441970825,0.02512183040380478,2.263641357421875,0.0535714291036129,0.00152587890625,0.11189798265695572,-2.265167236328125
image_0668.jpg,test,0.00835418701171875,0.014461744576692581,0.0695083811879158,0.000331878662109375,0.6565220952033997,0.05750931054353714,0.251007080078125,0.004173098597675562,-0.006103515625,0.4463840425014496,-0.244903564453125
image_0669.jpg,train,0.008625030517578125,0.014367545954883099,0.06541745364665985,0.00038909912109375,0.6605069637298584,0.05665259435772896,0.3353118896484375,0.00503414636477828,-0.145721435546875,0.42717719078063965,-0.1895904541015625
image_0670.jpg,train,0.004230499267578125,0.0055039566941559315,0.006768019869923592,0.0004730224609375,0.7072238922119141,0.5365853905677795,-0.006866455078125,0.0762164518237114,-0.00762939453125,0.002093337709084153,0.014495849609375
image_0671.jpg,train,0.007110595703125,0.00493221590295434,0.005703190341591835,0.002933502197265625,0.8091936707496643,0.7396593689918518,-0.106048583984375,0.12587560713291168,0.133514404296875,0.0037623238749802113,-0.0274658203125
image_0672.jpg,train,0.017574310302734375,0.01372515968978405,0.07315792888402939,0.00408935546875,0.7550143003463745,0.7405275702476501,-0.5634307861328125,0.12208855897188187,-0.66986083984375,0.002818845445290208,1.2332916259765625
image_0673.jpg,train,0.02770233154296875,0.02651507407426834,0.19877780973911285,0.00482940673828125,0.733356237411499,0.6421568393707275,-0.1346588134765625,0.12844902276992798,-1.01776123046875,0.009348905645310879,1.1524200439453125
image_0674.jpg,val,0.015804290771484375,0.01285023707896471,0.06344126164913177,0.0035247802734375,0.7538506388664246,0.5868055820465088,-0.00762939453125,0.13650307059288025,-0.0980377197265625,0.0078060440719127655,0.1056671142578125
image_0675.jpg,train,0.023349761962890625,0.020926330238580704,0.1470119208097458,0.004848480224609375,0.7428543567657471,0.7406014800071716,0.00762939453125,0.13477061688899994,-0.9517669677734375,0.007852068170905113,0.9441375732421875
image_0676.jpg,train,0.01749420166015625,0.016916390508413315,0.10339242964982986,0.0034637451171875,0.7362057566642761,0.7037037014961243,-0.0774383544921875,0.14312390983104706,-1.1600494384765625,0.0027888831682503223,1.23748779296875
image_0677.jpg,train,0.027767181396484375,0.02689015306532383,0.20012851059436798,0.004917144775390625,0.7356297969818115,0.6383763551712036,-0.0732421875,0.12997101247310638,-1.1348724365234375,0.009138025343418121,1.2081146240234375
image_0678.jpg,train,0.005695343017578125,0.005552969872951508,0.00817643292248249,0.000408172607421875,0.7065702676773071,1.0,0.347137451171875,0.1360415667295456,-0.0049591064453125,0.004592025186866522,-0.3421783447265625
image_0679.jpg,train,0.010395050048828125,0.01097283698618412,0.039885371923446655,0.0022735595703125,0.7393933534622192,0.4079096019268036,0.000762939453125,0.15661296248435974,-0.1491546630859375,0.004575824365019798,0.1483917236328125
image_0680.jpg,train,0.01988983154296875,0.019526958465576172,0.13424865901470184,0.003398895263671875,0.7267326712608337,0.4432348310947418,0.0118255615234375,0.11489424109458923,-0.6198883056640625,0.007619763724505901,0.608062744140625
image_0681.jpg,train,0.021152496337890625,0.02054797299206257,0.13833478093147278,0.0049896240234375,0.7507298588752747,0.402525395154953,-0.6664276123046875,0.11879293620586395,-0.25482177734375,0.0064099677838385105,0.9212493896484375
image_0682.jpg,train,0.013065338134765625,0.012191167101264,0.05488717928528786,0.003353118896484375,0.7614324688911438,0.28101325035095215,-0.074005126953125,0.1587018519639969,-0.199127197265625,0.005342591553926468,0.27313232421875
image_0683.jpg,train,0.003963470458984375,0.003922457806766033,0.003169603645801544,0.000823974609375,0.7451651692390442,0.7067669034004211,-0.0255584716796875,0.20822066068649292,-0.2368927001953125,0.0006774726789444685,0.262451171875
image_0684.jpg,train,0.0232696533203125,0.019152306020259857,0.1292334944009781,0.006374359130859375,0.7643658518791199,0.6510781049728394,-0.6500244140625,0.15168313682079315,-0.5260467529296875,0.006174030713737011,1.1760711669921875
image_0685.jpg,train,0.02570343017578125,0.022367719560861588,0.16850465536117554,0.00676727294921875,0.7562669515609741,0.5342128872871399,-0.682830810546875,0.16722139716148376,-0.7877349853515625,0.005973044317215681,1.4705657958984375
image_0686.jpg,train,0.031955718994140625,0.031010886654257774,0.23279190063476562,0.00598907470703125,0.7375820875167847,0.7558770179748535,0.0392913818359375,0.1550069898366928,-0.9609222412109375,0.012934529222548008,0.921630859375
image_0687.jpg,train,0.0305328369140625,0.03201521933078766,0.24382291734218597,0.00365447998046875,0.7134104371070862,0.5600000023841858,-0.058746337890625,0.14021839201450348,-1.575469970703125,0.008380039595067501,1.63421630859375
image_0688.jpg,test,0.023807525634765625,0.023244746029376984,0.17812032997608185,0.00359344482421875,0.7236624360084534,0.8349999785423279,-0.0396728515625,0.166970357298851,-1.342010498046875,0.00560825364664197,1.381683349609375
image_0689.jpg,train,0.024578094482421875,0.02371959574520588,0.17858770489692688,0.004413604736328125,0.7345295548439026,0.7397769689559937,0.0278472900390625,0.13529205322265625,-0.670623779296875,0.010184966959059238,0.6427764892578125
image_0690.jpg,train,0.00405120849609375,0.00449065025895834,0.0029576942324638367,0.000583648681640625,0.7193760871887207,0.2142857164144516,0.012969970703125,0.15827645361423492,-0.1796722412109375,0.0012081705499440432,0.1667022705078125
image_0691.jpg,train,0.00397491455078125,0.003913107328116894,0.0016572289168834686,0.0006256103515625,0.7303949594497681,0.5079365372657776,-0.0030517578125,0.16937698423862457,-0.2338409423828125,0.0008082503918558359,0.2368927001953125
image_0692.jpg,train,0.0121002197265625,0.010260134935379028,0.03646281361579895,0.0032501220703125,0.7664802670478821,0.7732558250427246,-0.0774383544921875,0.1837167739868164,-0.170135498046875,0.004987225402146578,0.2475738525390625
image_0693.jpg,test,0.0262298583984375,0.026112079620361328,0.1972455084323883,0.00449371337890625,0.7293784618377686,0.6551724076271057,0.030517578125,0.13774609565734863,-0.615692138671875,0.011469034478068352,0.585174560546875
image_0694.jpg,train,0.03061676025390625,0.03125150501728058,0.24127797782421112,0.004535675048828125,0.7183178067207336,0.44728195667266846,-0.7076263427734375,0.15296576917171478,-0.7251739501953125,0.008903445675969124,1.43280029296875
image_0695.jpg,train,0.0234832763671875,0.02387046068906784,0.1780630648136139,0.0035400390625,0.7225929498672485,0.7884615659713745,0.00762939453125,0.15372821688652039,-0.8861541748046875,0.008170170709490776,0.8785247802734375
image_0696.jpg,val,0.028362274169921875,0.01794407330453396,0.11410991102457047,0.010223388671875,0.7996471524238586,0.9807365536689758,-0.0286102294921875,0.1819753348827362,-0.862884521484375,0.010476288385689259,0.8914947509765625
image_0697.jpg,test,0.00785064697265625,0.008193964138627052,0.020077204331755638,0.001293182373046875,0.7307483553886414,0.7488986849784851,-0.0518798828125,0.12873134016990662,-0.237274169921875,0.0025607584975659847,0.289154052734375
image_0698.jpg,train,0.011638641357421875,0.012051327154040337,0.05334156006574631,0.00164031982421875,0.7188764810562134,0.675000011920929,0.00762939453125,0.14949391782283783,-0.4306793212890625,0.003909474238753319,0.4230499267578125
image_0699.jpg,train,0.0102081298828125,0.011790663935244083,0.051165468990802765,0.0010528564453125,0.7111154198646545,0.7083333134651184,-0.01220703125,0.10921477526426315,-0.1918792724609375,0.00430508004501462,0.2040863037109375
image_0700.jpg,val,0.021312713623046875,0.017058242112398148,0.1082729771733284,0.008544921875,0.7947166562080383,0.9900990128517151,-0.6137847900390625,0.12605278193950653,-0.4154205322265625,0.005948476959019899,1.029205322265625
image_0701.jpg,train,0.00952911376953125,0.011071110144257545,0.04423072189092636,0.001140594482421875,0.7120543718338013,0.4459833800792694,-0.023651123046875,0.1235928162932396,-0.3208160400390625,0.003165394999086857,0.3444671630859375
image_0702.jpg,train,0.004535675048828125,0.0037726769223809242,0.0014814548194408417,0.001087188720703125,0.7510878443717957,0.5,0.0171661376953125,0.14535127580165863,-0.0972747802734375,0.0018999736057594419,0.080108642578125
image_0703.jpg,train,0.010791778564453125,0.015272058546543121,0.08812011033296585,0.0012054443359375,0.7050477266311646,0.1777680665254593,-0.01220703125,0.10061418265104294,-0.215911865234375,0.004480913747102022,0.228118896484375
image_0704.jpg,test,0.012180328369140625,0.009013226255774498,0.02758345939218998,0.00441741943359375,0.7927120923995972,0.32949790358543396,-0.23345947265625,0.24331927299499512,-0.1461029052734375,0.00430590333417058,0.3795623779296875
image_0705.jpg,train,0.005931854248046875,0.005662374198436737,0.007468163967132568,0.001010894775390625,0.7305284738540649,0.75,0.32958984375,0.22698555886745453,-0.14190673828125,0.003932463005185127,-0.18768310546875
image_0706.jpg,train,0.00567626953125,0.0058698090724647045,0.008235063403844833,0.000980377197265625,0.7310608625411987,0.49111899733543396,-0.0640869140625,0.19180922210216522,-0.072479248046875,0.002180717885494232,0.136566162109375
image_0707.jpg,test,0.001529693603515625,0.0029412468429654837,0.008590525016188622,0.00089263916015625,0.850530743598938,0.9941176176071167,-0.060272216796875,0.28429752588272095,-0.0469207763671875,0.00022956050815992057,0.1071929931640625
image_0708.jpg,train,0.000995635986328125,0.0016161822713911533,0.003367353230714798,0.000331878662109375,0.7803974151611328,1.0,0.0011444091796875,0.17529039084911346,-0.0316619873046875,0.0003445741022005677,0.030517578125
image_0709.jpg,train,0.0010833740234375,0.0017039647791534662,0.002503160387277603,0.000194549560546875,0.7338842749595642,0.0,0.000762939453125,0.1458333283662796,-0.0415802001953125,0.0003374246007297188,0.0408172607421875
image_0710.jpg,train,0.000354766845703125,0.0008245339849963784,0.0016475170850753784,8.7738037109375e-05,0.759572446346283,1.0,-0.0003814697265625,0.21568627655506134,0.00152587890625,0.00018324877601116896,-0.0011444091796875
image_0711.jpg,train,0.001129150390625,0.0016754833050072193,0.004066389054059982,0.00022125244140625,0.7390906810760498,1.0,0.002288818359375,0.17429576814174652,-0.04119873046875,0.0003716375504154712,0.038909912109375
image_0712.jpg,train,0.018436431884765625,0.014555094763636589,0.08419396728277206,0.0049591064453125,0.7608807682991028,0.6320610642433167,0.4344940185546875,0.06547466665506363,0.1369476318359375,0.012980948202311993,-0.571441650390625
image_0713.jpg,val,0.00827789306640625,0.008383766748011112,0.023214638233184814,0.001544952392578125,0.7374782562255859,0.4024590253829956,-0.15106201171875,0.08690553903579712,-0.394439697265625,0.0014048718148842454,0.545501708984375
image_0714.jpg,test,0.013866424560546875,0.015960808843374252,0.09514062851667404,0.00101470947265625,0.6949806213378906,0.6470588445663452,0.6519317626953125,0.09377623349428177,0.1300811767578125,0.011198323220014572,-0.782012939453125
image_0715.jpg,train,0.012969970703125,0.012196099385619164,0.05549224466085434,0.002727508544921875,0.7486281991004944,0.11714507639408112,0.156402587890625,0.1589321792125702,-0.5313873291015625,0.004843347240239382,0.3749847412109375
image_0716.jpg,train,0.004421234130859375,0.0030109777580946684,0.0019946135580539703,0.00122833251953125,0.7867333292961121,0.5979899764060974,-0.18157958984375,0.29330381751060486,-0.1438140869140625,0.000589502218645066,0.3253936767578125
image_0717.jpg,train,0.013622283935546875,0.01245229784399271,0.058745212852954865,0.002880096435546875,0.7444822788238525,0.7701149582862854,-0.01678466796875,0.1309099644422531,-0.74615478515625,0.003253387054428458,0.762939453125
image_0718.jpg,train,0.06140899658203125,0.04738830775022507,0.3147783577442169,0.017116546630859375,0.7681472897529602,0.20853959023952484,-2.0160675048828125,0.20419949293136597,-1.465606689453125,0.016339706256985664,3.4816741943359375
image_0719.jpg,train,0.06645584106445312,0.05270146206021309,0.33776339888572693,0.015613555908203125,0.7545726895332336,0.18550552427768707,-1.8035888671875,0.1918482929468155,-1.5003204345703125,0.02242772839963436,3.3039093017578125
image_0720.jpg,test,0.021137237548828125,0.023090753704309464,0.16701900959014893,0.00312042236328125,0.716241717338562,0.6215578317642212,0.0171661376953125,0.11724328249692917,-0.768280029296875,0.007553370203822851,0.7511138916015625
image_0721.jpg,train,0.06449508666992188,0.04990377277135849,0.31956207752227783,0.013027191162109375,0.7500512003898621,0.529532790184021,1.8402099609375,0.12723103165626526,-1.198577880859375,0.04340338334441185,-0.641632080078125
image_0722.jpg,train,0.006443023681640625,0.006627545692026615,0.013608381152153015,0.000942230224609375,0.7314743995666504,0.6507936716079712,-0.1575469970703125,0.04672392085194588,-0.1873016357421875,0.0015449128113687038,0.3448486328125
image_0723.jpg,train,0.00778961181640625,0.007450421340763569,0.015274334698915482,0.00136566162109375,0.7373352646827698,0.7112069129943848,-0.0995635986328125,0.11228305846452713,-0.2643585205078125,0.0021532252430915833,0.363922119140625
image_0724.jpg,train,0.023647308349609375,0.024800099432468414,0.1837487369775772,0.00281524658203125,0.714818000793457,0.6586936712265015,-0.4619598388671875,0.09356755763292313,-0.9914398193359375,0.0052431682124733925,1.453399658203125
image_0725.jpg,train,0.030670166015625,0.027960000559687614,0.2167779952287674,0.005985260009765625,0.7336999177932739,0.6084925532341003,0.264739990234375,0.1121983677148819,-0.8579254150390625,0.01408524252474308,0.5931854248046875
image_0726.jpg,val,0.053253173828125,0.0410274975001812,0.2775507867336273,0.01323699951171875,0.762934684753418,0.37823614478111267,-1.030731201171875,0.10312861949205399,-0.11749267578125,0.02310332842171192,1.148223876953125
image_0727.jpg,train,0.054775238037109375,0.05558301880955696,0.33824169635772705,0.008708953857421875,0.7239454984664917,0.1778220534324646,-1.111602783203125,0.08500590175390244,-0.05035400390625,0.026617376133799553,1.161956787109375
image_0728.jpg,train,0.0516815185546875,0.048378318548202515,0.31359848380088806,0.007740020751953125,0.7312971353530884,0.24378542602062225,-0.6977081298828125,0.09367681294679642,0.0415802001953125,0.025613071396946907,0.6561279296875
image_0729.jpg,train,0.06543731689453125,0.0629831925034523,0.3578658699989319,0.012088775634765625,0.7385004162788391,0.2749638259410858,-0.9304046630859375,0.16008105874061584,-0.0385284423828125,0.03233945369720459,0.96893310546875
image_0730.jpg,train,0.037113189697265625,0.04934322461485863,0.3270444869995117,0.002635955810546875,0.6839167475700378,0.09901990741491318,0.681304931640625,0.071856290102005,-0.00457763671875,0.025928983464837074,-0.676727294921875
image_0731.jpg,train,0.03342437744140625,0.032146379351615906,0.22976365685462952,0.006519317626953125,0.7448325753211975,0.31074443459510803,-1.1501312255859375,0.1091436892747879,-0.0850677490234375,0.011451587080955505,1.235198974609375
image_0732.jpg,train,0.028045654296875,0.030231911689043045,0.22914046049118042,0.00431060791015625,0.7167530655860901,0.3087039589881897,0.142669677734375,0.08282265812158585,-0.0125885009765625,0.015522816218435764,-0.1300811767578125
image_0733.jpg,train,0.03163909912109375,0.032282792031764984,0.23674914240837097,0.00453948974609375,0.7158345580101013,0.49611446261405945,-0.6565093994140625,0.11018463224172592,-0.3673553466796875,0.011604081839323044,1.02386474609375
image_0734.jpg,train,0.028224945068359375,0.03105594962835312,0.23208588361740112,0.002590179443359375,0.7056190967559814,0.2673681974411011,-0.88043212890625,0.13075506687164307,-0.0091552734375,0.01039929036051035,0.88958740234375
image_0735.jpg,train,0.037075042724609375,0.038466427475214005,0.254984050989151,0.00579071044921875,0.7386805415153503,0.3537331819534302,-0.30364990234375,0.17869415879249573,0.0049591064453125,0.018066171556711197,0.2986907958984375
image_0736.jpg,train,0.05715179443359375,0.05472914129495621,0.33724281191825867,0.0086822509765625,0.7301574349403381,0.04598347842693329,2.1900177001953125,0.06687242537736893,0.012969970703125,0.06396837532520294,-2.2029876708984375
image_0737.jpg,train,0.0521392822265625,0.05058857053518295,0.32663965225219727,0.00652313232421875,0.7214381098747253,0.2432529479265213,1.5598297119140625,0.07692307978868484,-0.0186920166015625,0.03662926331162453,-1.5411376953125
image_0738.jpg,train,0.043895721435546875,0.05308493226766586,0.33040398359298706,0.004528045654296875,0.7005561590194702,0.21186937391757965,-0.3353118896484375,0.1422087699174881,-0.0255584716796875,0.02266392484307289,0.360870361328125
image_0739.jpg,train,0.0134429931640625,0.014423152431845665,0.07852429896593094,0.00213623046875,0.7241743206977844,0.8871794939041138,-0.0568389892578125,0.13960079848766327,-0.4970550537109375,0.004222264047712088,0.55389404296875
image_0740.jpg,train,0.011669158935546875,0.012896074913442135,0.0642811506986618,0.00145721435546875,0.715837299823761,0.4749999940395355,0.003814697265625,0.09661608934402466,-0.2788543701171875,0.004808860365301371,0.2750396728515625
image_0741.jpg,test,0.009052276611328125,0.00953778624534607,0.029223358258605003,0.001338958740234375,0.7219135165214539,0.6101694703102112,0.01220703125,0.13880155980587006,-0.2796173095703125,0.0033270851708948612,0.2674102783203125
image_0742.jpg,train,0.01610565185546875,0.018250584602355957,0.12311066687107086,0.001857757568359375,0.7121045589447021,0.21611842513084412,-0.15869140625,0.123761385679245,-0.151824951171875,0.006981689482927322,0.310516357421875
image_0743.jpg,train,0.021533966064453125,0.025554750114679337,0.18639293313026428,0.0030517578125,0.7145859003067017,0.25987470149993896,-0.9296417236328125,0.14141413569450378,-0.06866455078125,0.006146429572254419,0.9983062744140625
image_0744.jpg,train,0.033390045166015625,0.03067181445658207,0.23759490251541138,0.003925323486328125,0.7207232713699341,0.26698029041290283,-1.3031005859375,0.12246552854776382,-0.019073486328125,0.011077534407377243,1.322174072265625
image_0745.jpg,train,0.01955413818359375,0.01902783289551735,0.12287423014640808,0.002758026123046875,0.7297846674919128,0.6006802916526794,-0.04119873046875,0.11862245202064514,-0.2017974853515625,0.008983330801129341,0.2429962158203125
image_0746.jpg,train,0.01214599609375,0.014153405092656612,0.07193423807621002,0.001983642578125,0.7239032983779907,0.19385375082492828,-0.2140045166015625,0.13211524486541748,-0.0713348388671875,0.00481670955196023,0.28533935546875
image_0747.jpg,train,0.0178070068359375,0.01632247492671013,0.09854501485824585,0.00377655029296875,0.745473325252533,0.23020528256893158,0.0835418701171875,0.10402899235486984,0.2338409423828125,0.011058833450078964,-0.3173828125
image_0748.jpg,train,0.012462615966796875,0.01142969448119402,0.04336152225732803,0.00238037109375,0.7372873425483704,0.6654632687568665,-0.0034332275390625,0.10732278972864151,0.130462646484375,0.007112960796803236,-0.1270294189453125
image_0749.jpg,train,0.003765106201171875,0.0036352358292788267,0.004599034786224365,0.000911712646484375,0.7507821917533875,0.4789915978908539,0.034332275390625,0.15531238913536072,-0.0804901123046875,0.0016713435761630535,0.0461578369140625
image_0750.jpg,train,0.013385772705078125,0.014025574550032616,0.07400720566511154,0.002086639404296875,0.726999044418335,0.8380281925201416,-0.0301361083984375,0.12710876762866974,-0.635528564453125,0.003636543871834874,0.6656646728515625
image_0751.jpg,train,0.00623321533203125,0.006699671968817711,0.012792233377695084,0.00128936767578125,0.7432224154472351,0.9459459185600281,-0.0324249267578125,0.13073952496051788,-0.1216888427734375,0.002411367604508996,0.15411376953125
image_0752.jpg,test,0.00389862060546875,0.004493037238717079,0.009248616173863411,0.0011444091796875,0.764004111289978,0.981249988079071,-0.05950927734375,0.14141668379306793,-0.098419189453125,0.0011782168876379728,0.157928466796875
image_0753.jpg,train,0.01853179931640625,0.019330613315105438,0.13363060355186462,0.002773284912109375,0.7216317653656006,0.20221084356307983,-0.2166748046875,0.14616268873214722,-0.81329345703125,0.004449383355677128,1.02996826171875
image_0754.jpg,train,0.0684814453125,0.04355090484023094,0.30781376361846924,0.02036285400390625,0.7801468372344971,0.42633354663848877,-3.342437744140625,0.16369959712028503,-1.2401580810546875,0.014065840281546116,4.5825958251953125
image_0755.jpg,train,0.07352447509765625,0.05625293776392937,0.3538835644721985,0.01476287841796875,0.7476809620857239,0.3611295819282532,-3.8177490234375,0.1318451315164566,-0.4734039306640625,0.01897309720516205,4.2911529541015625
image_0756.jpg,train,0.057708740234375,0.04587731510400772,0.3050873577594757,0.014522552490234375,0.7620671987533569,0.2873381972312927,-3.5083770751953125,0.1287268102169037,-0.7808685302734375,0.00933205708861351,4.28924560546875
image_0757.jpg,train,0.058742523193359375,0.0499548614025116,0.3260093927383423,0.012481689453125,0.7452183961868286,0.24711468815803528,-3.044891357421875,0.14359596371650696,-0.4184722900390625,0.015002943575382233,3.4633636474609375
image_0758.jpg,test,0.10281753540039062,0.07123254239559174,0.38329464197158813,0.025112152099609375,0.7612237930297852,0.19566230475902557,-5.8689117431640625,0.15496288239955902,-0.54931640625,0.03329591080546379,6.4182281494140625
image_0759.jpg,train,0.08221054077148438,0.07845009863376617,0.40024644136428833,0.010135650634765625,0.7085379362106323,0.1295982450246811,0.5977630615234375,0.0869712382555008,-0.60272216796875,0.06336390972137451,0.0049591064453125
image_0760.jpg,train,0.079986572265625,0.07998339086771011,0.39941468834877014,0.0093231201171875,0.7064441442489624,0.10301448404788971,-2.1007537841796875,0.07418850064277649,-0.274658203125,0.058057449758052826,2.3754119873046875
image_0761.jpg,train,0.08001708984375,0.07920233905315399,0.3956785798072815,0.010791778564453125,0.713768482208252,0.09422334283590317,-1.3866424560546875,0.07490760087966919,-0.21820068359375,0.06681045144796371,1.6048431396484375
image_0762.jpg,train,0.0891265869140625,0.07173600047826767,0.37924912571907043,0.01798248291015625,0.7450695037841797,0.1341117024421692,-0.5970001220703125,0.11511173844337463,-0.1644134521484375,0.06392381340265274,0.76141357421875
image_0763.jpg,train,0.08860397338867188,0.07979472726583481,0.39105379581451416,0.01688385009765625,0.7378637790679932,0.10152978450059891,-1.03607177734375,0.06937006115913391,-0.0041961669921875,0.07688762992620468,1.0402679443359375
image_0764.jpg,train,0.033565521240234375,0.030724776908755302,0.2339879274368286,0.007900238037109375,0.7490324974060059,0.13962192833423615,0.220489501953125,0.11704239249229431,-0.2773284912109375,0.01895655132830143,0.0568389892578125
image_0765.jpg,train,0.04967498779296875,0.026848934590816498,0.189134418964386,0.020984649658203125,0.820982038974762,0.6210135817527771,-2.783966064453125,0.14109355211257935,-0.775909423828125,0.008081614971160889,3.55987548828125
image_0766.jpg,train,0.037899017333984375,0.03752519190311432,0.27389901876449585,0.005390167236328125,0.7210550904273987,0.09911365061998367,-0.4512786865234375,0.09841269999742508,-0.0736236572265625,0.020646240562200546,0.52490234375
image_0767.jpg,train,0.015720367431640625,0.016666023060679436,0.10533273965120316,0.00234222412109375,0.7220985293388367,0.6837349534034729,-0.0457763671875,0.10608523339033127,-0.59356689453125,0.00514821195974946,0.63934326171875
image_0768.jpg,train,0.02153778076171875,0.018485751003026962,0.12311433255672455,0.00629425048828125,0.7711035013198853,0.709554135799408,-0.1720428466796875,0.09422776848077774,-0.168609619140625,0.010197235271334648,0.3406524658203125
image_0769.jpg,train,0.017902374267578125,0.01660975068807602,0.10208948701620102,0.003326416015625,0.7381635308265686,0.7367178201675415,-0.1224517822265625,0.09523341059684753,-0.775146484375,0.005043480545282364,0.8975982666015625
image_0770.jpg,train,0.027187347412109375,0.01241166889667511,0.057448610663414,0.0137939453125,0.8442239165306091,0.9682539701461792,-1.319122314453125,0.15075871348381042,-1.0700225830078125,0.0018170244293287396,2.3891448974609375
image_0771.jpg,train,0.006801605224609375,0.006845547817647457,0.012895679101347923,0.0011138916015625,0.7294211983680725,0.7213114500045776,0.020599365234375,0.08348391950130463,0.0652313232421875,0.003949219826608896,-0.0858306884765625
image_0772.jpg,train,0.013950347900390625,0.012444726191461086,0.05643283575773239,0.0038299560546875,0.7632685303688049,0.7752161622047424,-0.2681732177734375,0.10395828634500504,-0.4405975341796875,0.003697788342833519,0.708770751953125
image_0773.jpg,train,0.09097671508789062,0.0739661157131195,0.3832743167877197,0.019134521484375,0.7475864887237549,0.11920655518770218,-0.978851318359375,0.07073474675416946,-0.1125335693359375,0.07206572592258453,1.0913848876953125
image_0774.jpg,train,0.086944580078125,0.07217472046613693,0.3802010715007782,0.01995849609375,0.7517960071563721,0.12827888131141663,-2.523040771484375,0.06757544726133347,-0.3269195556640625,0.05629825219511986,2.8499603271484375
image_0775.jpg,train,0.083892822265625,0.06544710695743561,0.3660869002342224,0.02024078369140625,0.7578032612800598,0.13337469100952148,-2.59552001953125,0.08386239409446716,-0.2483367919921875,0.048793233931064606,2.8438568115234375
image_0776.jpg,train,0.08158493041992188,0.07612475752830505,0.39038360118865967,0.013011932373046875,0.7248217463493347,0.08646778762340546,0.5626678466796875,0.08242534846067429,-0.238800048828125,0.07784556597471237,-0.3238677978515625
image_0777.jpg,train,0.044841766357421875,0.044788893312215805,0.31402787566185,0.005199432373046875,0.7111438512802124,0.09517715126276016,1.100921630859375,0.06396893411874771,0.252532958984375,0.035403378307819366,-1.35345458984375
image_0778.jpg,train,0.026821136474609375,0.023733768612146378,0.17582307755947113,0.005702972412109375,0.7441792488098145,0.42188137769699097,-0.6591796875,0.11730468273162842,-1.308441162109375,0.004117277450859547,1.967620849609375
image_0779.jpg,train,0.030757904052734375,0.022253677248954773,0.16262628138065338,0.00904083251953125,0.7721384167671204,0.5223400592803955,-0.2475738525390625,0.10511323809623718,-0.188446044921875,0.014956829138100147,0.4360198974609375
image_0780.jpg,train,0.061008453369140625,0.05919281393289566,0.3552476465702057,0.0090484619140625,0.7210068106651306,0.07857973873615265,-0.5596160888671875,0.0771799311041832,-0.1575469970703125,0.04711686819791794,0.7171630859375
image_0781.jpg,val,0.049350738525390625,0.04600660130381584,0.30404868721961975,0.010562896728515625,0.7454728484153748,0.2626321613788605,-1.53961181640625,0.11721665412187576,-0.8148193359375,0.0156099833548069,2.35443115234375
image_0782.jpg,train,0.07764053344726562,0.06430298089981079,0.3652113676071167,0.015125274658203125,0.7428978681564331,0.15974028408527374,-1.5777587890625,0.11705520004034042,-0.554656982421875,0.04106767848134041,2.132415771484375
image_0783.jpg,train,0.046962738037109375,0.031849268823862076,0.2443700134754181,0.0139923095703125,0.776171863079071,0.45782625675201416,-2.4173736572265625,0.19118231534957886,-0.8281707763671875,0.007915292866528034,3.24554443359375
image_0784.jpg,train,0.09064865112304688,0.042278118431568146,0.2905445098876953,0.03763580322265625,0.8191372156143188,0.6736214756965637,-0.9334564208984375,0.18806709349155426,2.07366943359375,0.059020593762397766,-1.1402130126953125
image_0785.jpg,test,0.049343109130859375,0.03525998443365097,0.25593996047973633,0.017429351806640625,0.7892805337905884,0.6238244771957397,-0.32806396484375,0.18066175282001495,0.608062744140625,0.028154894709587097,-0.279998779296875
image_0786.jpg,train,0.007511138916015625,0.006331600248813629,0.00819423422217369,0.0022430419921875,0.7729451060295105,0.9872340559959412,-0.086212158203125,0.2208390235900879,-0.3276824951171875,0.0017262590117752552,0.4138946533203125
image_0787.jpg,test,0.011547088623046875,0.01653599739074707,0.09463518112897873,0.0023040771484375,0.7146856188774109,0.9669421315193176,0.4077911376953125,0.1278018057346344,0.2315521240234375,0.009068886749446392,-0.63934326171875
image_0788.jpg,train,0.030239105224609375,0.02843010425567627,0.20936061441898346,0.006488800048828125,0.7451450824737549,0.07650657743215561,0.3414154052734375,0.2292993664741516,0.00762939453125,0.020387617871165276,-0.3490447998046875
image_0789.jpg,train,0.054721832275390625,0.05238812044262886,0.32698649168014526,0.009738922119140625,0.7355621457099915,0.06965212523937225,0.630950927734375,0.02923538163304329,-0.006866455078125,0.04695429280400276,-0.62408447265625
image_0790.jpg,train,0.046405792236328125,0.042112480849027634,0.2927814722061157,0.010639190673828125,0.7502782344818115,0.09040210396051407,0.7442474365234375,0.125,0.002288818359375,0.034322015941143036,-0.7465362548828125
image_0791.jpg,train,0.05446624755859375,0.05021604150533676,0.31999510526657104,0.01206207275390625,0.7496936321258545,0.10733123123645782,0.460052490234375,0.375,0.045013427734375,0.03864980861544609,-0.50506591796875
image_0792.jpg,train,0.04981231689453125,0.04113426059484482,0.2934549152851105,0.010250091552734375,0.7470477819442749,0.22217877209186554,-1.117706298828125,0.012422360479831696,0.029754638671875,0.022556956857442856,1.08795166015625
image_0793.jpg,train,0.050312042236328125,0.0416615828871727,0.29391711950302124,0.011871337890625,0.7534095048904419,0.051481351256370544,-1.3031005859375,0.015402843244373798,0.0217437744140625,0.04874078184366226,1.2813568115234375
image_0794.jpg,test,0.08215713500976562,0.06469837576150894,0.3650941848754883,0.01727294921875,0.7495655417442322,0.1334972381591797,0.4848480224609375,0.019201336428523064,0.18768310546875,0.06396429985761642,-0.6725311279296875
image_0795.jpg,train,0.05872344970703125,0.04951182380318642,0.32200294733047485,0.01364898681640625,0.7532933354377747,0.028292883187532425,1.6590118408203125,,0.1255035400390625,0.138345867395401,-1.784515380859375
image_0796.jpg,val,0.022037506103515625,0.019129782915115356,0.11436477303504944,0.005725860595703125,0.7666371464729309,0.2190886288881302,-0.39825439453125,0.048156507313251495,0.2239227294921875,0.010774465277791023,0.1743316650390625
image_0797.jpg,train,0.051784515380859375,0.030695274472236633,0.22256942093372345,0.020084381103515625,0.8055925965309143,0.026394804939627647,0.7488250732421875,0.025225594639778137,0.0690460205078125,0.18330860137939453,-0.81787109375
image_0798.jpg,train,0.035762786865234375,0.033156730234622955,0.24023836851119995,0.0078887939453125,0.750889778137207,0.015142463147640228,1.6231536865234375,,0.0,0.07321422547101974,-1.6231536865234375
image_0799.jpg,train,0.053287506103515625,0.050313450396060944,0.31706979870796204,0.011104583740234375,0.7438058853149414,0.1391190141439438,0.8831024169921875,,0.0,0.03696557134389877,-0.8831024169921875
image_0800.jpg,train,0.053104400634765625,0.041575849056243896,0.28777000308036804,0.013370513916015625,0.7618348002433777,0.10396826267242432,-0.7282257080078125,,0.0,0.03228772059082985,0.7282257080078125
image_0801.jpg,val,0.030300140380859375,0.034941207617521286,0.24213314056396484,0.004184722900390625,0.7155249714851379,0.24948649108409882,0.6206512451171875,,0.0,0.019179433584213257,-0.6206512451171875
image_0802.jpg,train,0.005062103271484375,0.013245728798210621,0.061286188662052155,0.0,0.6755911111831665,,0.5062103271484375,,0.0,0.005062103271484375,-0.5062103271484375
image_0803.jpg,train,0.033374786376953125,0.03114313818514347,0.20704002678394318,0.00457000732421875,0.7397063374519348,,3.3374786376953125,,0.0,0.033374786376953125,-3.3374786376953125
image_0804.jpg,test,0.016819000244140625,0.027715809643268585,0.1606118232011795,0.00074005126953125,0.6979444026947021,,1.6819000244140625,,0.0,0.016819000244140625,-1.6819000244140625
image_0805.jpg,train,0.034290313720703125,0.033332645893096924,0.22310170531272888,0.004047393798828125,0.7408543825149536,,3.4290313720703125,,0.0,0.034290313720703125,-3.4290313720703125
image_0806.jpg,train,0.0067596435546875,0.014319164678454399,0.0741121917963028,0.00112152099609375,0.7462549209594727,,0.67596435546875,,0.0,0.0067596435546875,-0.67596435546875
image_0807.jpg,train,0.018733978271484375,0.024427633732557297,0.146422877907753,0.00415802001953125,0.7527667284011841,,1.8733978271484375,,0.0,0.018733978271484375,-1.8733978271484375
image_0808.jpg,train,0.012363433837890625,0.015214495360851288,0.06650410592556,0.000194549560546875,0.6935274600982666,,1.2363433837890625,,0.0,0.012363433837890625,-1.2363433837890625
image_0809.jpg,train,0.038311004638671875,0.03311542794108391,0.2363547384738922,0.0041046142578125,0.7307543158531189,0.0,3.8311004638671875,,0.0,0.03834874555468559,-3.8311004638671875
image_0810.jpg,train,0.010562896728515625,0.021107912063598633,0.09844814240932465,0.0,0.6345428228378296,,1.0562896728515625,,0.0,0.010562896728515625,-1.0562896728515625
image_0811.jpg,val,0.034252166748046875,0.036206744611263275,0.23716390132904053,0.00449371337890625,0.7338433265686035,,3.4252166748046875,,0.0,0.034252166748046875,-3.4252166748046875
image_0812.jpg,train,0.049556732177734375,0.05429721623659134,0.34401610493659973,0.007415771484375,0.7127208709716797,0.19923967123031616,-2.2815704345703125,,0.0,0.016337811946868896,2.2815704345703125
image_0813.jpg,test,0.04003143310546875,0.05156576633453369,0.31311458349227905,0.0009613037109375,0.6871369481086731,0.0822448879480362,2.028656005859375,,0.0,0.03427303209900856,-2.028656005859375
image_0814.jpg,train,0.0084228515625,0.013792455196380615,0.061752334237098694,0.000457763671875,0.6929981708526611,0.7193277478218079,0.494384765625,0.19354838132858276,0.0030517578125,0.006717031821608543,-0.4974365234375
image_0815.jpg,val,0.00328826904296875,0.01037575677037239,0.05227561295032501,0.000640869140625,0.7151753902435303,0.11723478883504868,0.034332275390625,0.6470588445663452,-0.011444091796875,0.0017802389338612556,-0.02288818359375
image_0816.jpg,train,0.005847930908203125,0.008951692841947079,0.03160808980464935,0.0010833740234375,0.7415635585784912,0.24758151173591614,0.0438690185546875,0.3076923191547394,-0.00457763671875,0.0031549513805657625,-0.0392913818359375
image_0817.jpg,train,0.001064300537109375,0.005723961163312197,0.02162015438079834,0.000102996826171875,0.6651939749717712,,0.0926971435546875,,0.01373291015625,0.001064300537109375,-0.1064300537109375
image_0818.jpg,train,0.01393890380859375,0.011052721180021763,0.04283569008111954,0.006732940673828125,0.8215219974517822,,1.3477325439453125,,0.0461578369140625,0.01393890380859375,-1.393890380859375
image_0819.jpg,train,0.00749969482421875,0.004162481985986233,0.007206154987215996,0.003200531005859375,0.8160488605499268,,0.6748199462890625,,0.0751495361328125,0.00749969482421875,-0.749969482421875
image_0820.jpg,train,0.001209259033203125,0.002471866784617305,0.006220012903213501,4.9591064453125e-05,0.6764377951622009,,0.112152099609375,,0.0087738037109375,0.001209259033203125,-0.1209259033203125
image_0821.jpg,train,0.000568389892578125,0.003283882047981024,0.01050776056945324,0.000186920166015625,0.7413454055786133,,0.0274658203125,0.0,0.0293731689453125,0.0005684072384610772,-0.0568389892578125
image_0822.jpg,val,0.00148773193359375,0.004677783232182264,0.01844397373497486,0.000255584716796875,0.7430519461631775,,0.106048583984375,0.0,0.042724609375,0.001487976056523621,-0.148773193359375
image_0823.jpg,val,0.0054168701171875,0.011781001463532448,0.050084855407476425,0.00083160400390625,0.7110716700553894,,0.443267822265625,,0.098419189453125,0.0054168701171875,-0.54168701171875
image_0824.jpg,train,0.00508880615234375,0.009737644344568253,0.03298671543598175,0.0007476806640625,0.7040873169898987,0.2541176378726959,0.4119873046875,,0.014495849609375,0.004684413317590952,-0.426483154296875
image_0825.jpg,train,0.026485443115234375,0.026122858747839928,0.1778864860534668,0.004100799560546875,0.7397047877311707,0.1758919060230255,0.3543853759765625,0.1663326621055603,-0.0293731689453125,0.01590057648718357,-0.32501220703125
image_0826.jpg,train,0.016368865966796875,0.016168363392353058,0.09331761300563812,0.00370025634765625,0.7665116190910339,0.28395703434944153,0.374603271484375,0.2522522509098053,-0.0072479248046875,0.010239560157060623,-0.3673553466796875
image_0827.jpg,val,0.003070831298828125,0.00569284800440073,0.01797497272491455,0.00067901611328125,0.7418044209480286,0.7333333492279053,0.1949310302734375,0.40429043769836426,-0.091552734375,0.0020572985522449017,-0.1033782958984375
image_0828.jpg,train,0.001728057861328125,0.009484747424721718,0.03636228293180466,0.000255584716796875,0.6497496962547302,0.75,0.127410888671875,0.49775785207748413,-0.0415802001953125,0.001294303103350103,-0.0858306884765625
image_0829.jpg,train,0.000789642333984375,0.002159139374271035,0.004513762891292572,0.000118255615234375,0.7157160043716431,0.043173860758543015,0.0339508056640625,0.38947367668151855,-0.011444091796875,0.000509203935507685,-0.0225067138671875
image_0830.jpg,test,0.023830413818359375,0.02906002849340439,0.19977039098739624,0.001102447509765625,0.7146886587142944,,2.3529052734375,0.6000000238418579,0.0278472900390625,0.023819424211978912,-2.3807525634765625
image_0831.jpg,train,0.03403472900390625,0.02664625644683838,0.15164469182491302,0.01140594482421875,0.8111502528190613,0.6653279662132263,2.6180267333984375,0.0833333358168602,0.0247955322265625,0.030408957973122597,-2.642822265625
image_0832.jpg,train,0.005596160888671875,0.012802822515368462,0.05827295780181885,0.000102996826171875,0.675257682800293,0.05902004614472389,0.5191802978515625,,0.0,0.005412523169070482,-0.5191802978515625
image_0833.jpg,train,0.016666412353515625,0.01803429424762726,0.10251849889755249,0.00308990478515625,0.7592722177505493,0.45311033725738525,-0.555419921875,0.2361111044883728,0.0,0.005683018360286951,0.555419921875
image_0834.jpg,test,0.04212188720703125,0.04162906855344772,0.2825528085231781,0.00612640380859375,0.7346957921981812,0.20902271568775177,2.6123046875,0.032258063554763794,0.04730224609375,0.03568796440958977,-2.65960693359375
image_0835.jpg,train,0.0045928955078125,0.007568093948066235,0.025234056636691093,0.000377655029296875,0.7205628156661987,0.24255318939685822,0.35552978515625,0.3103448152542114,0.0030517578125,0.004097608849406242,-0.35858154296875
image_0836.jpg,train,0.13971710205078125,0.02082325518131256,0.11274309456348419,0.1166839599609375,0.9401159882545471,0.9685971736907959,-12.962722778320312,0.0,0.0377655029296875,0.006075161974877119,12.924957275390625
image_0837.jpg,train,0.08776092529296875,0.08103226125240326,0.39467692375183105,0.014713287353515625,0.7299021482467651,0.13693203032016754,0.1068115234375,0.09992429614067078,0.0186920166015625,0.06500722467899323,-0.1255035400390625
image_0838.jpg,train,0.08201217651367188,0.0750022903084755,0.3849080204963684,0.010898590087890625,0.7216354012489319,0.33082616329193115,-2.323150634765625,0.10491562634706497,-0.0690460205078125,0.03472912684082985,2.3921966552734375
image_0839.jpg,train,0.07305145263671875,0.07296153903007507,0.3726460635662079,0.011829376220703125,0.730931282043457,0.16186809539794922,-1.0364532470703125,0.0660158097743988,-0.0415802001953125,0.04212416335940361,1.078033447265625
image_0840.jpg,train,0.07056808471679688,0.06176523491740227,0.3559323251247406,0.01373291015625,0.7422547340393066,0.20343433320522308,0.318145751953125,0.08896797150373459,-0.0110626220703125,0.04439185559749603,-0.3070831298828125
image_0841.jpg,train,0.07563400268554688,0.06839416921138763,0.3699605166912079,0.012805938720703125,0.7369864583015442,0.1509307622909546,-1.4415740966796875,0.10852713137865067,-0.006866455078125,0.0435633510351181,1.4484405517578125
image_0842.jpg,train,0.07688140869140625,0.06469734013080597,0.35929054021835327,0.017719268798828125,0.756462812423706,0.15896904468536377,-0.5405426025390625,0.09009008854627609,-0.0156402587890625,0.04819376766681671,0.556182861328125
image_0843.jpg,train,0.06961441040039062,0.06625689566135406,0.3678176701068878,0.010356903076171875,0.7251527309417725,0.14294376969337463,-0.2948760986328125,0.12030075490474701,0.026702880859375,0.04475010558962822,0.2681732177734375
image_0844.jpg,train,0.09032821655273438,0.07275596261024475,0.3788672983646393,0.017589569091796875,0.7459375262260437,0.2278776615858078,-3.1192779541015625,0.0912698432803154,-0.0148773193359375,0.04013986140489578,3.1341552734375
image_0845.jpg,train,0.047466278076171875,0.043444596230983734,0.2940633296966553,0.009761810302734375,0.7434419989585876,0.21376784145832062,-1.7566680908203125,0.15902964770793915,-0.026702880859375,0.017415257170796394,1.7833709716796875
image_0846.jpg,train,0.037067413330078125,0.04725402593612671,0.31044110655784607,0.003063201904296875,0.6920453310012817,,3.566741943359375,0.0,0.1399993896484375,0.0370846726000309,-3.7067413330078125
image_0847.jpg,train,0.048797607421875,0.04038228839635849,0.277376651763916,0.013225555419921875,0.7678698897361755,0.31031808257102966,4.515838623046875,,0.061798095703125,0.047505319118499756,-4.57763671875
image_0848.jpg,train,0.07699203491210938,0.07168491929769516,0.37924376130104065,0.0140533447265625,0.7351822853088379,0.21883772313594818,-1.1905670166015625,0.10150891542434692,-0.0537872314453125,0.04064507037401199,1.244354248046875
image_0849.jpg,train,0.07136917114257812,0.07165206968784332,0.37803858518600464,0.0096588134765625,0.7203655242919922,0.1871376484632492,0.9670257568359375,0.08979591727256775,0.011444091796875,0.04861072823405266,-0.9784698486328125
image_0850.jpg,val,0.0858612060546875,0.07567102462053299,0.38949406147003174,0.0131378173828125,0.7284024953842163,0.05497085675597191,1.5216827392578125,0.058636073023080826,0.0091552734375,0.14219041168689728,-1.5308380126953125
image_0851.jpg,train,0.09168624877929688,0.08093640208244324,0.39430487155914307,0.0159454345703125,0.7345497012138367,0.09243767708539963,0.647735595703125,0.07257304340600967,0.0270843505859375,0.09118860214948654,-0.6748199462890625
image_0852.jpg,train,0.07744216918945312,0.07122867554426193,0.3770879805088043,0.01384735107421875,0.7323417663574219,0.04507702216506004,2.4219512939453125,0.07477371394634247,-0.0385284423828125,0.12415829300880432,-2.3834228515625
image_0853.jpg,train,0.11826705932617188,0.09405824542045593,0.41405367851257324,0.02392578125,0.7410497665405273,0.09598403424024582,4.0485382080078125,0.07081174105405807,0.01068115234375,0.133902907371521,-4.0592193603515625
image_0854.jpg,train,0.09098434448242188,0.07872840762138367,0.3888271749019623,0.017200469970703125,0.7388860583305359,0.15042486786842346,-1.89666748046875,0.12464319914579391,0.045013427734375,0.0567895881831646,1.851654052734375
image_0855.jpg,train,0.07498550415039062,0.08480026572942734,0.39772340655326843,0.006748199462890625,0.6985741257667542,0.07400617003440857,0.79345703125,0.05020352825522423,0.0171661376953125,0.07605663686990738,-0.8106231689453125
image_0856.jpg,train,0.09967422485351562,0.09436564147472382,0.41108331084251404,0.012889862060546875,0.7224647402763367,0.09769122302532196,4.3766021728515625,0.05624999850988388,-0.02288818359375,0.10099951922893524,-4.3537139892578125
image_0857.jpg,train,0.07366561889648438,0.07436177134513855,0.3832378685474396,0.009578704833984375,0.7170688509941101,0.13487373292446136,-1.367950439453125,0.10402999073266983,0.0156402587890625,0.04431235417723656,1.3523101806640625
image_0858.jpg,train,0.045833587646484375,0.04493451490998268,0.29255086183547974,0.009769439697265625,0.747836172580719,0.26044467091560364,-1.3843536376953125,0.14750541746616364,-0.1171112060546875,0.01744522526860237,1.50146484375
image_0859.jpg,train,0.06656265258789062,0.06376273185014725,0.36158111691474915,0.011810302734375,0.7293182015419006,0.25629088282585144,-1.3439178466796875,0.1418367326259613,0.014495849609375,0.03164605796337128,1.3294219970703125
image_0860.jpg,train,0.0472564697265625,0.03800414502620697,0.28225892782211304,0.01071929931640625,0.7542887926101685,0.02581307664513588,0.1617431640625,,0.0,0.21071675419807434,-0.1617431640625
image_0861.jpg,train,0.051303863525390625,0.04869528487324715,0.309982031583786,0.011199951171875,0.7474046945571899,0.016484033316373825,2.4517059326171875,,0.0,0.2021973580121994,-2.4517059326171875
image_0862.jpg,train,0.011928558349609375,0.010394347831606865,0.03561946377158165,0.002910614013671875,0.7587774991989136,0.3778828978538513,0.2086639404296875,0.0683760717511177,0.0030517578125,0.0071178642101585865,-0.2117156982421875
image_0863.jpg,test,0.02138519287109375,0.01995500922203064,0.12594015896320343,0.005107879638671875,0.7544242143630981,0.2893976867198944,-0.002288818359375,,0.0,0.011091393418610096,0.002288818359375
image_0864.jpg,train,0.0040435791015625,0.0028990888968110085,0.0054059624671936035,0.001972198486328125,0.8444345593452454,0.42238712310791016,-0.116729736328125,,0.0,0.0014470668975263834,0.116729736328125
image_0865.jpg,train,0.014720916748046875,0.01458305586129427,0.07329238206148148,0.0029754638671875,0.7471749186515808,0.19063222408294678,0.7171630859375,0.25,-0.0003814697265625,0.011165509931743145,-0.7167816162109375
image_0866.jpg,train,0.01885223388671875,0.02202838845551014,0.14540395140647888,0.00299072265625,0.7266862392425537,0.11805697530508041,0.1255035400390625,0.5555555820465088,-0.0019073486328125,0.010852406732738018,-0.12359619140625
image_0867.jpg,test,0.005828857421875,0.005448406562209129,0.011260274797677994,0.00153350830078125,0.7612742781639099,,0.5828857421875,,0.0,0.005828857421875,-0.5828857421875
image_0868.jpg,train,0.00787353515625,0.007535101845860481,0.02087428607046604,0.002239227294921875,0.7698171138763428,0.24588744342327118,-0.079345703125,,0.0,0.003603547578677535,0.079345703125
image_0869.jpg,test,0.039478302001953125,0.023098217323422432,0.16430988907814026,0.013736724853515625,0.7983800768852234,0.3521575629711151,-1.6994476318359375,,0.0,0.01222187653183937,1.6994476318359375
image_0870.jpg,train,0.00478363037109375,0.0037808530032634735,0.006340615451335907,0.001888275146484375,0.8009166121482849,0.8383838534355164,0.03509521484375,,0.0,0.0025740962009876966,-0.03509521484375
image_0871.jpg,val,0.025302886962890625,0.022184956818819046,0.15346583724021912,0.006381988525390625,0.7616379261016846,0.13485874235630035,0.5382537841796875,,0.0,0.016566233709454536,-0.5382537841796875
image_0872.jpg,train,0.021167755126953125,0.01780330017209053,0.10633105039596558,0.00495147705078125,0.7536517381668091,0.16002467274665833,0.5329132080078125,,0.0,0.013938219286501408,-0.5329132080078125
image_0873.jpg,test,0.01956939697265625,0.016129400581121445,0.08969749510288239,0.005649566650390625,0.7724775671958923,0.20408481359481812,0.958251953125,,0.0,0.014941539615392685,-0.958251953125
image_0874.jpg,train,0.06799697875976562,0.05880306661128998,0.35455426573753357,0.013019561767578125,0.7397539019584656,0.030138393864035606,2.9949188232421875,,0.0,0.13279682397842407,-2.9949188232421875
image_0875.jpg,train,0.09429550170898438,0.0706256702542305,0.37377437949180603,0.0230560302734375,0.7618149518966675,0.05642152577638626,3.9257049560546875,,0.0,0.1303570717573166,-3.9257049560546875
image_0876.jpg,train,0.0863037109375,0.06375586241483688,0.3622286021709442,0.02098846435546875,0.7610704898834229,0.024895159527659416,6.420135498046875,,0.0,0.13532406091690063,-6.420135498046875
image_0877.jpg,train,0.055271148681640625,0.05150412768125534,0.3341656029224396,0.007953643798828125,0.7267253994941711,0.1917554885149002,0.1468658447265625,,0.0,0.03299936279654503,-0.1468658447265625
image_0878.jpg,val,0.066558837890625,0.05252198129892349,0.334859162569046,0.016147613525390625,0.759253740310669,0.20380868017673492,0.017547607421875,,0.0,0.0398583747446537,-0.017547607421875
image_0879.jpg,train,0.029087066650390625,0.03193652629852295,0.23911963403224945,0.0034332275390625,0.7148177027702332,0.15064255893230438,0.2704620361328125,,0.0,0.01742137037217617,-0.2704620361328125
image_0880.jpg,train,0.04532623291015625,0.04237345978617668,0.2855033874511719,0.007251739501953125,0.7363956570625305,0.07694349437952042,2.32086181640625,,0.0,0.04001924395561218,-2.32086181640625
image_0881.jpg,train,0.02447509765625,0.02043970115482807,0.1302032470703125,0.005077362060546875,0.754635214805603,0.1836538463830948,0.99029541015625,,0.0,0.017899135127663612,-0.99029541015625
image_0882.jpg,train,0.07517623901367188,0.06695067137479782,0.36710068583488464,0.015453338623046875,0.7452955842018127,0.05028366670012474,1.5399932861328125,,0.0,0.11165450513362885,-1.5399932861328125
image_0883.jpg,train,0.10591888427734375,0.0786624327301979,0.3875042200088501,0.026103973388671875,0.762262225151062,0.15007100999355316,0.91705322265625,,0.0,0.08491702377796173,-0.91705322265625
image_0884.jpg,train,0.0021820068359375,0.0026304591447114944,0.005750525742769241,7.2479248046875e-05,0.717377245426178,,0.21820068359375,,0.0,0.0021820068359375,-0.21820068359375
image_0885.jpg,train,0.033687591552734375,0.030072394758462906,0.20561790466308594,0.00905609130859375,0.7640228867530823,0.2630908191204071,-0.0965118408203125,,0.0,0.017514701932668686,0.0965118408203125
image_0886.jpg,test,0.000705718994140625,0.0017780797788873315,0.004590597003698349,3.814697265625e-06,0.6791795492172241,,0.0705718994140625,,0.0,0.000705718994140625,-0.0705718994140625
image_0887.jpg,train,0.00083160400390625,0.002526163589209318,0.004470132291316986,3.814697265625e-06,0.6767558455467224,0.08144796639680862,0.069427490234375,,0.0,0.000763583171647042,-0.069427490234375
image_0888.jpg,train,0.006565093994140625,0.0033278455957770348,0.0038727372884750366,0.00389862060546875,0.8676595687866211,0.6926407217979431,-0.0759124755859375,,0.0,0.0029184147715568542,0.0759124755859375
image_0889.jpg,train,0.10033035278320312,0.07892972230911255,0.39086276292800903,0.02278900146484375,0.7532046437263489,0.056148841977119446,4.8984527587890625,,0.0,0.13754884898662567,-4.8984527587890625
image_0890.jpg,train,0.09165191650390625,0.08830595016479492,0.4022577702999115,0.01535797119140625,0.7291594743728638,0.06934133917093277,2.13165283203125,,0.0,0.11461146920919418,-2.13165283203125
image_0891.jpg,train,0.08736038208007812,0.07577800750732422,0.38498225808143616,0.01526641845703125,0.7358796000480652,0.031166233122348785,4.5047760009765625,,0.0,0.20612862706184387,-4.5047760009765625
image_0892.jpg,train,0.11286544799804688,0.08113522082567215,0.39050886034965515,0.02870941162109375,0.7649477124214172,0.08836396038532257,-0.0095367431640625,,0.0,0.15626883506774902,0.0095367431640625
image_0893.jpg,train,0.0,0.0006333126220852137,0.002368312329053879,0.0,,,0.0,,0.0,0.0,0.0
image_0894.jpg,train,0.0,0.0003308595041744411,0.0012340545654296875,0.0,,,0.0,,0.0,0.0,0.0
image_0895.jpg,train,7.62939453125e-06,0.00013630006287712604,0.00036728382110595703,7.62939453125e-06,0.9524991512298584,1.0,-0.000762939453125,,0.0,0.0,0.000762939453125
image_0896.jpg,train,0.007717132568359375,0.009750524535775185,0.03337804228067398,0.00154876708984375,0.7527921795845032,,0.560760498046875,0.0,0.2109527587890625,0.007721904665231705,-0.7717132568359375
image_0897.jpg,test,0.02091217041015625,0.02602073922753334,0.16101786494255066,0.00260162353515625,0.7364028096199036,,1.88751220703125,0.0021186440717428923,0.20294189453125,0.020946070551872253,-2.0904541015625
image_0898.jpg,val,0.007480621337890625,0.01657968759536743,0.08430218696594238,0.001544952392578125,0.7021809816360474,,0.493621826171875,0.0,0.2544403076171875,0.00748341903090477,-0.7480621337890625
image_0899.jpg,train,0.02197265625,0.01985986903309822,0.12272056937217712,0.0030975341796875,0.7432236671447754,,2.0641326904296875,0.0,0.1331329345703125,0.021997494623064995,-2.197265625
image_0900.jpg,train,0.01514434814453125,0.023781906813383102,0.1302555352449417,0.0036773681640625,0.7603991031646729,,1.2359619140625,0.005688282195478678,0.274658203125,0.015176162123680115,-1.5106201171875
image_0901.jpg,train,0.042263031005859375,0.03567659109830856,0.2406269609928131,0.008331298828125,0.7574095726013184,,3.9722442626953125,0.04029304161667824,0.24566650390625,0.04226508364081383,-4.2179107666015625
image_0902.jpg,train,0.033267974853515625,0.03418557345867157,0.2211211770772934,0.013214111328125,0.8013789057731628,,3.2184600830078125,0.014354066923260689,0.106048583984375,0.033283066004514694,-3.3245086669921875
image_0903.jpg,train,0.026233673095703125,0.026235677301883698,0.15146315097808838,0.011447906494140625,0.8191561102867126,,2.4288177490234375,0.0,0.194549560546875,0.026281997561454773,-2.6233673095703125
image_0904.jpg,train,0.029468536376953125,0.02864724025130272,0.17589238286018372,0.011199951171875,0.8008474707603455,,2.7782440185546875,0.01304347813129425,0.16632080078125,0.02948296070098877,-2.9445648193359375
image_0905.jpg,test,0.020244598388671875,0.025504691526293755,0.1566987931728363,0.000812530517578125,0.7032878398895264,,1.9809722900390625,0.0,0.043487548828125,0.020249929279088974,-2.0244598388671875
image_0906.jpg,train,0.008148193359375,0.016864661127328873,0.087209053337574,0.00110626220703125,0.736993670463562,,0.664520263671875,0.0117647061124444,0.148773193359375,0.008145846426486969,-0.81329345703125
image_0907.jpg,train,0.006732940673828125,0.017452487722039223,0.0884966254234314,0.001129150390625,0.7046800255775452,0.10000000149011612,0.479888916015625,0.00671140942722559,0.1415252685546875,0.006493829656392336,-0.6214141845703125
image_0908.jpg,train,0.014301300048828125,0.021939482539892197,0.12587878108024597,0.000362396240234375,0.661424458026886,,1.3851165771484375,,0.045013427734375,0.014301300048828125,-1.4301300048828125
image_0909.jpg,train,0.0223541259765625,0.0296979658305645,0.20295658707618713,0.0010986328125,0.6924582123756409,,2.211761474609375,0.0,0.023651123046875,0.022354979068040848,-2.23541259765625
image_0910.jpg,test,0.014957427978515625,0.025489650666713715,0.15242092311382294,0.002986907958984375,0.7253617644309998,,1.062774658203125,0.01962616853415966,0.4169464111328125,0.014938293024897575,-1.4797210693359375
image_0911.jpg,train,0.031520843505859375,0.035092346370220184,0.23991765081882477,0.005222320556640625,0.7307659387588501,,2.72674560546875,0.004149377811700106,0.4245758056640625,0.031546030193567276,-3.1513214111328125
image_0912.jpg,train,0.020477294921875,0.025509852916002274,0.16349861025810242,0.003887176513671875,0.7267751693725586,,1.8024444580078125,0.0,0.2452850341796875,0.020483702421188354,-2.0477294921875
image_0913.jpg,val,0.027019500732421875,0.027895238250494003,0.19004331529140472,0.00531768798828125,0.7460276484489441,0.4294390380382538,0.4734039306640625,0.24098671972751617,-0.1117706298828125,0.015788067132234573,-0.36163330078125
image_0914.jpg,train,0.07371139526367188,0.06394116580486298,0.3465966582298279,0.017375946044921875,0.760436475276947,0.2320539504289627,0.0179290771484375,0.10408922284841537,-0.0370025634765625,0.04388713464140892,0.019073486328125
image_0915.jpg,train,0.06640243530273438,0.050054315477609634,0.32558760046958923,0.016544342041015625,0.7591547966003418,0.3012640178203583,-3.1253814697265625,0.17538461089134216,-0.0682830810546875,0.020540831610560417,3.19366455078125
image_0916.jpg,train,0.061679840087890625,0.05872885882854462,0.3400183916091919,0.008819580078125,0.7301571369171143,0.1730203479528427,-0.5550384521484375,0.10669456422328949,-0.05035400390625,0.03442003205418587,0.6053924560546875
image_0917.jpg,train,0.07736968994140625,0.051742516458034515,0.3231082558631897,0.026332855224609375,0.7912380695343018,0.37773364782333374,-5.3707122802734375,0.26603326201438904,-0.125885009765625,0.013480301015079021,5.4965972900390625
image_0918.jpg,train,0.062835693359375,0.054378852248191833,0.34091129899024963,0.012783050537109375,0.7406392693519592,0.2606583833694458,-1.612091064453125,0.16807790100574493,-0.1148223876953125,0.02685754932463169,1.7269134521484375
image_0919.jpg,train,0.058101654052734375,0.024810343980789185,0.17025503516197205,0.0340423583984375,0.8644742369651794,0.596440851688385,-3.232574462890625,0.2729785740375519,-0.1251220703125,0.013291983865201473,3.357696533203125
image_0920.jpg,test,0.04633331298828125,0.03671778738498688,0.2569670081138611,0.013103485107421875,0.7709751129150391,0.3070734739303589,-1.956939697265625,0.18634332716464996,-0.1499176025390625,0.014131427742540836,2.1068572998046875
image_0921.jpg,train,0.042171478271484375,0.04711410403251648,0.30828386545181274,0.0046844482421875,0.7072257995605469,0.10150808840990067,1.250457763671875,0.11197053641080856,-0.0705718994140625,0.03161567822098732,-1.1798858642578125
image_0922.jpg,val,0.028018951416015625,0.02234041690826416,0.14495061337947845,0.0102081298828125,0.7944779396057129,0.37917131185531616,-1.58538818359375,0.22325581312179565,-0.12969970703125,0.005744880065321922,1.715087890625
image_0923.jpg,train,0.05347442626953125,0.05005093663930893,0.3241276741027832,0.0107421875,0.7408540844917297,0.12433764338493347,-0.839996337890625,0.062861867249012,-0.0164031982421875,0.02992560900747776,0.8563995361328125
image_0924.jpg,train,0.027652740478515625,0.02842467650771141,0.20174333453178406,0.005718231201171875,0.7376248836517334,0.1284608691930771,-0.281524658203125,0.10302677750587463,0.00457763671875,0.013977122493088245,0.276947021484375
image_0925.jpg,train,0.0138092041015625,0.02200719155371189,0.14191527664661407,0.00096893310546875,0.6936709880828857,0.11078717559576035,-0.0030517578125,0.1588170826435089,-0.0141143798828125,0.007180751301348209,0.0171661376953125
image_0926.jpg,train,0.038909912109375,0.03593894839286804,0.23541641235351562,0.00768280029296875,0.7544848918914795,0.08801579475402832,1.0295867919921875,0.09602845460176468,-0.0370025634765625,0.029152335599064827,-0.992584228515625
image_0927.jpg,train,0.02870941162109375,0.02669694647192955,0.1774480938911438,0.007568359375,0.759116530418396,0.21795867383480072,-0.70343017578125,0.1855817288160324,-0.038909912109375,0.01154795940965414,0.742340087890625
image_0928.jpg,val,0.01323699951171875,0.014252192340791225,0.06704775243997574,0.003795623779296875,0.764262318611145,0.22140957415103912,-0.06561279296875,0.19664804637432098,-0.0133514404296875,0.006420235615223646,0.0789642333984375
image_0929.jpg,train,0.07402420043945312,0.06171788275241852,0.33789798617362976,0.020000457763671875,0.7720168232917786,0.2609507441520691,-3.192901611328125,0.10895480960607529,-0.1399993896484375,0.025799313560128212,3.3329010009765625
image_0930.jpg,train,0.024433135986328125,0.02335178665816784,0.15486422181129456,0.00238800048828125,0.7332634925842285,,2.1575927734375,0.005698005668818951,0.2826690673828125,0.024483442306518555,-2.4402618408203125
image_0931.jpg,train,0.028301239013671875,0.02613368257880211,0.19114679098129272,0.003231048583984375,0.7230982780456543,,2.635955810546875,0.0,0.1941680908203125,0.028327930718660355,-2.8301239013671875
image_0932.jpg,train,0.007030487060546875,0.016749393194913864,0.07212774455547333,0.000492095947265625,0.6313768029212952,,0.5641937255859375,0.017543859779834747,0.122833251953125,0.006982260849326849,-0.6870269775390625
image_0933.jpg,train,0.0071258544921875,0.012138187885284424,0.04834996908903122,0.001338958740234375,0.7061706781387329,,0.49591064453125,0.011904762126505375,0.215911865234375,0.0071243224665522575,-0.711822509765625
image_0934.jpg,train,0.01821136474609375,0.029104966670274734,0.16960105299949646,0.002826690673828125,0.7099543213844299,,1.5567779541015625,0.003937007859349251,0.2613067626953125,0.01826690323650837,-1.818084716796875
image_0935.jpg,train,0.017910003662109375,0.02913702465593815,0.17166313529014587,0.0045013427734375,0.7566426992416382,,1.412200927734375,0.006971340160816908,0.3719329833984375,0.017964141443371773,-1.7841339111328125
image_0936.jpg,train,0.0323486328125,0.034800898283720016,0.23690158128738403,0.005218505859375,0.729597270488739,0.07291208207607269,0.36163330078125,0.09483525902032852,-0.0560760498046875,0.022022675722837448,-0.3055572509765625
image_0937.jpg,test,0.041515350341796875,0.03591243177652359,0.2488749921321869,0.0100860595703125,0.7587268352508545,0.13946880400180817,1.3004302978515625,0.171147882938385,-0.0885009765625,0.029880231246352196,-1.2119293212890625
image_0938.jpg,train,0.021862030029296875,0.015158262103796005,0.07899085432291031,0.008152008056640625,0.8086693286895752,0.17419879138469696,0.086212158203125,0.21652421355247498,-0.0865936279296875,0.01161065325140953,0.0003814697265625
image_0939.jpg,train,0.01937103271484375,0.019823778420686722,0.1018592119216919,0.00737762451171875,0.7998098134994507,,1.6178131103515625,0.03658536449074745,0.3055572509765625,0.019338663667440414,-1.923370361328125
image_0940.jpg,test,0.023006439208984375,0.023513637483119965,0.14205318689346313,0.004119873046875,0.7439368963241577,,2.0076751708984375,0.017073171213269234,0.287628173828125,0.023015733808279037,-2.2953033447265625
image_0941.jpg,train,0.08092117309570312,0.06269516795873642,0.3543243408203125,0.01723480224609375,0.7600460648536682,,7.6244354248046875,0.0044932602904737,0.4608154296875,0.08150964230298996,-8.085250854492188
image_0942.jpg,train,0.054920196533203125,0.047811415046453476,0.2996431887149811,0.0141754150390625,0.7626729011535645,,5.2074432373046875,0.004830917809158564,0.283050537109375,0.05499942600727081,-5.4904937744140625
image_0943.jpg,test,0.09897994995117188,0.07357102632522583,0.3772377669811249,0.023967742919921875,0.7667819261550903,0.32212334871292114,4.949951171875,0.12061591446399689,-0.0476837158203125,0.080462247133255,-4.9022674560546875
image_0944.jpg,train,0.08311843872070312,0.0748167634010315,0.376471608877182,0.014049530029296875,0.7419664859771729,0.1888531595468521,4.141998291015625,0.1111111119389534,-0.0217437744140625,0.07014386355876923,-4.1202545166015625
image_0945.jpg,train,0.0348358154296875,0.03338991850614548,0.22555305063724518,0.006153106689453125,0.7382861375808716,0.329805463552475,0.8563995361328125,0.20353981852531433,-0.042724609375,0.02242197096347809,-0.8136749267578125
image_0946.jpg,train,0.0205841064453125,0.02603933773934841,0.16234849393367767,0.00249481201171875,0.7136663198471069,0.7151474356651306,0.1926422119140625,0.1679999977350235,-0.1308441162109375,0.010843397118151188,-0.061798095703125
image_0947.jpg,train,0.022857666015625,0.03559798747301102,0.201729878783226,0.00266265869140625,0.7329238057136536,,2.074432373046875,0.004868549294769764,0.20751953125,0.022928418591618538,-2.281951904296875
image_0948.jpg,train,0.023387908935546875,0.023220757022500038,0.15750163793563843,0.005306243896484375,0.7509312033653259,0.277942031621933,1.5216827392578125,0.008089607581496239,0.4486083984375,0.02181992307305336,-1.9702911376953125
image_0949.jpg,train,0.016529083251953125,0.029801031574606895,0.18524746596813202,0.002361297607421875,0.6978743672370911,0.24682307243347168,0.6572723388671875,0.007175807375460863,0.214385986328125,0.0129206832498312,-0.8716583251953125
image_0950.jpg,train,0.03179931640625,0.03758290782570839,0.2468016892671585,0.002071380615234375,0.7090400457382202,0.16721311211585999,2.501678466796875,0.014245014637708664,0.258636474609375,0.030380122363567352,-2.76031494140625
image_0951.jpg,test,0.015254974365234375,0.018163476139307022,0.09587576985359192,0.00501251220703125,0.7831861972808838,0.9438444972038269,0.435638427734375,0.004823151044547558,0.4207611083984375,0.011980229988694191,-0.8563995361328125
image_0952.jpg,test,0.017131805419921875,0.016974836587905884,0.09137341380119324,0.004955291748046875,0.7950961589813232,0.47909754514694214,0.768280029296875,0.008397933095693588,0.3841400146484375,0.014496948570013046,-1.1524200439453125
image_0953.jpg,train,0.047954559326171875,0.04396500810980797,0.2719898819923401,0.0112762451171875,0.7565709948539734,0.3820454180240631,-2.6233673095703125,0.17783783376216888,-0.10528564453125,0.011494448408484459,2.7286529541015625
image_0954.jpg,train,0.05509185791015625,0.04844273626804352,0.30675458908081055,0.012561798095703125,0.7514040470123291,0.20478789508342743,1.6582489013671875,0.14332248270511627,-0.017547607421875,0.03947484865784645,-1.6407012939453125
image_0955.jpg,train,0.06335830688476562,0.05827661603689194,0.3473725914955139,0.00928497314453125,0.7379868030548096,0.08823928982019424,4.1614532470703125,0.13631221652030945,0.0240325927734375,0.05963040515780449,-4.18548583984375
image_0956.jpg,train,0.03090667724609375,0.020303253084421158,0.12360504269599915,0.01123046875,0.8017136454582214,0.43499118089675903,-1.7303466796875,0.22690437734127045,-0.092315673828125,0.006711654365062714,1.822662353515625
image_0957.jpg,test,0.0201416015625,0.018386555835604668,0.10203183442354202,0.00658416748046875,0.7954580187797546,0.34231358766555786,-0.1678466796875,0.14756447076797485,-0.011444091796875,0.009461639449000359,0.179290771484375
image_0958.jpg,train,0.060825347900390625,0.05844990909099579,0.33728882670402527,0.01047515869140625,0.7385076284408569,0.07171406596899033,2.9514312744140625,0.055635493248701096,-0.0270843505859375,0.057853229343891144,-2.924346923828125
image_0959.jpg,train,0.020694732666015625,0.02216840349137783,0.1365661472082138,0.00336456298828125,0.7504081726074219,0.19429704546928406,-0.40740966796875,0.15994437038898468,-0.0919342041015625,0.008352909237146378,0.4993438720703125
image_0960.jpg,train,0.0237274169921875,0.02429935894906521,0.17417766153812408,0.005615234375,0.7561591267585754,0.24006493389606476,-0.594329833984375,0.17668096721172333,-0.0354766845703125,0.009276694618165493,0.6298065185546875
image_0961.jpg,train,0.0438232421875,0.04725389927625656,0.29593586921691895,0.008876800537109375,0.7430860996246338,0.12291590869426727,-0.37841796875,0.138819620013237,-0.1049041748046875,0.02420688420534134,0.4833221435546875
image_0962.jpg,train,0.034824371337890625,0.038168199360370636,0.2546879053115845,0.00836181640625,0.7499311566352844,0.186719611287117,-0.8785247802734375,0.14451158046722412,-0.0835418701171875,0.01429408323019743,0.962066650390625
image_0963.jpg,train,0.03617095947265625,0.03634629398584366,0.24107949435710907,0.009998321533203125,0.7674939632415771,0.256400465965271,-0.70648193359375,0.15033887326717377,0.0370025634765625,0.01611381582915783,0.6694793701171875
image_0964.jpg,train,0.005718231201171875,0.0036941468715667725,0.009210072457790375,0.001712799072265625,0.8168859481811523,,0.33721923828125,0.006591337267309427,0.2292633056640625,0.005714679602533579,-0.5664825439453125
image_0965.jpg,train,0.00620269775390625,0.0044099558144807816,0.008845005184412003,0.002288818359375,0.8047346472740173,,0.199127197265625,0.006376195698976517,0.41656494140625,0.006202072836458683,-0.615692138671875
image_0966.jpg,train,0.006072998046875,0.0030766967684030533,0.0044629015028476715,0.00327301025390625,0.8481283187866211,,0.0904083251953125,0.010554090142250061,0.5138397216796875,0.006066509988158941,-0.604248046875
image_0967.jpg,train,0.09347152709960938,0.09821072965860367,0.41241180896759033,0.010135650634765625,0.7083027958869934,0.0736209899187088,1.074981689453125,0.08316541463136673,-0.115966796875,0.11955136060714722,-0.959014892578125
image_0968.jpg,train,0.08197021484375,0.0956190899014473,0.4103451371192932,0.0081939697265625,0.6954142451286316,0.12748970091342926,-1.0990142822265625,0.10399432480335236,-0.0858306884765625,0.05532516911625862,1.184844970703125
image_0969.jpg,val,0.08533477783203125,0.08745270222425461,0.40455037355422974,0.00693511962890625,0.7006117105484009,0.0843365341424942,2.698516845703125,0.06944037228822708,-0.037384033203125,0.08617834746837616,-2.6611328125
image_0970.jpg,train,0.09732818603515625,0.0937160924077034,0.4085562527179718,0.014675140380859375,0.7254361510276794,0.20462197065353394,-1.02081298828125,0.10130468010902405,-0.03662109375,0.05916507914662361,1.05743408203125
image_0971.jpg,train,0.06537246704101562,0.07068249583244324,0.36756038665771484,0.0084228515625,0.7182919383049011,0.07118814438581467,0.0011444091796875,0.04156305640935898,0.000762939453125,0.06088678166270256,-0.0019073486328125
image_0972.jpg,train,0.0883331298828125,0.08429642766714096,0.39973363280296326,0.015346527099609375,0.7270181179046631,0.16760501265525818,-1.425933837890625,0.06794538348913193,-0.01068115234375,0.05365302413702011,1.436614990234375
image_0973.jpg,val,0.10152053833007812,0.07292148470878601,0.3737697899341583,0.029972076416015625,0.7762905955314636,0.1537235677242279,-0.50201416015625,0.05210712179541588,0.0949859619140625,0.07528281956911087,0.4070281982421875
image_0974.jpg,train,0.05612945556640625,0.062123335897922516,0.3511250913143158,0.005718231201171875,0.7088439464569092,0.129001647233963,1.78070068359375,0.09756097197532654,0.0263214111328125,0.04349605739116669,-1.8070220947265625
image_0975.jpg,train,0.08326339721679688,0.08416689187288284,0.393183171749115,0.01120758056640625,0.717851996421814,0.055377423763275146,1.2157440185546875,0.04802364110946655,0.032806396484375,0.13455098867416382,-1.2485504150390625
image_0976.jpg,train,0.07857894897460938,0.07727545499801636,0.3833506107330322,0.01517486572265625,0.7362810373306274,0.058553166687488556,-0.1220703125,0.02729528583586216,0.037384033203125,0.12275155633687973,0.084686279296875
image_0977.jpg,train,0.055561065673828125,0.05780736729502678,0.3241804540157318,0.009731292724609375,0.7405518889427185,0.14872139692306519,1.291656494140625,0.0994623675942421,-0.0072479248046875,0.03998216241598129,-1.2844085693359375
image_0978.jpg,val,0.07114410400390625,0.06761181354522705,0.3672213554382324,0.0084228515625,0.7199764251708984,0.11733992397785187,0.93994140625,0.10844947397708893,-0.0293731689453125,0.05445248261094093,-0.9105682373046875
image_0979.jpg,train,0.09928512573242188,0.09797084331512451,0.40743184089660645,0.011783599853515625,0.7191439867019653,0.077243372797966,3.2558441162109375,0.07967589795589447,0.0003814697265625,0.1161133423447609,-3.2562255859375
image_0980.jpg,train,0.013942718505859375,0.015614094212651253,0.0728636234998703,0.00186920166015625,0.7278133034706116,,1.0986328125,0.00441988930106163,0.2925872802734375,0.013975707814097404,-1.3912200927734375
image_0981.jpg,train,0.007122039794921875,0.006891036406159401,0.021101515740156174,0.00260162353515625,0.7940032482147217,,0.3582000732421875,0.007858546450734138,0.3509521484375,0.007120606955140829,-0.7091522216796875
image_0982.jpg,train,0.003063201904296875,0.004825021140277386,0.01658211462199688,0.001453399658203125,0.8186949491500854,,0.0507354736328125,0.00500834733247757,0.2532958984375,0.0030587471555918455,-0.3040313720703125
image_0983.jpg,train,0.00337982177734375,0.007554828189313412,0.03024127148091793,0.000942230224609375,0.8098468780517578,0.25250500440597534,0.121307373046875,0.01241534948348999,0.112152099609375,0.0028723841533064842,-0.23345947265625
image_0984.jpg,train,0.00594329833984375,0.005240780767053366,0.015995964407920837,0.003021240234375,0.8399244546890259,,0.042724609375,0.01440329197794199,0.5462646484375,0.005927585065364838,-0.5889892578125
image_0985.jpg,train,0.03692626953125,0.030569085851311684,0.2185448855161667,0.0079498291015625,0.7581483721733093,0.015477804467082024,0.9227752685546875,0.0520833320915699,0.020599365234375,0.22265449166297913,-0.9433746337890625
image_0986.jpg,train,0.058300018310546875,0.0672646164894104,0.3675175905227661,0.00897216796875,0.7165747284889221,0.22497494518756866,2.0328521728515625,0.041025642305612564,0.022125244140625,0.04306411370635033,-2.0549774169921875
image_0987.jpg,test,0.035579681396484375,0.036313679069280624,0.2486434429883957,0.00569915771484375,0.7335494160652161,,3.5457611083984375,0.011560693383216858,0.0091552734375,0.03561142459511757,-3.5549163818359375
image_0988.jpg,train,0.040317535400390625,0.04145769774913788,0.26685091853141785,0.006591796875,0.730229377746582,0.3116246461868286,-1.5323638916015625,0.24518828094005585,-0.0888824462890625,0.013254879042506218,1.621246337890625
image_0989.jpg,train,0.06986618041992188,0.04747782647609711,0.2809208333492279,0.028728485107421875,0.8164842128753662,0.11214008927345276,1.70745849609375,0.07108014076948166,0.0476837158203125,0.05712089687585831,-1.7551422119140625
image_0990.jpg,train,0.0273590087890625,0.0287734754383564,0.20607998967170715,0.006092071533203125,0.7467801570892334,0.06900602579116821,0.867462158203125,0.16717171669006348,-0.0621795654296875,0.02023097313940525,-0.8052825927734375
image_0991.jpg,train,0.019504547119140625,0.019623206928372383,0.12555821239948273,0.0034942626953125,0.7376813292503357,0.07977629452943802,0.8167266845703125,0.17640048265457153,-0.02593994140625,0.014601281844079494,-0.7907867431640625
image_0992.jpg,val,0.004306793212890625,0.006179938092827797,0.023869000375270844,0.00171661376953125,0.8006158471107483,,0.0980377197265625,0.002919707912951708,0.32958984375,0.004314080346375704,-0.4276275634765625
image_0993.jpg,train,0.0030670166015625,0.01319032534956932,0.06168331205844879,0.0010833740234375,0.7783998250961304,,0.0530242919921875,0.005181347019970417,0.2475738525390625,0.003054489614441991,-0.30059814453125
image_0994.jpg,train,0.00811004638671875,0.0041237641125917435,0.006017010658979416,0.002346038818359375,0.7894840836524963,,0.4261016845703125,0.0,0.3849029541015625,0.008114596828818321,-0.811004638671875
image_0995.jpg,train,0.0638427734375,0.05800017714500427,0.35022228956222534,0.0110931396484375,0.7341082096099854,0.03984991833567619,1.7086029052734375,0.15645845234394073,-0.0049591064453125,0.09388431161642075,-1.703643798828125
image_0996.jpg,train,0.0484619140625,0.0449315570294857,0.2900679111480713,0.011142730712890625,0.7525824904441833,0.1694115847349167,0.3078460693359375,0.17909002304077148,0.2971649169921875,0.031090114265680313,-0.605010986328125
image_0997.jpg,train,0.06422042846679688,0.05399983376264572,0.3371225893497467,0.011943817138671875,0.7431818842887878,0.05762683227658272,1.0707855224609375,0.16272825002670288,-0.045013427734375,0.06838260591030121,-1.0257720947265625
image_0998.jpg,train,0.0944976806640625,0.09240802377462387,0.4082894027233124,0.010272979736328125,0.7117781043052673,0.10008744150400162,-1.966094970703125,0.07793357968330383,-0.0148773193359375,0.08814448863267899,1.9809722900390625
image_0999.jpg,train,0.007476806640625,0.009016912430524826,0.031982555985450745,0.002399444580078125,0.7873436212539673,0.9969696998596191,0.19989013671875,0.1284552812576294,-0.064849853515625,0.004482341930270195,-0.135040283203125
image_1000.jpg,train,0.015697479248046875,0.015826188027858734,0.08000409603118896,0.00455474853515625,0.7660624980926514,,1.5201568603515625,0.125,0.0396728515625,0.015654098242521286,-1.5598297119140625
image_1001.jpg,train,0.02921295166015625,0.02720540761947632,0.204321950674057,0.0062408447265625,0.737951397895813,0.22591228783130646,-0.194549560546875,,0.121307373046875,0.015251051634550095,0.0732421875
image_1002.jpg,train,0.02557373046875,0.019184093922376633,0.1159619465470314,0.007732391357421875,0.774904727935791,0.45880451798439026,0.099945068359375,0.24398073554039001,-0.04119873046875,0.013458337634801865,-0.058746337890625
image_1003.jpg,test,0.018726348876953125,0.02373366802930832,0.18126697838306427,0.002349853515625,0.6938987970352173,0.30649566650390625,-0.1712799072265625,0.3444676399230957,-0.0457763671875,0.008541169576346874,0.2170562744140625
image_1004.jpg,train,0.1042327880859375,0.09463255852460861,0.4060404300689697,0.016155242919921875,0.7314826846122742,0.18298764526844025,-3.2733917236328125,0.04446219280362129,0.4550933837890625,0.05993849039077759,2.81829833984375
image_1005.jpg,train,0.07460403442382812,0.06305080652236938,0.3639398217201233,0.0079498291015625,0.7217024564743042,0.1574288010597229,1.5361785888671875,0.08323563635349274,0.03509521484375,0.05549486726522446,-1.5712738037109375
image_1006.jpg,train,0.0069732666015625,0.011107517406344414,0.046211883425712585,0.001483917236328125,0.7310444116592407,0.23428291082382202,0.156402587890625,0.0,0.177001953125,0.005196233745664358,-0.333404541015625
image_1007.jpg,train,0.02005767822265625,0.02141355723142624,0.14785146713256836,0.003246307373046875,0.7239353656768799,0.18788491189479828,0.446319580078125,,0.0,0.012791275978088379,-0.446319580078125
image_1008.jpg,train,0.0373382568359375,0.03710693120956421,0.27825927734375,0.004459381103515625,0.7151551246643066,0.14977750182151794,1.9275665283203125,0.10526315867900848,0.0003814697265625,0.030120065435767174,-1.927947998046875
image_1009.jpg,test,0.088653564453125,0.0693603903055191,0.37245818972587585,0.014286041259765625,0.7399041056632996,0.14206747710704803,-0.6664276123046875,0.08075601607561111,-0.0072479248046875,0.06171831116080284,0.673675537109375
image_1010.jpg,train,0.07976531982421875,0.07149095088243484,0.3647061884403229,0.015125274658203125,0.7481502890586853,0.06886306405067444,-0.4611968994140625,0.06014271080493927,0.06103515625,0.09706874936819077,0.4001617431640625
image_1011.jpg,train,0.06848526000976562,0.06619230657815933,0.36477673053741455,0.0069732666015625,0.7165396213531494,0.04008832201361656,2.1366119384765625,0.057926829904317856,0.1434326171875,0.10603571683168411,-2.2800445556640625
image_1012.jpg,train,0.0681304931640625,0.06289777904748917,0.3531690835952759,0.007396697998046875,0.725204348564148,0.06094870716333389,3.6022186279296875,0.10457516461610794,0.00457763671875,0.07053408771753311,-3.6067962646484375
image_1013.jpg,train,0.0781707763671875,0.051775600761175156,0.3307587504386902,0.0171966552734375,0.7603737711906433,0.08566906303167343,3.5930633544921875,0.08552107959985733,-0.0186920166015625,0.07569753378629684,-3.574371337890625
image_1014.jpg,test,0.0328216552734375,0.019199255853891373,0.11447646468877792,0.01325225830078125,0.8083036541938782,0.44834765791893005,0.1895904541015625,0.14327354729175568,-0.0232696533203125,0.01807614415884018,-0.16632080078125
image_1015.jpg,train,0.024028778076171875,0.01996416598558426,0.11605306714773178,0.003406524658203125,0.7334197163581848,0.3289749026298523,1.30615234375,0.1741357296705246,-0.0705718994140625,0.018573909997940063,-1.2355804443359375
image_1016.jpg,train,0.016571044921875,0.011597538366913795,0.04985453933477402,0.006805419921875,0.806087076663971,0.19113276898860931,0.238037109375,0.171072319149971,-0.069427490234375,0.009506368078291416,-0.168609619140625
image_1017.jpg,train,0.0369110107421875,0.03233090788125992,0.22951960563659668,0.0097503662109375,0.7652235627174377,0.0335707925260067,2.8553009033203125,0.11114413291215897,-0.0247955322265625,0.03617144748568535,-2.83050537109375
image_1018.jpg,train,0.00884246826171875,0.006551364902406931,0.016273722052574158,0.00209808349609375,0.7594023942947388,,0.6500244140625,0.0,0.234222412109375,0.008852193132042885,-0.884246826171875
image_1019.jpg,train,0.023044586181640625,0.01579669490456581,0.07938206940889359,0.006649017333984375,0.7829577922821045,,1.9466400146484375,0.002747252816334367,0.356292724609375,0.023101110011339188,-2.3029327392578125
image_1020.jpg,test,0.0052337646484375,0.0020649470388889313,0.001362346112728119,0.002899169921875,0.859780490398407,,0.003814697265625,0.008695651777088642,0.518798828125,0.005232245195657015,-0.522613525390625
image_1021.jpg,train,0.044322967529296875,0.045649752020835876,0.2964315414428711,0.00443267822265625,0.7217200398445129,0.12206938117742538,1.522064208984375,0.15180055797100067,0.08697509765625,0.03401275351643562,-1.609039306640625
image_1022.jpg,train,0.01384735107421875,0.01582246646285057,0.08928613364696503,0.00160980224609375,0.7166317105293274,0.17009803652763367,-0.2391815185546875,0.18005229532718658,-0.0606536865234375,0.005668620578944683,0.299835205078125
image_1023.jpg,train,0.033969879150390625,0.0373651459813118,0.2608650326728821,0.00374603271484375,0.7108433842658997,0.2109324038028717,0.0270843505859375,0.1681627780199051,-0.008392333984375,0.018556727096438408,-0.0186920166015625
image_1024.jpg,train,0.002750396728515625,0.004074465483427048,0.008826278150081635,0.000598907470703125,0.7493515014648438,0.2799607217311859,-0.0690460205078125,0.19811320304870605,-0.0335693359375,0.0008690101676620543,0.1026153564453125
image_1025.jpg,train,0.020587921142578125,0.01779799349606037,0.10818260163068771,0.004222869873046875,0.7497263550758362,0.26210302114486694,-0.32196044921875,0.19806814193725586,-0.45318603515625,0.006814906373620033,0.775146484375
image_1026.jpg,train,0.0360107421875,0.034321002662181854,0.231509730219841,0.00562286376953125,0.7359560132026672,0.2537778317928314,1.406097412109375,0.1504211723804474,-0.014495849609375,0.026134811341762543,-1.3916015625
image_1027.jpg,train,0.0314483642578125,0.030923526734113693,0.22856108844280243,0.003124237060546875,0.7182502746582031,0.1889066845178604,-0.6008148193359375,0.17499439418315887,-0.0522613525390625,0.013673527166247368,0.653076171875
image_1028.jpg,train,0.042999267578125,0.02928197756409645,0.21538543701171875,0.0121307373046875,0.7810327410697937,0.5329738855361938,-0.3757476806640625,0.16227078437805176,-0.20294189453125,0.019792424514889717,0.5786895751953125
image_1029.jpg,train,0.16949081420898438,0.10824029892683029,0.4209192395210266,0.043979644775390625,0.7704319953918457,0.19680266082286835,3.67279052734375,0.15150602161884308,-0.0102996826171875,0.15614032745361328,-3.6624908447265625
image_1030.jpg,val,0.03751373291015625,0.02289237082004547,0.15834707021713257,0.011898040771484375,0.7966066598892212,,2.312469482421875,0.011267605237662792,1.42974853515625,0.037620797753334045,-3.742218017578125
image_1031.jpg,test,0.13813018798828125,0.10261830687522888,0.4119541645050049,0.02857208251953125,0.7566083073616028,0.10390915721654892,2.170562744140625,0.0887797474861145,0.1495361328125,0.1820974200963974,-2.320098876953125
image_1032.jpg,train,0.014545440673828125,0.00903537217527628,0.03350825235247612,0.00716400146484375,0.8423667550086975,0.18049225211143494,0.0164031982421875,0.006864988710731268,1.2889862060546875,0.013859790749847889,-1.305389404296875
image_1033.jpg,train,0.12969589233398438,0.09988320618867874,0.41091299057006836,0.02869415283203125,0.7543745636940002,0.13179893791675568,7.9158782958984375,0.16812993586063385,0.0026702880859375,0.12881338596343994,-7.918548583984375
image_1034.jpg,train,0.017398834228515625,0.010316651314496994,0.0352935828268528,0.00626373291015625,0.8034110069274902,,0.6694793701171875,0.007936508394777775,1.067352294921875,0.017417062073946,-1.7368316650390625
image_1035.jpg,test,0.06284713745117188,0.048586100339889526,0.30218571424484253,0.01314544677734375,0.7600204348564148,0.13796739280223846,4.697418212890625,0.2084287703037262,-0.045013427734375,0.05782370641827583,-4.65240478515625
image_1036.jpg,train,0.007114410400390625,0.0027442509308457375,0.00211135670542717,0.003566741943359375,0.8487794399261475,,0.0,0.0381944440305233,0.7030487060546875,0.0070802271366119385,-0.7030487060546875
image_1037.jpg,train,0.00876617431640625,0.003821337129920721,0.005749087780714035,0.00391387939453125,0.8453691005706787,,0.19378662109375,0.0,0.682830810546875,0.00877772644162178,-0.876617431640625
image_1038.jpg,train,0.0047149658203125,0.003158136736601591,0.006568297743797302,0.002712249755859375,0.8650539517402649,,0.005340576171875,0.014760147780179977,0.463104248046875,0.004704570397734642,-0.46844482421875
image_1039.jpg,train,0.008083343505859375,0.010454697534441948,0.03930032253265381,0.002460479736328125,0.7541457414627075,,0.414276123046875,0.0,0.3940582275390625,0.00808908324688673,-0.8083343505859375
image_1040.jpg,train,0.116180419921875,0.09479941427707672,0.40528038144111633,0.020565032958984375,0.744085967540741,0.09448350220918655,4.3254852294921875,0.10191154479980469,-0.2208709716796875,0.13016271591186523,-4.1046142578125
image_1041.jpg,train,0.08629608154296875,0.06994208693504333,0.3752414286136627,0.01660919189453125,0.7431305050849915,0.2281867265701294,3.064727783203125,0.17737382650375366,-0.4734039306640625,0.06497319787740707,-2.5913238525390625
image_1042.jpg,train,0.020969390869140625,0.017045708373188972,0.09344863891601562,0.00586700439453125,0.7780248522758484,,1.0616302490234375,0.004626569803804159,1.02996826171875,0.021064262837171555,-2.0915985107421875
image_1043.jpg,val,0.0473175048828125,0.029525693506002426,0.19278469681739807,0.021968841552734375,0.8377430438995361,,4.044342041015625,0.004507888574153185,0.682830810546875,0.0475359745323658,-4.7271728515625
image_1044.jpg,train,0.1213226318359375,0.06769485771656036,0.36816102266311646,0.03885650634765625,0.789376437664032,,10.46905517578125,0.002060439670458436,1.65863037109375,0.12266232818365097,-12.127685546875
image_1045.jpg,train,0.004482269287109375,0.012554645538330078,0.06068208068609238,0.00194549560546875,0.7882610559463501,,0.12664794921875,0.001988071482628584,0.3208160400390625,0.004487064201384783,-0.4474639892578125
image_1046.jpg,train,0.028446197509765625,0.030656784772872925,0.21114128828048706,0.005504608154296875,0.7389931678771973,0.15822060406208038,0.2826690673828125,0.17413689196109772,-0.179290771484375,0.016029413789510727,-0.1033782958984375
image_1047.jpg,train,0.0673675537109375,0.05844135954976082,0.3336073160171509,0.01534271240234375,0.7616056799888611,0.19234569370746613,1.6452789306640625,0.1875583827495575,-0.193023681640625,0.04711414873600006,-1.4522552490234375
image_1048.jpg,train,0.0648956298828125,0.05883357673883438,0.34992897510528564,0.008472442626953125,0.721537172794342,0.22656729817390442,2.01568603515625,0.15492957830429077,0.00152587890625,0.04728389531373978,-2.0172119140625
image_1049.jpg,train,0.1373443603515625,0.11164101958274841,0.4233574867248535,0.017948150634765625,0.7281157970428467,0.1483936458826065,7.7953338623046875,0.1227007657289505,-0.144195556640625,0.13498322665691376,-7.6511383056640625
image_1050.jpg,train,0.056179046630859375,0.048589300364255905,0.31261616945266724,0.015949249267578125,0.7717339396476746,0.32385849952697754,-0.876617431640625,0.17453612387180328,-0.388336181640625,0.02464047074317932,1.26495361328125
image_1051.jpg,train,0.008480072021484375,0.009397931396961212,0.034462377429008484,0.00177001953125,0.7517650723457336,0.25775808095932007,-0.1438140869140625,0.23869945108890533,-0.318145751953125,0.001982735237106681,0.4619598388671875
image_1052.jpg,test,0.10216140747070312,0.08477774262428284,0.39427268505096436,0.016510009765625,0.739514172077179,0.10714234411716461,4.15496826171875,0.15182563662528992,-0.2071380615234375,0.09890349954366684,-3.9478302001953125
image_1053.jpg,val,0.11672210693359375,0.09906314313411713,0.4166496694087982,0.013820648193359375,0.7213444709777832,0.11073699593544006,3.025054931640625,0.1162196695804596,-0.2899169921875,0.12043451517820358,-2.735137939453125
image_1054.jpg,train,0.09415817260742188,0.08357618749141693,0.3962353467941284,0.017047882080078125,0.7352011203765869,0.08839572221040726,0.6107330322265625,0.10024017095565796,-0.0659942626953125,0.09942476451396942,-0.54473876953125
image_1055.jpg,train,0.09820175170898438,0.08543256670236588,0.3982076048851013,0.01668548583984375,0.7356934547424316,0.09947363287210464,1.5010833740234375,0.11825685948133469,-0.103759765625,0.09661261737346649,-1.3973236083984375
image_1056.jpg,test,0.17148590087890625,0.11259594559669495,0.4266802668571472,0.039241790771484375,0.7616316080093384,0.07708133012056351,9.60235595703125,0.08646435290575027,-0.0823974609375,0.2635222375392914,-9.51995849609375
image_1057.jpg,train,0.07515335083007812,0.07206353545188904,0.376395046710968,0.00959014892578125,0.7205843925476074,0.17622609436511993,0.5619049072265625,0.1852276474237442,-0.2025604248046875,0.04926334694027901,-0.359344482421875
image_1058.jpg,train,0.14422607421875,0.1075303703546524,0.4221417009830475,0.024982452392578125,0.742625892162323,0.12106078118085861,3.6468505859375,0.0803046002984047,0.032806396484375,0.16639387607574463,-3.679656982421875
image_1059.jpg,val,0.06688690185546875,0.06101682409644127,0.35235360264778137,0.01232147216796875,0.7373650670051575,0.12660343945026398,2.1663665771484375,0.13604138791561127,-0.0438690185546875,0.053584545850753784,-2.12249755859375
image_1060.jpg,train,0.017162322998046875,0.01675429753959179,0.08835678547620773,0.00553131103515625,0.774979293346405,,0.55389404296875,0.01065246295183897,1.1257171630859375,0.017276179045438766,-1.6796112060546875
image_1061.jpg,val,0.01067352294921875,0.019786562770605087,0.10396686941385269,0.0027313232421875,0.7495584487915039,,0.308990478515625,0.009663097560405731,0.701904296875,0.010703928768634796,-1.010894775390625
image_1062.jpg,train,0.014598846435546875,0.011812048964202404,0.04723725467920303,0.0052337646484375,0.8107178807258606,,0.4047393798828125,0.011551154777407646,1.0284423828125,0.014634485356509686,-1.4331817626953125
image_1063.jpg,test,0.0492706298828125,0.036729924380779266,0.23890259861946106,0.013576507568359375,0.7836397886276245,,3.4114837646484375,0.006347122136503458,1.4934539794921875,0.050032030791044235,-4.904937744140625
image_1064.jpg,train,0.011295318603515625,0.011532718315720558,0.042218200862407684,0.00440216064453125,0.796367883682251,,0.3345489501953125,0.015340364538133144,0.78277587890625,0.011279160156846046,-1.1173248291015625
image_1065.jpg,train,0.022937774658203125,0.02759767696261406,0.16592508554458618,0.004505157470703125,0.7446276545524597,,1.3275146484375,0.012212906032800674,0.9151458740234375,0.023167015984654427,-2.2426605224609375
image_1066.jpg,train,0.01432037353515625,0.017098676413297653,0.08245650678873062,0.0043792724609375,0.7793301343917847,,0.617218017578125,0.009062075056135654,0.799560546875,0.014365019276738167,-1.416778564453125
image_1067.jpg,train,0.0127105712890625,0.014943603426218033,0.06935793161392212,0.003719329833984375,0.7615043520927429,,0.5176544189453125,0.0041841003112494946,0.7472991943359375,0.012773217633366585,-1.26495361328125
image_1068.jpg,train,0.02852630615234375,0.011634930968284607,0.051465488970279694,0.017040252685546875,0.8685082793235779,,1.4896392822265625,0.007786429487168789,1.3576507568359375,0.028597677126526833,-2.8472900390625
image_1069.jpg,train,0.10382461547851562,0.07407595217227936,0.3820103406906128,0.027202606201171875,0.7661439776420593,0.058988310396671295,0.7099151611328125,0.09035924077033997,-0.0316619873046875,0.337515264749527,-0.678253173828125
image_1070.jpg,test,0.108001708984375,0.08134648203849792,0.39019373059272766,0.026447296142578125,0.7607003450393677,0.0546024814248085,2.364349365234375,0.09628232568502426,0.4268646240234375,0.30121034383773804,-2.7912139892578125
image_1071.jpg,train,0.11590576171875,0.07598322629928589,0.3837084174156189,0.028377532958984375,0.7673673629760742,0.05124871805310249,4.4361114501953125,0.0765007734298706,-0.0072479248046875,0.27352526783943176,-4.428863525390625
image_1072.jpg,train,0.1319122314453125,0.09892552345991135,0.41470545530319214,0.027355194091796875,0.748123049736023,0.06256479769945145,4.5269012451171875,0.11945813149213791,0.5313873291015625,0.28425654768943787,-5.05828857421875
image_1073.jpg,train,0.16834259033203125,0.1028890609741211,0.4149729311466217,0.048282623291015625,0.7788485884666443,0.046142857521772385,11.373519897460938,0.06477250158786774,-0.0579833984375,0.3517962098121643,-11.315536499023438
image_1074.jpg,train,0.13381195068359375,0.10214212536811829,0.4101783335208893,0.02700042724609375,0.7549081444740295,0.07457027584314346,4.5013427734375,0.08075471967458725,0.075531005859375,0.22233659029006958,-4.576873779296875
image_1075.jpg,train,0.11826324462890625,0.11337952315807343,0.42274969816207886,0.01898956298828125,0.7257652282714844,0.09864193201065063,1.656341552734375,0.060794781893491745,0.1888275146484375,0.14020659029483795,-1.8451690673828125
image_1076.jpg,val,0.02960205078125,0.013845233246684074,0.07071086764335632,0.014720916748046875,0.839469313621521,0.007059160154312849,1.60369873046875,0.06370847672224045,-0.0583648681640625,0.5767422318458557,-1.5453338623046875
image_1077.jpg,train,0.06440353393554688,0.04253571480512619,0.29922157526016235,0.0205078125,0.7821728587150574,0.03051496483385563,0.9124755859375,0.09276704490184784,0.6481170654296875,0.36314862966537476,-1.5605926513671875
image_1078.jpg,train,0.0012054443359375,0.0004703861486632377,5.600973963737488e-05,0.0007171630859375,0.8719147443771362,0.0007444111979566514,-0.028228759765625,,0.0202178955078125,0.6302083134651184,0.0080108642578125
image_1079.jpg,val,0.016193389892578125,0.007892151363193989,0.01976819336414337,0.0079193115234375,0.8373108506202698,0.0036699415650218725,0.9082794189453125,0.0,0.0057220458984375,0.4049132168292999,-0.91400146484375
image_1080.jpg,train,0.02999114990234375,0.01695127785205841,0.10331881791353226,0.0114593505859375,0.8043033480644226,0.01137962844222784,0.8510589599609375,0.06159420311450958,0.014495849609375,0.35611459612846375,-0.8655548095703125
image_1081.jpg,train,0.047122955322265625,0.03456727787852287,0.2392643690109253,0.01425933837890625,0.7806454300880432,0.018808484077453613,1.4911651611328125,0.05371900647878647,0.026702880859375,0.21703244745731354,-1.5178680419921875
image_1082.jpg,train,0.0594940185546875,0.042041562497615814,0.2943474352359772,0.0145111083984375,0.7667805552482605,0.025351516902446747,1.8192291259765625,0.05427251756191254,0.022125244140625,0.21024174988269806,-1.8413543701171875
image_1083.jpg,train,0.04105377197265625,0.020079858601093292,0.13396896421909332,0.017932891845703125,0.8299225568771362,0.00706848967820406,2.77557373046875,0.10012836754322052,0.0606536865234375,0.43066006898880005,-2.8362274169921875
image_1084.jpg,train,0.00458526611328125,0.000855246908031404,8.618831634521484e-05,0.003536224365234375,0.9268181920051575,0.0003879318537656218,0.3814697265625,0.1371428519487381,-0.0026702880859375,0.667286217212677,-0.3787994384765625
image_1085.jpg,train,0.0075531005859375,0.0031318608671426773,0.0015407614409923553,0.004528045654296875,0.8736594915390015,0.0019698345568031073,0.3650665283203125,0.10702341049909592,0.0034332275390625,0.4891156554222107,-0.368499755859375
image_1086.jpg,train,0.005035400390625,0.0024839253164827824,0.0006455592811107635,0.002338409423828125,0.8302997946739197,0.0022901378106325865,0.048065185546875,,0.0,0.4948665201663971,-0.048065185546875
image_1087.jpg,val,0.027416229248046875,0.025519849732518196,0.18337030708789825,0.004421234130859375,0.7356343269348145,0.09832269698381424,1.044464111328125,0.1785525679588318,-0.102996826171875,0.019821234047412872,-0.94146728515625
image_1088.jpg,train,0.077362060546875,0.06902571022510529,0.3736638128757477,0.01352691650390625,0.7350483536720276,0.10054543614387512,2.121734619140625,0.11853859573602676,-0.302886962890625,0.0668068677186966,-1.81884765625
image_1089.jpg,train,0.011264801025390625,0.015517311170697212,0.08339448273181915,0.00146484375,0.7232063412666321,0.03415427356958389,0.5916595458984375,0.19501879811286926,-0.2101898193359375,0.007792289834469557,-0.3814697265625
image_1090.jpg,train,0.081390380859375,0.06129227578639984,0.34676095843315125,0.01439666748046875,0.7479941248893738,0.19400526583194733,4.148101806640625,0.1438356190919876,-0.1682281494140625,0.0682201236486435,-3.9798736572265625
image_1091.jpg,test,0.07720565795898438,0.05997975915670395,0.3357354700565338,0.021305084228515625,0.7733657360076904,0.19586969912052155,2.0496368408203125,0.12277117371559143,-0.148773193359375,0.05675734579563141,-1.9008636474609375
image_1092.jpg,train,0.057163238525390625,0.043265774846076965,0.2902800738811493,0.0164642333984375,0.7707913517951965,0.1557006537914276,3.0490875244140625,0.016082121059298515,2.3590087890625,0.0573359876871109,-5.4080963134765625
image_1093.jpg,val,0.08414459228515625,0.054284997284412384,0.3360751271247864,0.017486572265625,0.7611887454986572,0.2222076803445816,5.237579345703125,0.014543251134455204,1.8321990966796875,0.08174469321966171,-7.0697784423828125
image_1094.jpg,train,0.04528045654296875,0.0458248034119606,0.2936162054538727,0.01093292236328125,0.7531975507736206,0.1293492466211319,1.033782958984375,0.1685243397951126,-0.5451202392578125,0.029205383732914925,-0.4886627197265625
image_1095.jpg,val,0.08402252197265625,0.07355551421642303,0.37993741035461426,0.01351165771484375,0.7325555086135864,0.09864307940006256,3.807830810546875,0.13564294576644897,-0.5657196044921875,0.07640467584133148,-3.2421112060546875
image_1096.jpg,val,0.057613372802734375,0.054896362125873566,0.33877208828926086,0.00801849365234375,0.7261266708374023,0.14054714143276215,1.8524169921875,0.17091144621372223,-0.3757476806640625,0.04213576391339302,-1.4766693115234375
image_1097.jpg,train,0.031238555908203125,0.030412571504712105,0.23296679556369781,0.004199981689453125,0.7201756834983826,0.26733046770095825,-0.1415252685546875,0.2135651409626007,-0.1720428466796875,0.01494505163282156,0.313568115234375
image_1098.jpg,train,0.027774810791015625,0.023525357246398926,0.15954236686229706,0.005474090576171875,0.7529028654098511,0.2165742814540863,1.4881134033203125,0.24629080295562744,-0.0591278076171875,0.021698487922549248,-1.428985595703125
image_1099.jpg,train,0.00592803955078125,0.0077879102900624275,0.022182665765285492,0.00070953369140625,0.7120817303657532,0.16757865250110626,0.162506103515625,0.19806763529777527,-0.006103515625,0.003794347867369652,-0.156402587890625
image_1100.jpg,train,0.037128448486328125,0.0425063818693161,0.28439608216285706,0.004547119140625,0.7147195935249329,0.06608566641807556,2.0549774169921875,0.17231565713882446,-0.138092041015625,0.03169868886470795,-1.9168853759765625
image_1101.jpg,val,0.021343231201171875,0.025529420003294945,0.15539902448654175,0.003002166748046875,0.7235249280929565,0.04449187219142914,1.49383544921875,0.21270576119422913,-0.19683837890625,0.017833560705184937,-1.2969970703125
image_1102.jpg,val,0.011417388916015625,0.014396991580724716,0.07271111011505127,0.001834869384765625,0.7274799942970276,0.10088235139846802,0.543975830078125,0.22604909539222717,-0.0980377197265625,0.008114184252917767,-0.4459381103515625
image_1103.jpg,train,0.00994110107421875,0.007649360224604607,0.02705913595855236,0.004970550537109375,0.8406357169151306,,0.0820159912109375,0.0045366170816123486,0.9067535400390625,0.009973100386559963,-0.98876953125
image_1104.jpg,train,0.010364532470703125,0.006621928419917822,0.01680924743413925,0.004001617431640625,0.808800995349884,,0.34027099609375,0.016304347664117813,0.6916046142578125,0.010356182232499123,-1.0318756103515625
image_1105.jpg,train,0.04149627685546875,0.04544345289468765,0.29030153155326843,0.00513458251953125,0.7235750555992126,0.12197350710630417,1.0162353515625,0.15365652740001678,-0.130462646484375,0.02887463942170143,-0.885772705078125
image_1106.jpg,val,0.015827178955078125,0.008215156383812428,0.02505684643983841,0.007030487060546875,0.8318848013877869,,0.2567291259765625,0.004145077895373106,1.31683349609375,0.015957631170749664,-1.5735626220703125
image_1107.jpg,train,0.021450042724609375,0.02329905517399311,0.13547781109809875,0.004192352294921875,0.7526319026947021,0.27415731549263,0.70648193359375,0.1942090392112732,-0.213623046875,0.013660024851560593,-0.49285888671875
image_1108.jpg,test,0.01110076904296875,0.00487032625824213,0.010287279263138771,0.00588226318359375,0.852388858795166,,0.03204345703125,0.00592592591419816,1.074981689453125,0.011114127933979034,-1.107025146484375
image_1109.jpg,train,0.022914886474609375,0.015435075387358665,0.07357800006866455,0.009662628173828125,0.8175521492958069,0.14051638543605804,0.31890869140625,0.005079006776213646,1.7444610595703125,0.02223815768957138,-2.0633697509765625
image_1110.jpg,train,0.008563995361328125,0.008243408054113388,0.017093833535909653,0.000995635986328125,0.7298091650009155,0.4611736834049225,0.1338958740234375,0.3153575658798218,-0.0762939453125,0.004614721052348614,-0.0576019287109375
image_1111.jpg,train,0.00025177001953125,0.002420253586024046,0.007847808301448822,3.814697265625e-05,0.6987383365631104,,0.0125885009765625,,0.0125885009765625,0.00025177001953125,-0.025177001953125
image_1112.jpg,val,0.00604248046875,0.010124605149030685,0.045258138328790665,0.000438690185546875,0.7243607640266418,,0.5397796630859375,0.0,0.0644683837890625,0.00604282645508647,-0.604248046875
image_1113.jpg,train,0.012241363525390625,0.01037179958075285,0.03904071822762489,0.003368377685546875,0.7811392545700073,0.45232465863227844,0.734710693359375,0.4615384638309479,0.0469207763671875,0.01007812563329935,-0.7816314697265625
image_1114.jpg,train,0.02277374267578125,0.016821593046188354,0.09325548261404037,0.00390625,0.7411672472953796,0.6427330374717712,0.951385498046875,0.020733652636408806,0.469207763671875,0.018657376989722252,-1.42059326171875
image_1115.jpg,train,0.019428253173828125,0.023168426007032394,0.16011762619018555,0.00241851806640625,0.7065192461013794,0.3251328468322754,0.6824493408203125,,0.0,0.013385823927819729,-0.6824493408203125
image_1116.jpg,train,0.000209808349609375,0.002372593618929386,0.00353853777050972,3.4332275390625e-05,0.6929828524589539,,0.0209808349609375,,0.0,0.000209808349609375,-0.0209808349609375
image_1117.jpg,train,0.000186920166015625,0.0005919340183027089,0.0011837109923362732,0.00012969970703125,0.8872933387756348,,0.0,,0.0186920166015625,0.000186920166015625,-0.0186920166015625
image_1118.jpg,train,0.01323699951171875,0.004178177565336227,0.012491052970290184,0.00959014892578125,0.9138712286949158,0.7639910578727722,-0.49896240234375,,0.0,0.004173471126705408,0.49896240234375
image_1119.jpg,train,0.009639739990234375,0.007730395998805761,0.026257982477545738,0.0040130615234375,0.8163143396377563,0.244084894657135,-0.1163482666015625,0.523809552192688,-0.006866455078125,0.004298743326216936,0.1232147216796875
image_1120.jpg,train,0.00296783447265625,0.011604432947933674,0.05602405220270157,0.00028228759765625,0.742824375629425,0.642201840877533,0.12359619140625,0.10526315867900848,0.011444091796875,0.002161972224712372,-0.135040283203125
image_1121.jpg,train,0.0101165771484375,0.009817490354180336,0.03761613368988037,0.00235748291015625,0.7619229555130005,0.17125925421714783,0.12054443359375,0.29032257199287415,-0.00457763671875,0.005788541864603758,-0.115966796875
image_1122.jpg,train,0.000934600830078125,0.0033064265735447407,0.009320013225078583,0.0003204345703125,0.7544776797294617,1.0,0.0240325927734375,0.3711790442466736,-0.025177001953125,0.00046205075341276824,0.0011444091796875
image_1123.jpg,train,0.004604339599609375,0.008198758587241173,0.025140203535556793,0.000362396240234375,0.6997206211090088,0.8666666746139526,0.3993988037109375,0.3192090392112732,-0.03509521484375,0.0041295005939900875,-0.3643035888671875
image_1124.jpg,val,0.000217437744140625,0.001421822584234178,0.004910150542855263,0.00011444091796875,0.8598871231079102,,0.00152587890625,0.5909090638160706,-0.0194549560546875,1.9079890989814885e-05,0.0179290771484375
image_1125.jpg,train,0.002559661865234375,0.004254734143614769,0.0153672955930233,0.00078582763671875,0.8164847493171692,0.9388145208358765,-0.1689910888671875,0.40764331817626953,-0.04730224609375,0.00019899963808711618,0.2162933349609375
image_1126.jpg,test,0.015899658203125,0.008681575767695904,0.0271378755569458,0.007564544677734375,0.8458017706871033,0.8013337254524231,-0.64544677734375,0.34285715222358704,-0.02899169921875,0.004645760636776686,0.6744384765625
image_1127.jpg,val,0.000457763671875,0.0014424736145883799,0.004638683050870895,0.0002288818359375,0.8323470950126648,1.0,0.01068115234375,0.5563910007476807,-0.0244140625,0.0001603010605322197,0.01373291015625
image_1128.jpg,train,0.001285552978515625,0.0021443672012537718,0.0063357241451740265,0.0006256103515625,0.8334395885467529,,0.0274658203125,0.4849246144294739,-0.0461578369140625,0.0005501516861841083,0.0186920166015625
image_1129.jpg,train,0.000713348388671875,0.0007104580290615559,0.0019457340240478516,0.00055694580078125,0.9302524924278259,1.0,-0.00762939453125,0.6024096608161926,-0.0507354736328125,6.491646490758285e-05,0.0583648681640625
image_1130.jpg,train,0.00768280029296875,0.007704524789005518,0.02769552543759346,0.003173828125,0.8019444942474365,0.3369916081428528,-0.426483154296875,,0.0,0.0017398260533809662,0.426483154296875
image_1131.jpg,train,0.01563262939453125,0.011938393115997314,0.049061715602874756,0.00173187255859375,0.7574240565299988,,1.557159423828125,,0.006103515625,0.01563262939453125,-1.563262939453125
image_1132.jpg,train,0.0214385986328125,0.026016131043434143,0.17286226153373718,0.00588226318359375,0.7585360407829285,,2.14385986328125,,0.0,0.0214385986328125,-2.14385986328125
image_1133.jpg,train,0.0141754150390625,0.019976656883955002,0.11523109674453735,0.000911712646484375,0.6939349174499512,,1.3637542724609375,0.0,0.0537872314453125,0.014178984798491001,-1.41754150390625
image_1134.jpg,train,0.000518798828125,0.000805382092949003,0.002550404518842697,0.000244140625,0.843124508857727,1.0,0.0049591064453125,0.43396225571632385,-0.0431060791015625,6.873482197988778e-05,0.03814697265625
image_1135.jpg,test,0.00020599365234375,0.0035095680505037308,0.013484358787536621,0.0,0.6081255078315735,,0.020599365234375,,0.0,0.00020599365234375,-0.020599365234375
image_1136.jpg,train,0.001010894775390625,0.0018443975131958723,0.0035519227385520935,0.000362396240234375,0.813262939453125,,0.0064849853515625,0.22857142984867096,0.0823974609375,0.0009501133463345468,-0.0888824462890625
image_1137.jpg,train,0.00042724609375,0.005005717743188143,0.016605164855718613,0.0,0.5652350783348083,,0.042724609375,,0.0,0.00042724609375,-0.042724609375
image_1138.jpg,train,0.000850677490234375,0.002523163566365838,0.007661111652851105,6.866455078125e-05,0.6968626379966736,,0.0850677490234375,,0.0,0.000850677490234375,-0.0850677490234375
image_1139.jpg,train,0.0211944580078125,0.02349354699254036,0.17011481523513794,0.001781463623046875,0.6951961517333984,0.807193398475647,1.074981689453125,,0.0,0.016076145693659782,-1.074981689453125
image_1140.jpg,train,0.05048370361328125,0.06149834394454956,0.35626330971717834,0.001232147216796875,0.6675640940666199,1.0,4.837799072265625,,0.0,0.04948294535279274,-4.837799072265625
image_1141.jpg,train,0.008815765380859375,0.01611492782831192,0.10178755223751068,0.001003265380859375,0.7213566303253174,,0.8815765380859375,,0.0,0.008815765380859375,-0.8815765380859375
image_1142.jpg,val,0.011379241943359375,0.015146894380450249,0.07336488366127014,0.00153350830078125,0.695248007774353,1.0,0.8281707763671875,,0.0,0.009845723398029804,-0.8281707763671875
image_1143.jpg,train,0.02207183837890625,0.017383301630616188,0.10381539165973663,0.00115203857421875,0.7220366597175598,,2.207183837890625,,0.0,0.02207183837890625,-2.207183837890625
image_1144.jpg,train,0.01537322998046875,0.01581689342856407,0.08181557059288025,0.003170013427734375,0.743040919303894,0.5333550572395325,0.286865234375,,0.0,0.009229130111634731,-0.286865234375
image_1145.jpg,train,0.0741424560546875,0.05229668319225311,0.31923529505729675,0.02184295654296875,0.7796881794929504,0.23382806777954102,-3.787994384765625,,0.0,0.02384248748421669,3.787994384765625
image_1146.jpg,train,0.0114288330078125,0.013924099504947662,0.07092613726854324,0.001354217529296875,0.7173106074333191,0.25009068846702576,0.090789794921875,,0.0,0.0063009001314640045,-0.090789794921875
image_1147.jpg,train,0.05719757080078125,0.05148295313119888,0.32143041491508484,0.011844635009765625,0.7493844628334045,0.05391008034348488,0.453948974609375,,0.0,0.060335829854011536,-0.453948974609375
image_1148.jpg,train,0.0,0.0004653931828215718,0.001994311809539795,0.0,,,0.0,,0.0,0.0,0.0
image_1149.jpg,train,0.028461456298828125,0.033396705985069275,0.25199148058891296,0.002197265625,0.6857242584228516,0.576724112033844,0.0194549560546875,0.10665708035230637,-0.302886962890625,0.014199976809322834,0.2834320068359375
image_1150.jpg,train,0.001575469970703125,0.00064330012537539,1.1801719665527344e-05,0.0008697509765625,0.8660547733306885,0.0003096306463703513,0.0957489013671875,,0.0049591064453125,0.6125461459159851,-0.1007080078125
image_1151.jpg,train,0.00374603271484375,0.0057909805327653885,0.00998368114233017,0.00011444091796875,0.6598950624465942,0.17518684267997742,-0.18157958984375,0.00046853278763592243,0.26397705078125,0.5036630034446716,-0.0823974609375
image_1152.jpg,train,0.0053558349609375,0.008503210730850697,0.023974569514393806,0.000125885009765625,0.6660181283950806,0.2153579741716385,-0.34637451171875,0.0008292229031212628,0.373077392578125,0.8888888955116272,-0.026702880859375
image_1153.jpg,train,0.00421905517578125,0.0038169296458363533,0.0011515431106090546,0.000885009765625,0.7455360889434814,0.1797468364238739,0.005340576171875,0.00026237807469442487,0.360107421875,0.37466099858283997,-0.365447998046875
image_1154.jpg,val,0.00345611572265625,0.005500193685293198,0.010570021346211433,0.000179290771484375,0.6934400796890259,0.23730437457561493,-0.2399444580078125,0.00045568993664346635,0.2552032470703125,0.692307710647583,-0.0152587890625
image_1155.jpg,train,0.0049591064453125,0.006047254428267479,0.009601455181837082,0.000579833984375,0.7120200991630554,0.23532100021839142,-0.3360748291015625,0.0005744360387325287,0.3826141357421875,0.9918699264526367,-0.046539306640625
image_1156.jpg,test,0.017425537109375,0.01926650106906891,0.09264012426137924,0.004802703857421875,0.7836504578590393,,1.7425537109375,,0.0,0.017425537109375,-1.7425537109375
image_1157.jpg,train,0.00457000732421875,0.008684579282999039,0.026387620717287064,8.0108642578125e-05,0.6837310791015625,,0.457000732421875,,0.0,0.00457000732421875,-0.457000732421875
image_1158.jpg,train,0.00373077392578125,0.009463541209697723,0.03324494510889053,1.52587890625e-05,0.628404974937439,,0.373077392578125,,0.0,0.00373077392578125,-0.373077392578125
image_1159.jpg,train,0.00287628173828125,0.008873574435710907,0.03472506254911423,2.288818359375e-05,0.5930200219154358,,0.287628173828125,,0.0,0.00287628173828125,-0.287628173828125
image_1160.jpg,train,0.003917694091796875,0.007108661811798811,0.02126668021082878,0.0,0.6773168444633484,,0.3917694091796875,,0.0,0.003917694091796875,-0.3917694091796875
image_1161.jpg,train,0.05489349365234375,0.04116973653435707,0.27325239777565,0.0156097412109375,0.7823673486709595,0.07150466740131378,-0.70648193359375,,0.0,0.042195312678813934,0.70648193359375
image_1162.jpg,train,0.017215728759765625,0.01394274178892374,0.0643744096159935,0.00399017333984375,0.742814302444458,0.008376259356737137,0.1621246337890625,,0.0,0.13625076413154602,-0.1621246337890625
image_1163.jpg,train,0.005031585693359375,0.012936343438923359,0.05415312573313713,1.9073486328125e-05,0.6216625571250916,,0.5031585693359375,,0.0,0.005031585693359375,-0.5031585693359375
image_1164.jpg,train,0.00821685791015625,0.01438052672892809,0.06445911526679993,0.000247955322265625,0.6291014552116394,,0.821685791015625,,0.0,0.00821685791015625,-0.821685791015625
image_1165.jpg,train,0.012149810791015625,0.010321739129722118,0.03727063536643982,0.0041961669921875,0.7905197739601135,0.41105324029922485,-0.6519317626953125,,0.0,0.0028806631453335285,0.6519317626953125
image_1166.jpg,train,0.010440826416015625,0.005423130001872778,0.019264260306954384,0.00772857666015625,0.9094228744506836,0.7884153723716736,-0.9601593017578125,,0.0,0.00042501892312429845,0.9601593017578125
image_1167.jpg,val,0.057537078857421875,0.04657991603016853,0.3160160779953003,0.012226104736328125,0.7508490681648254,0.061769749969244,-0.7320404052734375,,0.0,0.052858978509902954,0.7320404052734375
image_1168.jpg,train,0.06999588012695312,0.06254327297210693,0.3390815258026123,0.017181396484375,0.762169361114502,0.056759804487228394,-1.1524200439453125,0.0,0.0118255615234375,0.1036456897854805,1.140594482421875
image_1169.jpg,train,0.1520538330078125,0.09373170137405396,0.394858181476593,0.03926849365234375,0.779281497001648,0.04618321359157562,10.8428955078125,0.03293413296341896,0.0274658203125,0.2460564821958542,-10.870361328125
image_1170.jpg,test,0.17024993896484375,0.1103331446647644,0.4186670482158661,0.036502838134765625,0.7622753977775574,0.0687016099691391,13.888168334960938,0.03657448664307594,0.174713134765625,0.1987520009279251,-14.062881469726562
image_1171.jpg,train,0.12123489379882812,0.09073115140199661,0.406149297952652,0.020740509033203125,0.7408964037895203,0.13976353406906128,4.1046142578125,0.05324580520391464,0.0461578369140625,0.11434563994407654,-4.1507720947265625
image_1172.jpg,train,0.125823974609375,0.09985652565956116,0.4117855727672577,0.018955230712890625,0.7370951771736145,0.06978721916675568,4.6848297119140625,0.0,0.0102996826171875,0.1989527940750122,-4.69512939453125
image_1173.jpg,train,0.001079559326171875,0.007442299276590347,0.033161699771881104,0.0,0.6117634773254395,,0.1079559326171875,,0.0,0.001079559326171875,-0.1079559326171875
image_1174.jpg,test,0.000125885009765625,0.0018478576093912125,0.007061293348670006,0.0,0.6374316811561584,,0.0125885009765625,,0.0,0.000125885009765625,-0.0125885009765625
image_1175.jpg,train,0.000141143798828125,0.0033134217374026775,0.01423029787838459,0.0,0.6584761738777161,,0.0141143798828125,,0.0,0.000141143798828125,-0.0141143798828125
image_1176.jpg,train,0.0032501220703125,0.0027778828516602516,0.008330445736646652,0.001934051513671875,0.8759271502494812,0.3432250916957855,-0.1430511474609375,1.0,-0.0003814697265625,0.0009141294285655022,0.1434326171875
image_1177.jpg,val,0.003376007080078125,0.0060303593054413795,0.01622602343559265,0.001155853271484375,0.7761487364768982,0.30959242582321167,-0.2361297607421875,,0.0,0.0005120998248457909,0.2361297607421875
image_1178.jpg,train,0.001979827880859375,0.008733900263905525,0.03638959676027298,0.00023651123046875,0.6695290803909302,,0.1979827880859375,,0.0,0.001979827880859375,-0.1979827880859375
image_1179.jpg,train,0.0936431884765625,0.05924016609787941,0.3579891622066498,0.03005218505859375,0.7836810946464539,0.20169782638549805,-0.206756591796875,,0.0,0.06003090739250183,0.206756591796875
image_1180.jpg,train,0.11111068725585938,0.07253532856702805,0.37933412194252014,0.028751373291015625,0.7693876624107361,0.15688492357730865,-3.1841278076171875,0.0,0.0091552734375,0.07286099344491959,3.1749725341796875
image_1181.jpg,train,0.000247955322265625,0.00022379304573405534,1.239776611328125e-05,0.000110626220703125,0.800358235836029,3.81740574084688e-05,0.0171661376953125,,0.0,0.2956989109516144,-0.0171661376953125
image_1182.jpg,train,0.07759857177734375,0.05980263650417328,0.34408995509147644,0.01812744140625,0.763590931892395,0.04766914248466492,0.327301025390625,,0.0,0.18346400558948517,-0.327301025390625
image_1183.jpg,test,0.010051727294921875,0.005414099432528019,0.0066370852291584015,0.004436492919921875,0.8239458203315735,0.002614399418234825,0.4924774169921875,,0.0,0.38444966077804565,-0.4924774169921875
image_1184.jpg,val,0.016147613525390625,0.009075758047401905,0.030045872554183006,0.00693511962890625,0.826719343662262,0.004577267449349165,0.7869720458984375,,0.0,0.12540334463119507,-0.7869720458984375
image_1185.jpg,test,0.06560897827148438,0.058376576751470566,0.3449200391769409,0.012058258056640625,0.7426155209541321,0.12070365995168686,3.2733917236328125,,0.0,0.056923314929008484,-3.2733917236328125
image_1186.jpg,train,0.046321868896484375,0.031419940292835236,0.21393239498138428,0.01338958740234375,0.7867106795310974,0.01476176269352436,1.88446044921875,0.021139705553650856,0.066375732421875,0.36779841780662537,-1.950836181640625
image_1187.jpg,train,0.01136016845703125,0.01240818202495575,0.04938512295484543,0.004802703857421875,0.812586784362793,0.4428088068962097,-0.860595703125,,0.0,0.001408868469297886,0.860595703125
image_1188.jpg,train,3.814697265625e-05,0.0018332739127799869,0.007833342999219894,0.0,0.7197166085243225,,0.003814697265625,,0.0,3.814697265625e-05,-0.003814697265625
image_1189.jpg,test,0.00762939453125,0.003081586677581072,0.01218934915959835,0.006053924560546875,0.9283234477043152,1.0,-0.6317138671875,,0.0,0.0006607354152947664,0.6317138671875
image_1190.jpg,train,0.07011032104492188,0.05947135388851166,0.3319859206676483,0.0188140869140625,0.7695807218551636,0.05519977957010269,-1.1829376220703125,0.017199017107486725,0.0003814697265625,0.11362046003341675,1.18255615234375
image_1191.jpg,train,0.05304718017578125,0.054348669946193695,0.29418912529945374,0.012607574462890625,0.7583443522453308,0.04636761546134949,-1.4190673828125,,0.0,0.0706615224480629,1.4190673828125
image_1192.jpg,test,7.62939453125e-06,0.0015842070570215583,0.007683616131544113,0.0,0.6054390668869019,,0.000762939453125,,0.0,7.62939453125e-06,-0.000762939453125
image_1193.jpg,train,0.00109100341796875,0.010039313696324825,0.03809225931763649,7.62939453125e-06,0.5717409253120422,,0.109100341796875,,0.0,0.00109100341796875,-0.109100341796875
image_1194.jpg,train,0.005809783935546875,0.02086428925395012,0.10135754942893982,7.62939453125e-05,0.6821686029434204,,0.5809783935546875,,0.0,0.005809783935546875,-0.5809783935546875
image_1195.jpg,train,0.0034027099609375,0.016724543645977974,0.08196541666984558,0.0,0.6308903098106384,,0.34027099609375,,0.0,0.0034027099609375,-0.34027099609375
image_1196.jpg,train,0.10390090942382812,0.07669297605752945,0.3834497332572937,0.023548126220703125,0.7603758573532104,0.21517622470855713,-2.3960113525390625,,0.0,0.05686560645699501,2.3960113525390625
image_1197.jpg,train,0.057277679443359375,0.046374253928661346,0.3019900321960449,0.012714385986328125,0.761359453201294,0.16571833193302155,0.5504608154296875,,0.0,0.03720247000455856,-0.5504608154296875
image_1198.jpg,train,0.000782012939453125,0.0034214528277516365,0.010982804000377655,0.0,0.6143993735313416,,0.0782012939453125,,0.0,0.000782012939453125,-0.0782012939453125
image_1199.jpg,train,0.057689666748046875,0.043911516666412354,0.2938437759876251,0.013275146484375,0.7650052309036255,0.024908462539315224,1.6895294189453125,,0.0,0.20590589940547943,-1.6895294189453125
image_1200.jpg,train,0.035831451416015625,0.032619114965200424,0.22661347687244415,0.008495330810546875,0.7599427103996277,0.015451635234057903,0.7877349853515625,,0.0,0.22900427877902985,-0.7877349853515625
image_1201.jpg,train,0.040836334228515625,0.029705114662647247,0.21472138166427612,0.01161956787109375,0.7775123715400696,0.01025319006294012,2.2266387939453125,0.019948849454522133,0.0064849853515625,0.35956674814224243,-2.233123779296875
image_1202.jpg,train,0.025051116943359375,0.019232189282774925,0.1276003122329712,0.006710052490234375,0.7745036482810974,0.010457987897098064,0.56610107421875,0.02016128972172737,0.030517578125,0.1770351678133011,-0.59661865234375
image_1203.jpg,val,0.0033111572265625,0.003914387430995703,0.0043317340314388275,0.00060272216796875,0.7377144694328308,0.002469591796398163,-0.162506103515625,0.02441314607858658,0.008392333984375,0.17905102670192719,0.15411376953125
image_1204.jpg,train,0.038616180419921875,0.03784748911857605,0.26063215732574463,0.006103515625,0.7305620312690735,0.027796577662229538,-1.1203765869140625,,0.0,0.13198398053646088,1.1203765869140625
image_1205.jpg,train,0.008464813232421875,0.011069312691688538,0.039834413677453995,9.1552734375e-05,0.6768279671669006,1.0,0.81634521484375,0.15946844220161438,-0.0125885009765625,0.008260928094387054,-0.8037567138671875
image_1206.jpg,val,0.012424468994140625,0.003443751484155655,0.013555143028497696,0.01190948486328125,0.971185564994812,1.0,-1.154327392578125,0.27899685502052307,-0.0217437744140625,0.00033623966737650335,1.1760711669921875
image_1207.jpg,train,0.000179290771484375,0.0007526226690970361,0.0017053112387657166,0.0,0.60268235206604,0.000179290771484375,-0.0179290771484375,,0.0,,0.0179290771484375
image_1208.jpg,train,0.00118255615234375,0.0020105743315070868,0.0026138238608837128,0.0002899169921875,0.7594577074050903,0.00020259551820345223,0.07781982421875,,0.0,0.47680890560150146,-0.07781982421875
image_1209.jpg,test,0.031002044677734375,0.03955746442079544,0.2559691071510315,0.003780364990234375,0.7213636636734009,,3.1002044677734375,,0.0,0.031002044677734375,-3.1002044677734375
image_1210.jpg,train,0.1210174560546875,0.060776349157094955,0.350505530834198,0.05403900146484375,0.8244839310646057,0.17411962151527405,-4.254913330078125,,0.0,0.0739842876791954,4.254913330078125
image_1211.jpg,train,0.00345611572265625,0.008301861584186554,0.025828048586845398,0.0,0.6022240519523621,,0.345611572265625,,0.0,0.00345611572265625,-0.345611572265625
image_1212.jpg,train,0.0441436767578125,0.03843165934085846,0.27365753054618835,0.008914947509765625,0.7474266290664673,0.026121484115719795,1.3427734375,,0.0,0.06985872983932495,-1.3427734375
image_1213.jpg,train,0.022235870361328125,0.02078370749950409,0.13774694502353668,0.00030517578125,0.7052679061889648,,2.2235870361328125,,0.0,0.022235870361328125,-2.2235870361328125
image_1214.jpg,train,0.02825927734375,0.032346565276384354,0.21840083599090576,0.003490447998046875,0.708916425704956,0.5752987861633301,1.7242431640625,,0.0,0.02297079749405384,-1.7242431640625
image_1215.jpg,train,0.015689849853515625,0.023945193737745285,0.1488839089870453,0.001850128173828125,0.7160545587539673,,1.5689849853515625,,0.0,0.015689849853515625,-1.5689849853515625
image_1216.jpg,train,0.00771331787109375,0.016318874433636665,0.07955596596002579,3.814697265625e-06,0.6793115139007568,,0.771331787109375,,0.0,0.00771331787109375,-0.771331787109375
image_1217.jpg,val,0.002094268798828125,0.0012931008823215961,1.5497207641601562e-05,0.000911712646484375,0.8208624124526978,0.001421961234882474,-0.0728607177734375,,0.0,0.09226804226636887,0.0728607177734375
image_1218.jpg,test,0.006267547607421875,0.005773087963461876,0.010192058980464935,0.000667572021484375,0.714827835559845,0.32473018765449524,-0.2307891845703125,0.00019383602193556726,0.5645751953125,0.4367426037788391,-0.3337860107421875
image_1219.jpg,train,0.003528594970703125,0.0014553461223840714,0.0001666545867919922,0.001804351806640625,0.850712776184082,0.0014925659634172916,0.0560760498046875,,0.0,0.35286372900009155,-0.0560760498046875
image_1220.jpg,test,0.0114898681640625,0.0057169245555996895,0.009619327262043953,0.005786895751953125,0.8438988327980042,0.0037185465916991234,0.42266845703125,,0.0,0.33605220913887024,-0.42266845703125
image_1221.jpg,train,0.019725799560546875,0.01223220955580473,0.056594401597976685,0.008312225341796875,0.8163273334503174,0.011271769180893898,-0.1453399658203125,,0.0,0.150961235165596,0.1453399658203125
image_1222.jpg,train,0.0211334228515625,0.01487340684980154,0.08461429923772812,0.00635528564453125,0.7845942378044128,0.010076559148728848,0.23956298828125,,0.0,0.16751764714717865,-0.23956298828125
image_1223.jpg,train,0.020267486572265625,0.013183142989873886,0.06560724973678589,0.006237030029296875,0.7833822965621948,0.006781467702239752,0.7266998291015625,0.03230128064751625,0.1132965087890625,0.3568529486656189,-0.839996337890625
image_1224.jpg,train,0.02373504638671875,0.016835054382681847,0.10108218342065811,0.007831573486328125,0.7770163416862488,0.015806058421730995,-0.6481170654296875,0.028343576937913895,0.4093170166015625,0.30449172854423523,0.238800048828125
image_1225.jpg,train,0.00926971435546875,0.008294920437037945,0.018417634069919586,0.0011444091796875,0.7219201326370239,0.45830851793289185,-0.47607421875,0.000610282295383513,0.698089599609375,0.4803664982318878,-0.222015380859375
image_1226.jpg,train,0.006511688232421875,0.0077322693541646,0.015593234449625015,0.00043487548828125,0.6908168792724609,0.2592083513736725,-0.25482177734375,0.0015868027694523335,0.2597808837890625,0.4701986610889435,-0.0049591064453125
image_1227.jpg,train,0.0155792236328125,0.011478622443974018,0.053283363580703735,0.005046844482421875,0.785419762134552,0.007919668219983578,0.057220458984375,,0.0,0.15368421375751495,-0.057220458984375
image_1228.jpg,train,0.0137176513671875,0.008565455675125122,0.02412872202694416,0.005462646484375,0.8093588352203369,0.006395632401108742,0.1312255859375,,0.0,0.24911482632160187,-0.1312255859375
image_1229.jpg,train,0.02053070068359375,0.01279441174119711,0.06387180089950562,0.0066680908203125,0.7901252508163452,0.008397125639021397,0.4730224609375,0.029304029420018196,0.002288818359375,0.2167465090751648,-0.475311279296875
image_1230.jpg,val,0.017879486083984375,0.007800241466611624,0.0170192401856184,0.008975982666015625,0.8442410230636597,0.00521733658388257,0.7770538330078125,,0.0,0.41085177659988403,-0.7770538330078125
image_1231.jpg,train,0.03127288818359375,0.04484039917588234,0.3019825518131256,0.001941680908203125,0.6785578727722168,0.46694216132164,-0.0209808349609375,0.09280423074960709,-0.820159912109375,0.014360325410962105,0.8411407470703125
image_1232.jpg,train,0.025997161865234375,0.0346803218126297,0.2509370446205139,0.001499176025390625,0.6849625706672668,0.4962686598300934,0.1979827880859375,0.03916637599468231,0.8525848388671875,0.022412298247218132,-1.050567626953125
image_1233.jpg,train,0.110870361328125,0.09279653429985046,0.41382908821105957,0.024906158447265625,0.7390153408050537,0.7923761606216431,-3.5877227783203125,0.05062473937869072,1.7475128173828125,0.0931762307882309,1.8402099609375
image_1234.jpg,train,0.09737396240234375,0.08456441760063171,0.4022349715232849,0.019725799560546875,0.7343704104423523,0.8312193751335144,-3.02734375,0.05762492120265961,1.067352294921875,0.06646231561899185,1.959991455078125
image_1235.jpg,train,0.03324127197265625,0.03334527462720871,0.2539501190185547,0.00531005859375,0.724128782749176,0.8499336242675781,-0.2071380615234375,0.16793633997440338,-0.7160186767578125,0.013517999090254307,0.92315673828125
image_1236.jpg,train,0.000507354736328125,0.000265680777374655,0.0003509521484375,0.000240325927734375,0.8342674970626831,,0.0,0.0,0.0507354736328125,0.0005073643987998366,-0.0507354736328125
image_1237.jpg,train,4.57763671875e-05,0.00047289254143834114,0.0012193135917186737,0.0,0.6874443888664246,,0.000762939453125,,0.003814697265625,4.57763671875e-05,-0.00457763671875
image_1238.jpg,train,0.0,1.5212663129204884e-08,0.0,0.0,,0.0,0.0,,0.0,,0.0
image_1239.jpg,train,0.0,1.6345211406587623e-08,0.0,0.0,,0.0,0.0,,0.0,,0.0
image_1240.jpg,train,0.0,0.00020794334704987705,0.0007280707359313965,0.0,,,0.0,,0.0,0.0,0.0
image_1241.jpg,train,0.0,0.0004927179543301463,0.001931697130203247,0.0,,,0.0,,0.0,0.0,0.0
image_1242.jpg,train,0.003162384033203125,0.0033192355185747147,0.004956364631652832,0.0005645751953125,0.7686189413070679,0.2213079184293747,-0.0736236572265625,,0.0,0.0012238535564392805,0.0736236572265625
image_1243.jpg,val,0.023540496826171875,0.025634441524744034,0.18836069107055664,0.003093719482421875,0.7144277095794678,0.10185420513153076,1.4362335205078125,,0.0,0.019845565780997276,-1.4362335205078125
image_1244.jpg,test,0.016109466552734375,0.023425325751304626,0.1727455109357834,0.000110626220703125,0.6649237871170044,0.07186544686555862,1.1806488037109375,,0.0,0.014388743788003922,-1.1806488037109375
image_1245.jpg,train,0.055316925048828125,0.0628315880894661,0.3614799678325653,0.0059356689453125,0.7090857625007629,0.1324039101600647,2.9376983642578125,,0.0,0.046945635229349136,-2.9376983642578125
image_1246.jpg,train,0.1181182861328125,0.07992681860923767,0.394552081823349,0.02747344970703125,0.7612149119377136,0.31783154606819153,-1.718902587890625,,0.0,0.0641113892197609,1.718902587890625
image_1247.jpg,val,1.9073486328125e-05,0.00024340825621038675,0.0007041506469249725,7.62939453125e-06,0.8069934844970703,1.0,-0.0019073486328125,,0.0,0.0,0.0019073486328125
image_1248.jpg,test,0.000732421875,0.001479825470596552,0.0018412470817565918,0.000179290771484375,0.7267684936523438,0.4785478413105011,-0.037384033203125,,0.0,0.00017949823813978583,0.037384033203125
image_1249.jpg,train,0.020599365234375,0.019305113703012466,0.1210850402712822,0.004547119140625,0.7524455785751343,0.29989296197891235,-0.29144287109375,,0.0,0.009203270077705383,0.29144287109375
image_1250.jpg,val,0.041362762451171875,0.030898602679371834,0.23072530329227448,0.0096893310546875,0.7584027647972107,0.06114599108695984,2.0259857177734375,,0.0,0.03723698481917381,-2.0259857177734375
image_1251.jpg,val,0.10259628295898438,0.07271029055118561,0.3761841654777527,0.025173187255859375,0.7661388516426086,0.12324345111846924,4.4048309326171875,,0.0,0.09616414457559586,-4.4048309326171875
image_1252.jpg,train,0.001110076904296875,0.0006689315778203309,0.0011203885078430176,0.00066375732421875,0.8906013369560242,0.6093294620513916,-0.0484466552734375,,0.0,0.00031321498681791127,0.0484466552734375
image_1253.jpg,train,0.05980682373046875,0.04239866882562637,0.2925550043582916,0.014545440673828125,0.7696505188941956,0.15095245838165283,2.141571044921875,,0.0,0.046527888625860214,-2.141571044921875
image_1254.jpg,train,0.0,0.00011903750419151038,0.0003808736801147461,0.0,,,0.0,,0.0,0.0,0.0
image_1255.jpg,val,0.0,0.00018231837020721287,0.0004037022590637207,0.0,,,0.0,,0.0,0.0,0.0
image_1256.jpg,train,0.050994873046875,0.03243083134293556,0.22796256840229034,0.019329071044921875,0.806668221950531,0.26749929785728455,-0.68511962890625,,0.0,0.02474764734506607,0.68511962890625
image_1257.jpg,train,0.03936767578125,0.028567587956786156,0.19514185190200806,0.01189422607421875,0.7814719676971436,0.2037494033575058,-0.4405975341796875,0.08149910718202591,0.0629425048828125,0.019934680312871933,0.377655029296875
image_1258.jpg,train,0.041500091552734375,0.039876267313957214,0.27053165435791016,0.0098876953125,0.7520880699157715,0.11958763003349304,0.0682830810546875,0.04251386225223541,0.0225067138671875,0.025607692077755928,-0.090789794921875
image_1259.jpg,train,0.0439910888671875,0.043816037476062775,0.2912413477897644,0.00691986083984375,0.731518566608429,0.0761227086186409,1.3702392578125,0.12471482902765274,-0.0072479248046875,0.03583499416708946,-1.3629913330078125
image_1260.jpg,train,0.067962646484375,0.05922137573361397,0.3405582308769226,0.01358795166015625,0.7472715973854065,0.05329735204577446,2.260589599609375,,0.0,0.07882469892501831,-2.260589599609375
image_1261.jpg,train,0.039653778076171875,0.036470238119363785,0.24639883637428284,0.0089111328125,0.752319872379303,0.11778825521469116,0.925445556640625,0.07257529348134995,0.168609619140625,0.029452702030539513,-1.09405517578125
image_1262.jpg,train,0.0447845458984375,0.0469684973359108,0.3005651533603668,0.00667572021484375,0.7294771075248718,0.05901644006371498,1.1871337890625,0.08820662647485733,0.0576019287109375,0.03918840363621712,-1.2447357177734375
image_1263.jpg,test,0.04965972900390625,0.05606720596551895,0.32820892333984375,0.006153106689453125,0.7169173359870911,0.06123809516429901,2.2312164306640625,0.2380952388048172,-0.0019073486328125,0.04631439223885536,-2.22930908203125
image_1264.jpg,train,0.0762176513671875,0.07676753401756287,0.3845614492893219,0.008880615234375,0.7165759801864624,0.05929554998874664,4.3701171875,0.10638298094272614,0.0286102294921875,0.08248982578516006,-4.3987274169921875
image_1265.jpg,test,0.0657806396484375,0.057212863117456436,0.3438103497028351,0.0123138427734375,0.7446560859680176,0.04423094540834427,1.6895294189453125,0.030379746109247208,0.102996826171875,0.09160523116588593,-1.7925262451171875
image_1266.jpg,train,0.0415496826171875,0.04589296877384186,0.298114538192749,0.005035400390625,0.7185176014900208,0.05797232687473297,-0.780487060546875,0.0712742954492569,0.0019073486328125,0.029326485469937325,0.7785797119140625
image_1267.jpg,train,0.048625946044921875,0.04139445722103119,0.27837321162223816,0.011516571044921875,0.759702205657959,0.05826389789581299,0.52490234375,0.15495868027210236,-0.0087738037109375,0.042683813720941544,-0.5161285400390625
image_1268.jpg,test,0.009952545166015625,0.003778393380343914,0.005506973713636398,0.00460052490234375,0.8465699553489685,,0.3154754638671875,0.0,0.679779052734375,0.009955507703125477,-0.9952545166015625
image_1269.jpg,train,0.00908660888671875,0.010903690941631794,0.04109441488981247,0.001506805419921875,0.7273612022399902,0.9435028433799744,-0.0514984130859375,0.10907726734876633,-0.275421142578125,0.003060686867684126,0.3269195556640625
image_1270.jpg,train,0.009838104248046875,0.009875906631350517,0.0319468155503273,0.001800537109375,0.737716794013977,0.8125,-0.0701904296875,0.11657547205686569,-0.435638427734375,0.0025273184292018414,0.505828857421875
image_1271.jpg,test,0.00067901611328125,0.0010542785748839378,0.001497369259595871,0.000213623046875,0.7723877429962158,0.8333333134651184,-0.00457763671875,0.14335663616657257,-0.00152587890625,0.0003096874861512333,0.006103515625
image_1272.jpg,train,0.00244903564453125,0.0035463920794427395,0.008668018504977226,0.000385284423828125,0.7364417910575867,0.4166666567325592,0.14495849609375,0.10291439294815063,0.01068115234375,0.002007401315495372,-0.1556396484375
image_1273.jpg,train,0.00786590576171875,0.007065912242978811,0.013951821252703667,0.001552581787109375,0.7380139231681824,0.44295990467071533,0.017547607421875,0.1205923855304718,0.0518798828125,0.00435160007327795,-0.069427490234375
image_1274.jpg,train,0.0086669921875,0.011538414284586906,0.048135899007320404,0.0013580322265625,0.7166403532028198,0.7060518860816956,-0.01983642578125,0.09602195024490356,0.0598907470703125,0.004690791014581919,-0.0400543212890625
image_1275.jpg,train,0.0166473388671875,0.01802133023738861,0.10462452471256256,0.00284576416015625,0.7259970307350159,0.04852764308452606,1.15203857421875,0.0,0.01983642578125,0.014944630675017834,-1.171875
image_1276.jpg,train,0.0241546630859375,0.025783216580748558,0.19321390986442566,0.00286865234375,0.7135071754455566,0.020280063152313232,-1.363372802734375,,0.0,0.076978899538517,1.363372802734375
image_1277.jpg,train,0.06377029418945312,0.06552299857139587,0.3663577437400818,0.0081024169921875,0.7166346907615662,0.058912623673677444,-2.252197265625,0.03329969570040703,0.0812530517578125,0.07737579196691513,2.1709442138671875
image_1278.jpg,train,0.08994674682617188,0.07818250358104706,0.38193827867507935,0.01685333251953125,0.7435479164123535,0.08953211456537247,0.02899169921875,0.0748792290687561,0.0335693359375,0.09040676057338715,-0.06256103515625
image_1279.jpg,train,0.08788299560546875,0.0780978798866272,0.38475674390792847,0.017383575439453125,0.7419446706771851,0.06566766649484634,-0.1384735107421875,0.08553971350193024,0.0186920166015625,0.13465440273284912,0.119781494140625
image_1280.jpg,train,0.07944869995117188,0.07174704968929291,0.36640551686286926,0.009021759033203125,0.7274883985519409,0.08811315894126892,0.2819061279296875,0.06244424730539322,0.0476837158203125,0.07314715534448624,-0.32958984375
image_1281.jpg,train,0.0703277587890625,0.06226310133934021,0.3526746332645416,0.01412200927734375,0.7475218176841736,0.06555423140525818,2.460479736328125,0.07207207381725311,0.05645751953125,0.07281675189733505,-2.516937255859375
image_1282.jpg,train,0.08346176147460938,0.07263316959142685,0.379025399684906,0.01692962646484375,0.7410890460014343,0.07786360383033752,3.17230224609375,0.04385964944958687,0.147247314453125,0.08670753240585327,-3.319549560546875
image_1283.jpg,train,0.07063674926757812,0.0673307329416275,0.3680369555950165,0.010997772216796875,0.7281375527381897,0.045119594782590866,1.8772125244140625,0.06791778653860092,0.02288818359375,0.10460538417100906,-1.9001007080078125
image_1284.jpg,val,0.07398223876953125,0.06876204907894135,0.3664816617965698,0.013187408447265625,0.7374193072319031,0.06177050992846489,-0.5767822265625,0.06566347181797028,0.0339508056640625,0.09630785882472992,0.5428314208984375
image_1285.jpg,train,0.090301513671875,0.07932125777006149,0.3891112804412842,0.014942169189453125,0.7341744303703308,0.06209525465965271,3.4908294677734375,0.06370735913515091,0.0732421875,0.11285337805747986,-3.5640716552734375
image_1286.jpg,train,0.07578277587890625,0.07649550586938858,0.38012373447418213,0.010074615478515625,0.723243236541748,0.07098172605037689,1.760101318359375,0.09411085397005081,0.003814697265625,0.07885570824146271,-1.763916015625
image_1287.jpg,train,0.0605010986328125,0.0667407363653183,0.36527910828590393,0.006622314453125,0.7130699753761292,0.03179812803864479,2.3693084716796875,0.07379890978336334,0.003814697265625,0.09855792671442032,-2.3731231689453125
image_1288.jpg,train,0.07103347778320312,0.0595809705555439,0.3406441807746887,0.014392852783203125,0.756053626537323,0.11524395644664764,2.7400970458984375,0.05760709196329117,0.075531005859375,0.061114612966775894,-2.8156280517578125
image_1289.jpg,test,0.09219741821289062,0.06731928884983063,0.36555275321006775,0.015636444091796875,0.7483665347099304,0.04812827333807945,6.1397552490234375,0.08611111342906952,0.072479248046875,0.11131677031517029,-6.2122344970703125
image_1290.jpg,val,0.12323379516601562,0.07443767040967941,0.3741455078125,0.044063568115234375,0.7993289232254028,0.05111720412969589,9.50469970703125,0.0609869658946991,0.1514434814453125,0.14882519841194153,-9.656143188476562
image_1291.jpg,train,0.07772064208984375,0.06490857899188995,0.3601064085960388,0.014682769775390625,0.7485681772232056,0.04363340884447098,4.6009063720703125,0.0579562783241272,0.0720977783203125,0.09630987793207169,-4.673004150390625
image_1292.jpg,train,0.07384490966796875,0.05917009711265564,0.3466436564922333,0.019195556640625,0.7646694183349609,0.046730030328035355,5.3318023681640625,0.060144927352666855,0.107574462890625,0.0808398649096489,-5.4393768310546875
image_1293.jpg,train,0.08923721313476562,0.06985130906105042,0.36598914861679077,0.02252960205078125,0.7691745758056641,0.055915117263793945,6.109619140625,0.05911330133676529,0.0324249267578125,0.10027278959751129,-6.1420440673828125
image_1294.jpg,train,0.10184097290039062,0.0689980536699295,0.366964191198349,0.03191375732421875,0.7834380865097046,0.10691595077514648,4.4170379638671875,0.0666041299700737,0.066375732421875,0.10041382163763046,-4.4834136962890625
image_1295.jpg,train,0.09200286865234375,0.07492844760417938,0.38334327936172485,0.020496368408203125,0.75325608253479,0.18808121979236603,0.9296417236328125,0.10334645956754684,0.048828125,0.06518705934286118,-0.9784698486328125
image_1296.jpg,train,0.11871337890625,0.08435118198394775,0.39167144894599915,0.02564239501953125,0.7594587802886963,0.08832940459251404,7.9181671142578125,0.10635358840227127,0.0095367431640625,0.12728022038936615,-7.927703857421875
image_1297.jpg,train,0.12514495849609375,0.09542728960514069,0.4013406038284302,0.02535247802734375,0.7550155520439148,0.07967136800289154,5.64727783203125,0.06052855774760246,0.063323974609375,0.15950427949428558,-5.710601806640625
image_1298.jpg,train,0.08538055419921875,0.06492722034454346,0.3550161123275757,0.0184478759765625,0.7612093687057495,0.04792831465601921,6.0565948486328125,0.08580858260393143,0.0255584716796875,0.09787525236606598,-6.0821533203125
image_1299.jpg,val,0.1215362548828125,0.08853800594806671,0.39459922909736633,0.02841949462890625,0.7665038704872131,0.11875378340482712,2.8652191162109375,0.07485802471637726,0.0698089599609375,0.12386040389537811,-2.935028076171875
image_1300.jpg,train,0.05389404296875,0.05760201811790466,0.3432379961013794,0.004901885986328125,0.7108899354934692,0.0357012003660202,-0.1560211181640625,0.10142180323600769,0.048828125,0.10869460552930832,0.1071929931640625
image_1301.jpg,train,0.09437179565429688,0.07652319967746735,0.3808916211128235,0.017852783203125,0.7492561340332031,0.10157577693462372,4.6695709228515625,0.08975834399461746,0.0202178955078125,0.09221607446670532,-4.689788818359375
image_1302.jpg,train,0.027866363525390625,0.024895910173654556,0.1705627739429474,0.004138946533203125,0.7300864458084106,0.16179484128952026,1.5773773193359375,0.11688311398029327,0.0133514404296875,0.022726822644472122,-1.590728759765625
image_1303.jpg,train,0.03043365478515625,0.027682922780513763,0.1893618255853653,0.006195068359375,0.7592750191688538,0.03614862635731697,2.5615692138671875,0.1289833039045334,0.0080108642578125,0.02982538752257824,-2.569580078125
image_1304.jpg,train,0.0594482421875,0.05212055519223213,0.3309868276119232,0.01084136962890625,0.7417893409729004,0.03232535347342491,3.89404296875,0.09546539187431335,0.0514984130859375,0.07131847739219666,-3.9455413818359375
image_1305.jpg,train,0.040294647216796875,0.02800128050148487,0.19140738248825073,0.014251708984375,0.801084041595459,0.10936461389064789,1.4133453369140625,0.09213483333587646,0.0705718994140625,0.031103728339076042,-1.483917236328125
image_1306.jpg,train,0.1149139404296875,0.0899130180478096,0.40170949697494507,0.021289825439453125,0.745476484298706,0.12898162007331848,2.3769378662109375,0.09694719314575195,0.00152587890625,0.10757113993167877,-2.3784637451171875
image_1307.jpg,train,3.814697265625e-06,0.00014685823407489806,0.00042110681533813477,0.0,0.6934387683868408,1.0,-0.0003814697265625,,0.0,0.0,0.0003814697265625
image_1308.jpg,val,2.288818359375e-05,0.0002561617875471711,0.00013959407806396484,1.52587890625e-05,0.8420702219009399,,0.000762939453125,1.0,-0.00152587890625,7.629510946571827e-06,0.000762939453125
image_1309.jpg,train,0.05316162109375,0.03782089799642563,0.26229482889175415,0.014919281005859375,0.7788728475570679,0.1642640233039856,2.240753173828125,0.08669912070035934,-0.0263214111328125,0.04221520945429802,-2.2144317626953125
image_1310.jpg,train,0.018039703369140625,0.01379514578729868,0.07011838257312775,0.006130218505859375,0.7900092601776123,0.32435375452041626,-0.7137298583984375,0.07205240428447723,-0.006103515625,0.00564810074865818,0.7198333740234375
image_1311.jpg,val,3.814697265625e-06,4.420101686264388e-05,0.00014507770538330078,0.0,0.870155394077301,1.0,-0.0003814697265625,,0.0,0.0,0.0003814697265625
image_1312.jpg,train,1.52587890625e-05,7.631873450009152e-05,0.00023347139358520508,7.62939453125e-06,0.9089602828025818,1.0,-0.00152587890625,,0.0,0.0,0.00152587890625
image_1313.jpg,train,0.000247955322265625,0.0003744071873370558,0.0007401108741760254,0.000133514404296875,0.8383084535598755,1.0,-0.0091552734375,0.12631578743457794,-0.0026702880859375,6.490283703897148e-05,0.0118255615234375
image_1314.jpg,train,0.0,0.00013123401731718332,0.0003211498260498047,0.0,,,0.0,,0.0,0.0,0.0
image_1315.jpg,test,0.0018463134765625,0.001939103240147233,0.0006998591125011444,0.000308990478515625,0.7177606225013733,0.6153846383094788,-0.00152587890625,0.09724091738462448,-0.040435791015625,0.0007215647492557764,0.041961669921875
image_1316.jpg,test,0.001728057861328125,0.0017196709522977471,0.0017184652388095856,0.00054168701171875,0.7741879820823669,0.3659999966621399,-0.0339508056640625,0.0729166641831398,-0.02899169921875,0.0005540251731872559,0.0629425048828125
image_1317.jpg,train,0.0642242431640625,0.05219287425279617,0.325898140668869,0.01328277587890625,0.7497552037239075,0.07815413922071457,2.812957763671875,0.091234490275383,-0.1346588134765625,0.05914698913693428,-2.6782989501953125
image_1318.jpg,train,0.07332611083984375,0.06671124696731567,0.3658350706100464,0.01204681396484375,0.7332459092140198,0.15826132893562317,0.8998870849609375,0.09364003688097,-0.28533935546875,0.05219101533293724,-0.6145477294921875
image_1319.jpg,val,0.07588577270507812,0.06293174624443054,0.3579251170158386,0.014614105224609375,0.7462599873542786,0.06399193406105042,2.5836944580078125,0.07815088331699371,-0.0762939453125,0.08246681839227676,-2.5074005126953125
image_1320.jpg,train,0.004627227783203125,0.008676683530211449,0.03307638317346573,0.000698089599609375,0.7118903994560242,0.4399999976158142,0.0171661376953125,0.11918604373931885,-0.15716552734375,0.0016550396103411913,0.1399993896484375
image_1321.jpg,train,0.009029388427734375,0.010325162671506405,0.03932318091392517,0.00152587890625,0.7326532602310181,0.17711400985717773,0.003814697265625,0.11062648892402649,-0.0568389892578125,0.004397286102175713,0.0530242919921875
image_1322.jpg,val,0.007568359375,0.009700247086584568,0.03570178896188736,0.0008087158203125,0.7132400870323181,1.0,0.2857208251953125,0.14826440811157227,-0.1491546630859375,0.004561425186693668,-0.136566162109375
image_1323.jpg,train,0.00969696044921875,0.010138580575585365,0.03921638801693916,0.002681732177734375,0.7723417282104492,0.42500001192092896,0.5046844482421875,0.12465322762727737,-0.0621795654296875,0.0072108362801373005,-0.4425048828125
image_1324.jpg,train,0.008983612060546875,0.009462432004511356,0.0274017546325922,0.00171661376953125,0.7325922846794128,0.7286821603775024,-0.0072479248046875,0.11917898803949356,-0.1323699951171875,0.0039296383038163185,0.139617919921875
image_1325.jpg,train,0.0063018798828125,0.008496838621795177,0.023480117321014404,0.000919342041015625,0.7181019186973572,0.698630154132843,0.0457763671875,0.1237407922744751,-0.0820159912109375,0.00304596358910203,0.0362396240234375
image_1326.jpg,train,0.015167236328125,0.012909216806292534,0.0667538195848465,0.00348663330078125,0.7683497667312622,0.7547169923782349,0.97198486328125,0.08475419878959656,-0.005340576171875,0.012812135741114616,-0.966644287109375
image_1327.jpg,train,0.014408111572265625,0.010701445862650871,0.04332073777914047,0.007587432861328125,0.8443261384963989,0.5753220915794373,-0.739288330078125,0.10716108232736588,-0.0720977783203125,0.0032708372455090284,0.8113861083984375
image_1328.jpg,train,0.018268585205078125,0.014582289382815361,0.07329318672418594,0.005157470703125,0.7666248083114624,0.10110294073820114,0.3360748291015625,0.11160250008106232,-0.05340576171875,0.011400933377444744,-0.2826690673828125
image_1329.jpg,train,0.058452606201171875,0.05292990803718567,0.3273237645626068,0.010852813720703125,0.7405153512954712,0.09965739399194717,0.5382537841796875,0.07981398701667786,-0.038909912109375,0.04348194971680641,-0.4993438720703125
image_1330.jpg,train,0.04624176025390625,0.04713814705610275,0.3110186457633972,0.00647735595703125,0.7209427356719971,0.0724141001701355,0.362396240234375,0.09317255020141602,-0.1636505126953125,0.03372151777148247,-0.1987457275390625
image_1331.jpg,train,0.016773223876953125,0.014719812199473381,0.074180468916893,0.0050811767578125,0.7707351446151733,0.446494460105896,1.08184814453125,0.08301839232444763,0.0003814697265625,0.01424380298703909,-1.0822296142578125
image_1332.jpg,train,0.044307708740234375,0.040694285184144974,0.2841733992099762,0.009357452392578125,0.7432045340538025,0.10491535067558289,0.678253173828125,0.09063281863927841,-0.02288818359375,0.030950987711548805,-0.655364990234375
image_1333.jpg,test,0.0096435546875,0.011409463360905647,0.04526481777429581,0.00159454345703125,0.7239723801612854,0.9599999785423279,0.56304931640625,0.12331316620111465,-0.0396728515625,0.007564120460301638,-0.52337646484375
image_1334.jpg,train,0.007495880126953125,0.008033068850636482,0.017389219254255295,0.000911712646484375,0.7043381929397583,0.6583629846572876,0.1979827880859375,0.09898153692483902,-0.0629425048828125,0.004530888516455889,-0.135040283203125
image_1335.jpg,val,0.0110626220703125,0.011902802623808384,0.05061647295951843,0.00299072265625,0.7510784268379211,0.713996946811676,-0.3047943115234375,0.13786163926124573,-0.084686279296875,0.0036652483977377415,0.3894805908203125
image_1336.jpg,test,0.009304046630859375,0.00927086640149355,0.028693657368421555,0.000576019287109375,0.7159095406532288,0.3863636255264282,0.426483154296875,0.10819140076637268,-0.0301361083984375,0.006791954394429922,-0.3963470458984375
image_1337.jpg,train,0.006153106689453125,0.01065310463309288,0.04694845527410507,0.00066375732421875,0.700775146484375,0.9523809552192688,0.084686279296875,0.07983553409576416,0.1598358154296875,0.004397430922836065,-0.2445220947265625
image_1338.jpg,train,0.007171630859375,0.011112821288406849,0.04137134924530983,0.000579833984375,0.6942151188850403,0.1666666716337204,0.286102294921875,0.09528636932373047,-0.002288818359375,0.005120979156345129,-0.2838134765625
image_1339.jpg,train,0.009281158447265625,0.013318799436092377,0.0548156201839447,0.001132965087890625,0.6965577602386475,0.7871286869049072,0.2674102783203125,0.11004874110221863,-0.0293731689453125,0.005959298927336931,-0.238037109375
image_1340.jpg,train,0.056262969970703125,0.05166340991854668,0.324566513299942,0.009883880615234375,0.7386711835861206,0.09507477283477783,0.7884979248046875,0.07727926224470139,-0.0782012939453125,0.0430566743016243,-0.710296630859375
image_1341.jpg,train,0.0835113525390625,0.05968187376856804,0.3485219180583954,0.024860382080078125,0.777934730052948,0.22109903395175934,-1.0059356689453125,0.09465296566486359,-0.1705169677734375,0.04722493514418602,1.17645263671875
image_1342.jpg,val,0.02974700927734375,0.02037208154797554,0.1257377564907074,0.01300048828125,0.8127926588058472,0.5020855069160461,0.3215789794921875,0.007773205172270536,1.9054412841796875,0.02642236277461052,-2.227020263671875
image_1343.jpg,train,0.02356719970703125,0.019945280626416206,0.13383035361766815,0.004848480224609375,0.7538430690765381,0.06496356427669525,0.9792327880859375,0.0967889204621315,-0.147247314453125,0.01753285899758339,-0.8319854736328125
image_1344.jpg,train,0.058780670166015625,0.05167348310351372,0.32277023792266846,0.010616302490234375,0.7416867017745972,0.11222456395626068,-0.792694091796875,0.09203586727380753,-0.0812530517578125,0.0358860157430172,0.8739471435546875
image_1345.jpg,train,0.05809783935546875,0.05362095683813095,0.3293609619140625,0.011104583740234375,0.7415478825569153,0.0845918133854866,1.102447509765625,0.08206632733345032,-0.040435791015625,0.04765515774488449,-1.06201171875
image_1346.jpg,train,0.08250808715820312,0.061296481639146805,0.3521987795829773,0.02379608154296875,0.7719783782958984,0.058472201228141785,4.056549072265625,0.03465277701616287,0.30975341796875,0.09840597957372665,-4.366302490234375
image_1347.jpg,train,0.06008148193359375,0.05344950780272484,0.3373001515865326,0.010986328125,0.7371578216552734,0.0733661875128746,0.299072265625,0.08012478053569794,-0.0095367431640625,0.051015663892030716,-0.2895355224609375
image_1348.jpg,train,0.07815933227539062,0.06550148129463196,0.3605472445487976,0.015354156494140625,0.7477244734764099,0.06524749845266342,1.5125274658203125,0.04344969987869263,0.203704833984375,0.09213636815547943,-1.7162322998046875
image_1349.jpg,train,0.0843505859375,0.06271620094776154,0.35381820797920227,0.020565032958984375,0.7644094824790955,0.1669682264328003,0.87738037109375,0.03680316358804703,0.4436492919921875,0.06554020196199417,-1.3210296630859375
image_1350.jpg,test,0.07511520385742188,0.056748293340206146,0.341691792011261,0.017303466796875,0.7600924968719482,0.05806400626897812,2.4341583251953125,0.032328616827726364,0.3314971923828125,0.091140516102314,-2.765655517578125
image_1351.jpg,train,0.0416107177734375,0.03703806921839714,0.27272164821624756,0.006923675537109375,0.7346916794776917,0.12767699360847473,0.446319580078125,0.12675213813781738,-0.23651123046875,0.025691932067275047,-0.209808349609375
image_1352.jpg,test,0.036376953125,0.027539804577827454,0.1936713606119156,0.0091705322265625,0.7692002058029175,0.2262590527534485,1.906585693359375,0.09560249000787735,-0.15106201171875,0.02877771109342575,-1.755523681640625
image_1353.jpg,val,0.0308990478515625,0.03255216032266617,0.23525451123714447,0.00371551513671875,0.7198052406311035,0.10179950296878815,0.1415252685546875,0.11147663742303848,-0.260162353515625,0.017383381724357605,0.1186370849609375
image_1354.jpg,train,0.0650634765625,0.06019484996795654,0.3534010648727417,0.009464263916015625,0.7284470796585083,0.061543338000774384,1.706695556640625,0.0839039608836174,-0.11444091796875,0.06572076678276062,-1.592254638671875
image_1355.jpg,train,0.055042266845703125,0.049683138728141785,0.316094309091568,0.011077880859375,0.7454753518104553,0.025976520031690598,2.3487091064453125,0.026137979701161385,0.1049041748046875,0.09819050133228302,-2.45361328125
image_1356.jpg,val,0.018466949462890625,0.01196284219622612,0.046270184218883514,0.00748443603515625,0.8129895925521851,,0.4436492919921875,0.002846685703843832,1.397705078125,0.018614860251545906,-1.8413543701171875
image_1357.jpg,train,0.02527618408203125,0.025248967111110687,0.15935568511486053,0.00357818603515625,0.74378502368927,,1.9153594970703125,0.009639094583690166,0.5794525146484375,0.02554689347743988,-2.49481201171875
image_1358.jpg,train,0.013080596923828125,0.011487973853945732,0.04404878616333008,0.000614166259765625,0.7186597585678101,0.0342574268579483,1.03912353515625,0.21052631735801697,-0.0011444091796875,0.012202090583741665,-1.0379791259765625
image_1359.jpg,train,0.00775146484375,0.005017726682126522,0.00631018728017807,0.003162384033203125,0.8118463754653931,0.16888636350631714,-0.13427734375,,0.0,0.0032930071465671062,0.13427734375
image_1360.jpg,train,0.011470794677734375,0.0076838466338813305,0.02075641043484211,0.003932952880859375,0.7975634336471558,0.11064054816961288,-0.1285552978515625,,0.0,0.005404158029705286,0.1285552978515625
image_1361.jpg,train,0.039264678955078125,0.02861424908041954,0.2076660394668579,0.011417388916015625,0.7777486443519592,0.07200349122285843,1.4064788818359375,1.0,-0.00152587890625,0.03230772912502289,-1.4049530029296875
image_1362.jpg,train,0.036167144775390625,0.03057733364403248,0.21565978229045868,0.0078125,0.7517635226249695,0.08474405854940414,1.0463714599609375,,0.0,0.027483373880386353,-1.0463714599609375
image_1363.jpg,train,0.046688079833984375,0.04132048040628433,0.2810392677783966,0.00870513916015625,0.7465212345123291,0.08406534045934677,1.2371063232421875,,0.0,0.03710254281759262,-1.2371063232421875
image_1364.jpg,train,0.05352020263671875,0.04476715251803398,0.296741783618927,0.011333465576171875,0.7548705339431763,0.1396687924861908,1.021575927734375,,0.0,0.037714723497629166,-1.021575927734375
image_1365.jpg,train,0.038238525390625,0.03681393712759018,0.25669994950294495,0.005889892578125,0.7353269457817078,0.0705970972776413,2.25067138671875,,0.0,0.03418106213212013,-2.25067138671875
image_1366.jpg,train,0.06694793701171875,0.0652833804488182,0.3651842176914215,0.01065826416015625,0.7257311344146729,0.088038370013237,0.5596160888671875,0.06962616741657257,-0.107574462890625,0.05687428638339043,-0.4520416259765625
image_1367.jpg,train,0.0716552734375,0.06072229519486427,0.3535481095314026,0.015476226806640625,0.7461077570915222,0.21592561900615692,-0.2254486083984375,0.05028098076581955,0.2117156982421875,0.04640626534819603,0.01373291015625
image_1368.jpg,train,0.01610565185546875,0.016886496916413307,0.10441397875547409,0.003986358642578125,0.7523334622383118,0.12195122241973877,0.925445556640625,0.09072597324848175,-0.1430511474609375,0.012534573674201965,-0.7823944091796875
image_1369.jpg,train,0.06859588623046875,0.06543578207492828,0.35632145404815674,0.011920928955078125,0.7345284819602966,0.15357349812984467,0.3475189208984375,0.06990654021501541,-0.08087158203125,0.047015391290187836,-0.2666473388671875
image_1370.jpg,train,0.046146392822265625,0.032435063272714615,0.23093049228191376,0.014904022216796875,0.7874779105186462,0.025058388710021973,0.0179290771484375,0.06892332434654236,0.0820159912109375,0.22437947988510132,-0.099945068359375
image_1371.jpg,train,0.08253860473632812,0.07815093547105789,0.39179325103759766,0.010196685791015625,0.7156206369400024,0.03820236399769783,1.9634246826171875,0.1043023094534874,0.148773193359375,0.22174839675426483,-2.1121978759765625
image_1372.jpg,train,0.009227752685546875,0.012001490220427513,0.051435209810733795,0.00145721435546875,0.7218114733695984,0.9715909361839294,-0.035858154296875,0.0814221128821373,0.0453948974609375,0.00490040797740221,-0.0095367431640625
image_1373.jpg,train,0.02550506591796875,0.020942211151123047,0.142557293176651,0.005275726318359375,0.7492793202400208,0.41251739859580994,-0.4650115966796875,0.07363337278366089,-0.0499725341796875,0.011085857637226582,0.514984130859375
image_1374.jpg,train,0.01271820068359375,0.011172852478921413,0.045137353241443634,0.003589630126953125,0.7671096920967102,0.9687795639038086,-0.3787994384765625,0.09470026195049286,-0.211334228515625,0.003628252539783716,0.5901336669921875
image_1375.jpg,test,0.08726882934570312,0.09026609361171722,0.4056989550590515,0.01186370849609375,0.7143788933753967,0.07014041393995285,-1.8596649169921875,0.11172245442867279,0.029754638671875,0.13479460775852203,1.8299102783203125
image_1376.jpg,train,0.04679107666015625,0.035695064812898636,0.25676196813583374,0.01531219482421875,0.7812731862068176,0.2823423743247986,-2.685546875,0.07469800114631653,0.0148773193359375,0.011668563820421696,2.6706695556640625
image_1377.jpg,train,0.033054351806640625,0.028407318517565727,0.19107863306999207,0.00875091552734375,0.7693222165107727,0.20888204872608185,-0.2185821533203125,0.061410676687955856,0.04730224609375,0.017828328534960747,0.1712799072265625
image_1378.jpg,train,0.052371978759765625,0.05461404472589493,0.33095452189445496,0.0074920654296875,0.7234777808189392,0.10766531527042389,-0.0652313232421875,0.05969999358057976,-0.0080108642578125,0.035678014159202576,0.0732421875
image_1379.jpg,train,0.054351806640625,0.04710245504975319,0.31596100330352783,0.012439727783203125,0.7478089332580566,0.07139856368303299,-1.05743408203125,0.05322356894612312,-0.01373291015625,0.04091430827975273,1.0711669921875
image_1380.jpg,train,0.051971435546875,0.044564373791217804,0.30750590562820435,0.0120086669921875,0.7505869269371033,0.14419707655906677,-2.27203369140625,0.07061503082513809,0.032806396484375,0.01990453153848648,2.239227294921875
image_1381.jpg,train,0.04627227783203125,0.03943375125527382,0.27408620715141296,0.011920928955078125,0.7611474394798279,0.14495624601840973,-0.89263916015625,0.0671238973736763,-0.0247955322265625,0.023544538766145706,0.9174346923828125
image_1382.jpg,val,0.039882659912109375,0.019812488928437233,0.11702986061573029,0.023868560791015625,0.8668740391731262,0.5908318161964417,-2.5806427001953125,0.06977899372577667,-0.16937255859375,0.006853021681308746,2.7500152587890625
image_1383.jpg,train,0.045978546142578125,0.03368354216217995,0.24793580174446106,0.01515960693359375,0.785668671131134,0.31539276242256165,-2.530670166015625,0.07742144167423248,-0.060272216796875,0.011488514021039009,2.5909423828125
image_1384.jpg,train,0.057819366455078125,0.04423289746046066,0.301923930644989,0.01158905029296875,0.750834047794342,0.1413859724998474,1.067352294921875,0.059107016772031784,0.0823974609375,0.0429474338889122,-1.149749755859375
image_1385.jpg,train,0.05400848388671875,0.047880467027425766,0.30591320991516113,0.011814117431640625,0.7514037489891052,0.13321402668952942,-0.52642822265625,0.0744103342294693,-0.096893310546875,0.03142803534865379,0.623321533203125
image_1386.jpg,val,0.0167388916015625,0.019242990761995316,0.1170525774359703,0.00372314453125,0.7492948174476624,0.24794307351112366,-0.2445220947265625,0.08265411108732224,-0.519561767578125,0.005095256492495537,0.7640838623046875
image_1387.jpg,train,0.058979034423828125,0.05171976983547211,0.3302943706512451,0.009166717529296875,0.7348950505256653,0.03797154873609543,1.90277099609375,0.10622710734605789,-0.0064849853515625,0.08205293118953705,-1.8962860107421875
image_1388.jpg,test,0.057636260986328125,0.05567960441112518,0.3394257426261902,0.008914947509765625,0.7295171618461609,0.06012299284338951,-0.0545501708984375,0.03202328830957413,0.0209808349609375,0.05545218288898468,0.0335693359375
image_1389.jpg,train,0.065643310546875,0.050249237567186356,0.3200502395629883,0.013324737548828125,0.7552350163459778,0.056567344814538956,1.4995574951171875,0.022707423195242882,0.0392913818359375,0.0732455924153328,-1.538848876953125
image_1390.jpg,test,0.09190750122070312,0.06746150553226471,0.3692854046821594,0.026607513427734375,0.7717118263244629,0.07749408483505249,-1.12457275390625,0.06711244583129883,0.0335693359375,0.12446162849664688,1.09100341796875
image_1391.jpg,train,0.044750213623046875,0.0432119220495224,0.2831282615661621,0.009307861328125,0.7467296719551086,0.08997851610183716,0.1293182373046875,,0.0,0.03035103529691696,-0.1293182373046875
image_1392.jpg,train,0.08028793334960938,0.06251642107963562,0.35629162192344666,0.0215301513671875,0.7650694251060486,0.2009221911430359,-3.0914306640625,0.003508772002533078,0.0156402587890625,0.03427249938249588,3.0757904052734375
image_1393.jpg,train,0.0371856689453125,0.04031633585691452,0.273388147354126,0.0063629150390625,0.7289749979972839,0.03193105757236481,-1.107025146484375,,0.0,0.05343344807624817,1.107025146484375
image_1394.jpg,train,0.02260589599609375,0.016389401629567146,0.09003138542175293,0.008808135986328125,0.8061466813087463,0.18588225543498993,-1.092529296875,,0.0,0.0064192870631814,1.092529296875
image_1395.jpg,train,0.0077056884765625,0.012583289295434952,0.056480299681425095,0.00077056884765625,0.7217791676521301,0.20897521078586578,0.29449462890625,,0.0,0.005386675242334604,-0.29449462890625
image_1396.jpg,train,0.09051513671875,0.08491168916225433,0.3921307921409607,0.015186309814453125,0.7330448627471924,0.07063349336385727,1.305389404296875,,0.0,0.11465177685022354,-1.305389404296875
image_1397.jpg,train,0.0077362060546875,0.006925770081579685,0.021990858018398285,0.00298309326171875,0.801173210144043,0.4728242754936218,-0.3082275390625,,0.0,0.0023538945242762566,0.3082275390625
image_1398.jpg,train,9.1552734375e-05,0.0028938082978129387,0.006337624043226242,7.62939453125e-06,0.5834047198295593,1.0,0.006866455078125,,0.0,8.010955934878439e-05,-0.006866455078125
image_1399.jpg,test,0.06296920776367188,0.039070822298526764,0.2680746912956238,0.018283843994140625,0.7859530448913574,0.3671553432941437,-2.4158477783203125,,0.0,0.022017832845449448,2.4158477783203125
image_1400.jpg,train,0.044841766357421875,0.03665539622306824,0.24920246005058289,0.011478424072265625,0.7684379816055298,0.19303534924983978,0.5764007568359375,,0.0,0.028152454644441605,-0.5764007568359375
image_1401.jpg,train,0.07032394409179688,0.05445629730820656,0.33280664682388306,0.012248992919921875,0.7492307424545288,0.10612539201974869,4.0027618408203125,,0.0,0.06436282396316528,-4.0027618408203125
image_1402.jpg,train,0.06735992431640625,0.05427314713597298,0.33967965841293335,0.014766693115234375,0.7486380338668823,0.13809028267860413,0.8724212646484375,1.0,-0.0003814697265625,0.04829266294836998,-0.872039794921875
image_1403.jpg,train,0.06825637817382812,0.06373247504234314,0.3633827269077301,0.01123046875,0.7306386828422546,0.0920558050274849,1.0498046875,0.08695652335882187,0.0011444091796875,0.05737869068980217,-1.0509490966796875
image_1404.jpg,train,0.03646087646484375,0.03203015774488449,0.23909084498882294,0.00762939453125,0.7473208904266357,0.03182396665215492,-1.409912109375,0.08980077505111694,-0.052642822265625,0.05054952949285507,1.462554931640625
image_1405.jpg,val,0.0533599853515625,0.05014908313751221,0.3330995738506317,0.00815582275390625,0.7209846377372742,0.038490552455186844,-0.5718231201171875,0.054683294147253036,0.148773193359375,0.09298856556415558,0.4230499267578125
image_1406.jpg,train,0.06433486938476562,0.05656707286834717,0.34689441323280334,0.013515472412109375,0.7397710084915161,0.12682370841503143,-1.12457275390625,0.06144710257649422,0.054931640625,0.04001334682106972,1.06964111328125
image_1407.jpg,train,0.01374053955078125,0.013793278485536575,0.06968005746603012,0.002532958984375,0.7434702515602112,0.25333675742149353,0.13885498046875,0.06190699711441994,-0.0202178955078125,0.00789974257349968,-0.1186370849609375
image_1408.jpg,train,0.020816802978515625,0.01993495598435402,0.11738010495901108,0.003795623779296875,0.7510398030281067,0.15752887725830078,0.8129119873046875,0.0560000017285347,-0.022125244140625,0.015175332315266132,-0.7907867431640625
image_1409.jpg,train,0.09466934204101562,0.07894173264503479,0.3861367404460907,0.018749237060546875,0.7457578778266907,0.12479942291975021,0.7076263427734375,0.06030946969985962,0.1407623291015625,0.08123254030942917,-0.848388671875
image_1410.jpg,val,0.0088043212890625,0.008927613496780396,0.027632882818579674,0.001766204833984375,0.7472959756851196,0.978622317314148,-0.15106201171875,0.08128544688224792,0.127410888671875,0.004448832478374243,0.023651123046875
image_1411.jpg,train,0.08752059936523438,0.0618528313934803,0.3520846366882324,0.02276611328125,0.769379198551178,0.049519024789333344,3.3832550048828125,,0.0,0.13250914216041565,-3.3832550048828125
image_1412.jpg,train,0.0181884765625,0.012587949633598328,0.05719900131225586,0.00490570068359375,0.7729764580726624,0.002359946258366108,1.3393402099609375,0.0912698432803154,0.0263214111328125,0.2970367670059204,-1.36566162109375
image_1413.jpg,train,0.011196136474609375,0.009133599698543549,0.026874450966715813,0.00270843505859375,0.7597667574882507,0.002221931703388691,0.6866455078125,0.04109589010477066,0.0057220458984375,0.2472882717847824,-0.6923675537109375
image_1414.jpg,train,0.005207061767578125,0.003734997706487775,0.0022552013397216797,0.00170135498046875,0.7841905355453491,0.0017570670461282134,0.144195556640625,0.03888024762272835,0.0446319580078125,0.24070556461811066,-0.1888275146484375
image_1415.jpg,train,0.04026031494140625,0.03575814142823219,0.26080936193466187,0.007411956787109375,0.742866039276123,0.016000274568796158,1.4568328857421875,0.04638619348406792,0.0568389892578125,0.12834633886814117,-1.513671875
image_1416.jpg,train,0.027027130126953125,0.025713376700878143,0.18212942779064178,0.005352020263671875,0.7442131042480469,0.009715765714645386,0.8663177490234375,0.09318996220827103,0.057220458984375,0.16544458270072937,-0.9235382080078125
image_1417.jpg,train,0.024082183837890625,0.027615057304501534,0.19119121134281158,0.003383636474609375,0.7206264138221741,0.01229589618742466,0.0926971435546875,0.09160958975553513,0.0102996826171875,0.16652943193912506,-0.102996826171875
image_1418.jpg,train,0.02381134033203125,0.02683287486433983,0.1765330582857132,0.003875732421875,0.7304401993751526,0.009024134837090969,0.6832122802734375,0.08219178020954132,0.0202178955078125,0.18957480788230896,-0.70343017578125
image_1419.jpg,train,0.02202606201171875,0.02840851992368698,0.19554324448108673,0.002780914306640625,0.7096290588378906,0.00812110211700201,0.6572723388671875,0.10216718167066574,0.01068115234375,0.1843184381723404,-0.6679534912109375
image_1420.jpg,train,0.038280487060546875,0.046761419624090195,0.304605633020401,0.0042266845703125,0.7052336931228638,0.019622910767793655,0.4001617431640625,0.05482625588774681,0.0461578369140625,0.15047664940357208,-0.446319580078125
image_1421.jpg,train,0.0416107177734375,0.04485911875963211,0.2912035584449768,0.006870269775390625,0.7282264232635498,0.013923578895628452,1.8619537353515625,0.025316456332802773,0.0152587890625,0.16896949708461761,-1.8772125244140625
image_1422.jpg,train,0.02796173095703125,0.027727801352739334,0.19895245134830475,0.004207611083984375,0.7322413921356201,0.006346000824123621,1.660919189453125,0.10915493220090866,-0.00152587890625,0.18256087601184845,-1.659393310546875
image_1423.jpg,train,0.0276641845703125,0.02472434937953949,0.1791573464870453,0.00627899169921875,0.7514261603355408,0.010942106135189533,0.984954833984375,0.0,0.011444091796875,0.09841364622116089,-0.99639892578125
image_1424.jpg,train,0.0090179443359375,0.006855368614196777,0.011812238022685051,0.00237274169921875,0.7718306183815002,0.002389969304203987,0.4245758056640625,0.0,0.019073486328125,0.2436484843492508,-0.4436492919921875
image_1425.jpg,train,0.001453399658203125,0.0013838319573551416,9.451434016227722e-05,0.000385284423828125,0.7630404829978943,0.000678288284689188,0.0102996826171875,0.05624999850988388,-0.00152587890625,0.1887705773115158,-0.0087738037109375
image_1426.jpg,train,0.05751800537109375,0.050241999328136444,0.314595103263855,0.01319122314453125,0.7549983859062195,0.08957028388977051,-1.032257080078125,,0.0,0.03798121213912964,1.032257080078125
image_1427.jpg,train,0.0342254638671875,0.023783069103956223,0.1532571017742157,0.012393951416015625,0.8043922185897827,0.14200139045715332,0.782012939453125,,0.0,0.02317776344716549,-0.782012939453125
image_1428.jpg,train,0.013946533203125,0.014802699908614159,0.07414299249649048,0.002674102783203125,0.7312811017036438,0.987500011920929,1.213836669921875,,0.0,0.013054401613771915,-1.213836669921875
image_1429.jpg,train,0.053409576416015625,0.050153639167547226,0.3156289756298065,0.010532379150390625,0.7441726922988892,0.06965579092502594,-0.0827789306640625,,0.0,0.043052129447460175,0.0827789306640625
image_1430.jpg,train,0.053195953369140625,0.05004293844103813,0.3179391622543335,0.01087188720703125,0.7440357208251953,0.05646577104926109,1.1730194091796875,,0.0,0.05129874497652054,-1.1730194091796875
image_1431.jpg,train,0.053924560546875,0.04455563798546791,0.2843359708786011,0.014942169189453125,0.7705610394477844,0.05336981266736984,1.865386962890625,,0.0,0.054198335856199265,-1.865386962890625
image_1432.jpg,test,0.01146697998046875,0.008944706991314888,0.024087246507406235,0.00382232666015625,0.7873961925506592,0.9603340029716492,-0.344085693359375,0.10382022708654404,0.263214111328125,0.005473240744322538,0.08087158203125
image_1433.jpg,train,0.028705596923828125,0.020901862531900406,0.14760331809520721,0.0075836181640625,0.7706282734870911,0.5557381510734558,-0.8800506591796875,0.08453118801116943,0.20599365234375,0.011429310776293278,0.6740570068359375
image_1434.jpg,train,0.018115997314453125,0.016047261655330658,0.09232208132743835,0.00292205810546875,0.728033185005188,0.47396257519721985,0.0560760498046875,0.06767308712005615,0.4970550537109375,0.012158633209764957,-0.553131103515625
image_1435.jpg,train,0.02230072021484375,0.02182135358452797,0.14875146746635437,0.005462646484375,0.7526764869689941,0.5867565870285034,0.118255615234375,0.08436902612447739,0.397491455078125,0.014051935635507107,-0.5157470703125
image_1436.jpg,train,0.0162506103515625,0.015493545681238174,0.09478849172592163,0.002452850341796875,0.7255058884620667,0.5777778029441833,-0.00457763671875,0.17058509588241577,-0.33721923828125,0.006798123940825462,0.341796875
image_1437.jpg,train,0.02082061767578125,0.01612694188952446,0.09714574366807938,0.007110595703125,0.7844025492668152,0.31089818477630615,-0.357818603515625,0.23752890527248383,-0.16326904296875,0.00816913228482008,0.521087646484375
image_1438.jpg,train,0.00777435302734375,0.007224661763757467,0.01329096220433712,0.001560211181640625,0.7389956116676331,0.3911917209625244,0.203704833984375,0.22763915359973907,-0.109100341796875,0.0044171009212732315,-0.0946044921875
image_1439.jpg,train,0.04389190673828125,0.03302796930074692,0.23555752635002136,0.01273345947265625,0.7796568870544434,0.30014675855636597,-0.724029541015625,0.16217516362667084,0.019073486328125,0.020209841430187225,0.7049560546875
image_1440.jpg,train,0.04409027099609375,0.028069540858268738,0.20059317350387573,0.0190582275390625,0.8146637678146362,0.3312073051929474,-1.897430419921875,0.10179067403078079,-0.07171630859375,0.013820047490298748,1.969146728515625
image_1441.jpg,train,0.015995025634765625,0.0146016301587224,0.07423509657382965,0.00362396240234375,0.7543664574623108,0.4847131669521332,-0.28839111328125,0.11896134912967682,-0.0736236572265625,0.006418047472834587,0.3620147705078125
image_1442.jpg,train,0.07402420043945312,0.042418692260980606,0.2950957417488098,0.0309600830078125,0.8140798807144165,0.36438214778900146,-3.39202880859375,0.14162348210811615,-0.0614166259765625,0.02355368621647358,3.4534454345703125
image_1443.jpg,test,0.12433242797851562,0.09784410893917084,0.4124240279197693,0.022586822509765625,0.7452872395515442,0.26128172874450684,-0.1312255859375,0.013304261490702629,1.2420654296875,0.09836696833372116,-1.11083984375
image_1444.jpg,train,0.0947265625,0.08241850137710571,0.39569544792175293,0.017520904541015625,0.7375639081001282,0.13386720418930054,1.267242431640625,0.013678108341991901,0.3082275390625,0.0918901339173317,-1.575469970703125
image_1445.jpg,train,0.08703994750976562,0.07832035422325134,0.3859914541244507,0.016918182373046875,0.739305853843689,0.1470293402671814,-0.8899688720703125,0.015681881457567215,0.4642486572265625,0.07227005809545517,0.42572021484375
image_1446.jpg,train,0.070892333984375,0.07033652812242508,0.367144376039505,0.012409210205078125,0.7343657612800598,0.08767368644475937,0.260162353515625,0.010618304833769798,0.006103515625,0.0680311843752861,-0.266265869140625
image_1447.jpg,val,0.03813934326171875,0.07033652812242508,0.367144376039505,0.00200653076171875,0.6569800972938538,0.026466988027095795,1.7757415771484375,0.006816472392529249,0.01068115234375,0.050543442368507385,-1.7864227294921875
image_1448.jpg,val,0.06457901000976562,0.07279897481203079,0.37594911456108093,0.006072998046875,0.7049785852432251,0.10389832407236099,1.03759765625,0.017960041761398315,0.211334228515625,0.06403470784425735,-1.248931884765625
image_1449.jpg,train,0.1009521484375,0.09587574005126953,0.40793925523757935,0.01403045654296875,0.725351095199585,0.20010128617286682,-2.3876190185546875,0.026693863794207573,0.0354766845703125,0.06262296438217163,2.352142333984375
image_1450.jpg,test,0.00872039794921875,0.008555823005735874,0.022804519161581993,0.001514434814453125,0.7305657267570496,0.12484472244977951,0.533294677734375,0.053113553673028946,0.009918212890625,0.007179403677582741,-0.543212890625
image_1451.jpg,train,0.0172119140625,0.006577631924301386,0.010283289477229118,0.00890350341796875,0.851533055305481,0.0032269430812448263,1.0829925537109375,0.08666666597127914,0.0202178955078125,0.3905438482761383,-1.10321044921875
image_1452.jpg,train,0.066070556640625,0.05048398673534393,0.32466623187065125,0.014232635498046875,0.7543016076087952,0.026411693543195724,2.829742431640625,0.012985103763639927,0.63629150390625,0.14832502603530884,-3.466033935546875
image_1453.jpg,val,0.002193450927734375,0.0011732077691704035,6.638094782829285e-05,0.00096893310546875,0.8204054236412048,0.001255492796190083,-0.0308990478515625,,0.0,0.2769058346748352,0.0308990478515625
image_1454.jpg,train,0.001750946044921875,0.0010957196354866028,5.340576171875e-05,0.000782012939453125,0.817646861076355,0.00041753973346203566,0.0919342041015625,,0.0,0.3208065927028656,-0.0919342041015625
image_1455.jpg,test,0.003604888916015625,0.002718223026022315,0.00015515461564064026,0.00099945068359375,0.7742697596549988,0.0021720328368246555,-0.0701904296875,0.03153284639120102,-0.0030517578125,0.3091517984867096,0.0732421875
image_1456.jpg,train,0.003147125244140625,0.0013269311748445034,0.00011396408081054688,0.001613616943359375,0.8524526357650757,0.0011289628455415368,0.0904083251953125,,0.0,0.3072916567325592,-0.0904083251953125
image_1457.jpg,train,0.004688262939453125,0.003020696574822068,0.0010755658149719238,0.001888275146484375,0.8070836067199707,0.0008278689929284155,0.3055572509765625,,0.0,0.27815839648246765,-0.3055572509765625
image_1458.jpg,val,0.11328125,0.08570103347301483,0.3954799175262451,0.029510498046875,0.765898585319519,0.16402667760849,-2.8682708740234375,0.022093459963798523,0.1949310302734375,0.08722472935914993,2.67333984375
image_1459.jpg,train,0.0726318359375,0.07309640944004059,0.37318456172943115,0.00978851318359375,0.7189642190933228,0.20025360584259033,1.8825531005859375,0.01704317331314087,0.4878997802734375,0.06139391288161278,-2.370452880859375
image_1460.jpg,train,0.08894729614257812,0.08072811365127563,0.38707250356674194,0.0145111083984375,0.7348194718360901,0.1223832294344902,1.126861572265625,0.010790273547172546,0.0766754150390625,0.08172231167554855,-1.2035369873046875
image_1461.jpg,test,0.0972900390625,0.0862497016787529,0.3913781940937042,0.015140533447265625,0.7372009754180908,0.2638344466686249,-0.986480712890625,0.03452527895569801,0.0148773193359375,0.05510929971933365,0.9716033935546875
image_1462.jpg,train,0.07928466796875,0.06616039574146271,0.34841614961624146,0.02097320556640625,0.7722420692443848,0.2825881838798523,-3.8242340087890625,0.05337519571185112,-0.01983642578125,0.026104692369699478,3.8440704345703125
image_1463.jpg,train,0.0889129638671875,0.08676762133836746,0.3998846113681793,0.01218414306640625,0.7189382314682007,0.12621530890464783,-0.0316619873046875,0.026555750519037247,0.138092041015625,0.07095780968666077,-0.1064300537109375
image_1464.jpg,train,0.12147140502929688,0.09154753386974335,0.4043479263782501,0.02637481689453125,0.7552008032798767,0.27591243386268616,-5.149078369140625,0.02625025250017643,0.188446044921875,0.05595693737268448,4.96063232421875
image_1465.jpg,val,0.14627838134765625,0.10390842705965042,0.4220152199268341,0.032047271728515625,0.7523651719093323,0.3509691655635834,-6.23779296875,0.018309609964489937,1.8428802490234375,0.08958542346954346,4.3949127197265625
image_1466.jpg,train,0.09973907470703125,0.07541543990373611,0.3708452582359314,0.02364349365234375,0.7645052671432495,0.2130293995141983,-2.923583984375,0.008484276942908764,0.2346038818359375,0.060850854963064194,2.6889801025390625
image_1467.jpg,train,0.00270843505859375,0.0013331642840057611,7.259845733642578e-05,0.001369476318359375,0.8408049941062927,0.001193770905956626,0.0335693359375,,0.0,0.24553845822811127,-0.0335693359375
image_1468.jpg,train,0.003894805908203125,0.001576032256707549,7.82012939453125e-05,0.002109527587890625,0.8526695966720581,0.0020061295945197344,-0.0095367431640625,,0.0,0.3451143503189087,0.0095367431640625
image_1469.jpg,train,0.000995635986328125,0.0005236964789219201,1.321360468864441e-05,0.00048828125,0.8259831666946411,0.0006228172569535673,-0.0247955322265625,,0.0,0.2279069721698761,0.0247955322265625
image_1470.jpg,train,0.002208709716796875,0.0012306001735851169,3.993511199951172e-05,0.000797271728515625,0.8027127385139465,0.0013448172248899937,-0.0469207763671875,0.019999999552965164,0.018310546875,0.20787546038627625,0.0286102294921875
image_1471.jpg,train,0.001338958740234375,0.0007349488441832364,5.340576171875e-05,0.00054931640625,0.8204641342163086,0.0005135457031428814,0.0316619873046875,0.04511278122663498,0.0,0.34124088287353516,-0.0316619873046875
image_1472.jpg,train,0.0087127685546875,0.0058206068351864815,0.005088949576020241,0.002925872802734375,0.7885119915008545,0.0024605467915534973,0.3936767578125,,0.0,0.2145167589187622,-0.3936767578125
image_1473.jpg,train,0.1212921142578125,0.09571893513202667,0.4006744623184204,0.02870941162109375,0.7626790404319763,0.20192798972129822,-6.000518798828125,0.02860858291387558,0.009918212890625,0.05590122565627098,5.9906005859375
image_1474.jpg,train,0.1221923828125,0.10279101133346558,0.4119732081890106,0.01941680908203125,0.7391074895858765,0.144669309258461,2.735137939453125,0.0,0.0026702880859375,0.1112416461110115,-2.7378082275390625
image_1475.jpg,train,0.11035537719726562,0.0996021181344986,0.41244789958000183,0.016223907470703125,0.7286772727966309,0.166740283370018,0.365447998046875,0.034246575087308884,0.005340576171875,0.08399975299835205,-0.37078857421875
image_1476.jpg,test,0.1098480224609375,0.09200708568096161,0.400009423494339,0.01993560791015625,0.7433072924613953,0.17044728994369507,-2.8656005859375,,0.0,0.06837749481201172,2.8656005859375
image_1477.jpg,train,0.125457763671875,0.09375859797000885,0.40369486808776855,0.0273284912109375,0.7569780945777893,0.17519687116146088,0.2712249755859375,0.02222222276031971,0.0030517578125,0.09866813570261002,-0.2742767333984375
image_1478.jpg,train,0.0936431884765625,0.08546122908592224,0.38681113719940186,0.020198822021484375,0.7519344687461853,0.215904101729393,-2.27508544921875,,0.0,0.048526499420404434,2.27508544921875
image_1479.jpg,train,0.08612823486328125,0.07950873672962189,0.3807294964790344,0.01566314697265625,0.7413029074668884,0.1173635721206665,0.920867919921875,0.29629629850387573,-0.002288818359375,0.07086877524852753,-0.9185791015625
image_1480.jpg,val,0.12808609008789062,0.11020143330097198,0.42627307772636414,0.02215576171875,0.7311952710151672,0.2899552881717682,-3.569793701171875,0.0273229219019413,1.1585235595703125,0.08694666624069214,2.4112701416015625
image_1481.jpg,train,0.10619735717773438,0.08612404018640518,0.39333367347717285,0.031269073486328125,0.7701690196990967,0.18231268227100372,-0.3265380859375,0.12705931067466736,-1.4751434326171875,0.07106300443410873,1.8016815185546875
image_1482.jpg,val,0.11944198608398438,0.09355444461107254,0.4136723577976227,0.021030426025390625,0.7343080639839172,0.14818979799747467,-4.611968994140625,0.02308749407529831,0.73089599609375,0.11061589419841766,3.881072998046875
image_1483.jpg,train,0.11022186279296875,0.08813571184873581,0.4108370244503021,0.02225494384765625,0.7379226684570312,0.36484235525131226,-4.6802520751953125,0.01568826474249363,0.814056396484375,0.07394210994243622,3.8661956787109375
image_1484.jpg,train,0.0834503173828125,0.08343130350112915,0.4078342020511627,0.00962066650390625,0.7021093368530273,0.21210169792175293,0.48370361328125,0.013492117635905743,0.540924072265625,0.08945778757333755,-1.024627685546875
image_1485.jpg,train,0.084075927734375,0.08135660737752914,0.4028499126434326,0.01068115234375,0.7093328833580017,0.2917592525482178,-3.060150146484375,0.013038684614002705,1.197052001953125,0.06781590729951859,1.86309814453125
image_1486.jpg,train,0.06461715698242188,0.069199338555336,0.38120439648628235,0.0090179443359375,0.7063222527503967,0.21146202087402344,-1.633453369140625,0.012106935493648052,0.909423828125,0.0615161694586277,0.724029541015625
image_1487.jpg,train,0.09397125244140625,0.08122320473194122,0.40170300006866455,0.019123077392578125,0.7387394309043884,0.19225749373435974,-0.2178192138671875,0.014033300802111626,0.52947998046875,0.11408843845129013,-0.3116607666015625
image_1488.jpg,test,0.099761962890625,0.0871211439371109,0.40938758850097656,0.0179595947265625,0.7293340563774109,0.28015419840812683,-2.92816162109375,0.010667109861969948,0.753021240234375,0.07524114102125168,2.175140380859375
image_1489.jpg,train,0.09345626831054688,0.09114724397659302,0.409134179353714,0.013759613037109375,0.7194504737854004,0.1672121286392212,-1.1798858642578125,0.015780607238411903,0.951385498046875,0.08452817052602768,0.2285003662109375
image_1490.jpg,train,0.12762832641601562,0.10315390676259995,0.4210191071033478,0.021862030029296875,0.7353067398071289,0.16870366036891937,1.8985748291015625,0.02002694457769394,1.0181427001953125,0.1492883712053299,-2.916717529296875
image_1491.jpg,train,0.1384124755859375,0.10577742755413055,0.42528313398361206,0.025920867919921875,0.739961564540863,0.31142330169677734,-2.1434783935546875,0.07378903031349182,0.5908966064453125,0.10044904798269272,1.552581787109375
image_1492.jpg,train,0.08568191528320312,0.08092200756072998,0.38762784004211426,0.01418304443359375,0.730319619178772,0.1430700421333313,0.5954742431640625,0.04222685098648071,0.7328033447265625,0.07801751792430878,-1.328277587890625
image_1493.jpg,train,0.08892440795898438,0.08344659954309464,0.3939201235771179,0.014495849609375,0.7307395935058594,0.1672850251197815,-1.862335205078125,0.04060913622379303,0.125885009765625,0.05347633361816406,1.7364501953125
image_1494.jpg,train,0.11146926879882812,0.10119598358869553,0.4116098880767822,0.01612091064453125,0.7297221422195435,0.21416695415973663,-3.2329559326171875,0.03942941874265671,0.030517578125,0.0617419071495533,3.2024383544921875
image_1495.jpg,train,0.10593414306640625,0.09493617713451385,0.4076942801475525,0.016963958740234375,0.7320230603218079,0.23371054232120514,-1.827239990234375,0.0310504287481308,0.043487548828125,0.0635797530412674,1.78375244140625
image_1496.jpg,train,0.11912155151367188,0.09922656416893005,0.4091157913208008,0.023097991943359375,0.7494936585426331,0.17993950843811035,-3.8177490234375,0.028020868077874184,0.1434326171875,0.07712837308645248,3.67431640625
image_1497.jpg,train,0.11033248901367188,0.09409847855567932,0.4028693437576294,0.018672943115234375,0.7391394376754761,0.1837879717350006,-1.69219970703125,0.09291338920593262,0.01373291015625,0.07161220908164978,1.678466796875
image_1498.jpg,train,0.10246658325195312,0.0824909433722496,0.38941407203674316,0.0232696533203125,0.7538407444953918,0.1853213906288147,-2.3365020751953125,0.04458598792552948,0.01983642578125,0.06023236736655235,2.3166656494140625
image_1499.jpg,train,0.07883834838867188,0.0761655867099762,0.38040581345558167,0.01610565185546875,0.73991858959198,0.15928255021572113,-0.5832672119140625,0.0264932569116354,0.05035400390625,0.05034389719367027,0.5329132080078125
image_1500.jpg,train,0.06137847900390625,0.06820616126060486,0.34891483187675476,0.014125823974609375,0.7480838298797607,0.11114031821489334,0.6534576416015625,0.02054794505238533,0.002288818359375,0.04510165750980377,-0.6557464599609375
image_1501.jpg,train,0.0555267333984375,0.06698083877563477,0.33736640214920044,0.010639190673828125,0.7384028434753418,0.07562918961048126,1.439666748046875,,0.0,0.048018988221883774,-1.439666748046875
image_1502.jpg,train,0.09816741943359375,0.08350260555744171,0.39266908168792725,0.019153594970703125,0.7442781329154968,0.14937686920166016,-1.474761962890625,0.0589192695915699,-0.0308990478515625,0.06760917603969574,1.5056610107421875
image_1503.jpg,train,0.080474853515625,0.07931476831436157,0.3804400563240051,0.014720916748046875,0.7391602396965027,0.11131294071674347,-1.445770263671875,0.04432773217558861,0.0026702880859375,0.05858908221125603,1.4430999755859375
image_1504.jpg,train,0.08336639404296875,0.08056475222110748,0.38846468925476074,0.013683319091796875,0.7299968004226685,0.09265224635601044,1.397705078125,0.012500000186264515,0.003814697265625,0.07784540951251984,-1.401519775390625
image_1505.jpg,train,0.07336807250976562,0.07396052032709122,0.3758952021598816,0.013294219970703125,0.7343209385871887,0.13068422675132751,-1.28326416015625,0.017796609550714493,0.1277923583984375,0.0463007427752018,1.1554718017578125
image_1506.jpg,train,0.09732818603515625,0.08231130987405777,0.38716867566108704,0.021984100341796875,0.7542927861213684,0.21522225439548492,-2.9529571533203125,0.0757242739200592,-0.1361846923828125,0.04894430935382843,3.089141845703125
image_1507.jpg,test,0.08631515502929688,0.07712969183921814,0.3693971633911133,0.01920318603515625,0.7566022276878357,0.14507101476192474,-2.7210235595703125,0.06008201092481613,-0.0659942626953125,0.04903518781065941,2.787017822265625
image_1508.jpg,val,0.0931549072265625,0.08410777896642685,0.3831779956817627,0.0191192626953125,0.7525400519371033,0.0874120369553566,1.20391845703125,0.04444444552063942,-0.0034332275390625,0.09837529808282852,-1.2004852294921875
image_1509.jpg,train,0.1143798828125,0.09578841924667358,0.4010297954082489,0.025684356689453125,0.7547489404678345,0.2597906291484833,-4.7183990478515625,0.09380234777927399,-0.0148773193359375,0.04882892966270447,4.7332763671875
image_1510.jpg,train,0.07861709594726562,0.07764094322919846,0.381488174200058,0.009937286376953125,0.7230656147003174,0.10577190667390823,0.9243011474609375,0.02376909926533699,-0.0156402587890625,0.07039566338062286,-0.908660888671875
image_1511.jpg,train,0.004718780517578125,0.005160974338650703,0.005190931260585785,0.000774383544921875,0.7219852805137634,0.23395444452762604,-0.019073486328125,0.06358024477958679,0.1697540283203125,0.0031736637465655804,-0.1506805419921875
image_1512.jpg,train,0.000957489013671875,0.0012677061604335904,0.0008889846503734589,0.000186920166015625,0.734778106212616,,0.0011444091796875,0.057655952870845795,0.048065185546875,0.0007277295808307827,-0.0492095947265625
image_1513.jpg,train,0.001552581787109375,0.001135332160629332,0.0004929304122924805,0.000102996826171875,0.7388587594032288,0.3333333432674408,0.1194000244140625,0.15656565129756927,0.011444091796875,0.0014316091546788812,-0.1308441162109375
image_1514.jpg,train,0.009410858154296875,0.009883387945592403,0.031160935759544373,0.00116729736328125,0.7154733538627625,0.813725471496582,-0.0118255615234375,0.08689230680465698,0.28839111328125,0.006284104660153389,-0.2765655517578125
image_1515.jpg,train,0.00501251220703125,0.005359454080462456,0.004770882427692413,0.000621795654296875,0.716384768486023,0.9285714030265808,-0.0286102294921875,0.08473413437604904,0.093841552734375,0.0028958357870578766,-0.0652313232421875
image_1516.jpg,train,0.008815765380859375,0.010246054269373417,0.03354980796575546,0.00089263916015625,0.7026724219322205,0.4536082446575165,-0.011444091796875,0.08977577835321426,0.0690460205078125,0.004910258110612631,-0.0576019287109375
image_1517.jpg,train,0.009952545166015625,0.011412259191274643,0.047084443271160126,0.00110626220703125,0.7105028033256531,0.4444444477558136,0.002288818359375,0.06238052248954773,0.5107879638671875,0.00783970020711422,-0.5130767822265625
image_1518.jpg,val,0.019115447998046875,0.018239935860037804,0.12164589762687683,0.0030364990234375,0.7290042638778687,0.3446466028690338,-0.5859375,0.06523635238409042,0.4360198974609375,0.00936063565313816,0.1499176025390625
image_1519.jpg,train,0.023235321044921875,0.026576362550258636,0.19227874279022217,0.003513336181640625,0.7203832268714905,0.7704722285270691,-0.2254486083984375,0.06548961997032166,0.447845458984375,0.013965493999421597,-0.2223968505859375
image_1520.jpg,train,0.06321334838867188,0.054396867752075195,0.3364315330982208,0.01483154296875,0.7531061768531799,0.06788938492536545,-2.1762847900390625,,0.0,0.055391862988471985,2.1762847900390625
image_1521.jpg,val,0.06434249877929688,0.05592632293701172,0.3370285630226135,0.01558685302734375,0.7577922344207764,0.05765548348426819,-1.5140533447265625,,0.0,0.07917740941047668,1.5140533447265625
image_1522.jpg,test,0.07011032104492188,0.0644034817814827,0.35628822445869446,0.014278411865234375,0.7471598982810974,0.06114097684621811,-1.2760162353515625,,0.0,0.08897016197443008,1.2760162353515625
image_1523.jpg,val,0.10728073120117188,0.06829486787319183,0.36668622493743896,0.03448486328125,0.7880803942680359,0.13482941687107086,-6.2595367431640625,,0.0,0.06038019806146622,6.2595367431640625
image_1524.jpg,train,0.08358001708984375,0.0617639496922493,0.356354683637619,0.02251434326171875,0.7687950134277344,0.07645886391401291,-2.149200439453125,,0.0,0.09921849519014359,2.149200439453125
image_1525.jpg,train,0.10540008544921875,0.0715884119272232,0.37239983677864075,0.032154083251953125,0.7814510464668274,0.12193457782268524,-2.55126953125,,0.0,0.08623713999986649,2.55126953125
image_1526.jpg,train,0.0756378173828125,0.06582394987344742,0.35601699352264404,0.01959228515625,0.7627641558647156,0.07563789933919907,-1.05743408203125,,0.0,0.07563770562410355,1.05743408203125
image_1527.jpg,train,0.090057373046875,0.07119631767272949,0.3743059039115906,0.0219879150390625,0.7607219815254211,0.10330919921398163,-3.403472900390625,,0.0,0.07013103365898132,3.403472900390625
image_1528.jpg,train,0.04477691650390625,0.03827757015824318,0.2696387767791748,0.01123809814453125,0.7598109245300293,0.033189259469509125,-0.9765625,,0.0,0.09817513078451157,0.9765625
image_1529.jpg,train,0.047992706298828125,0.03874373063445091,0.27260589599609375,0.01251220703125,0.7679367661476135,0.0308684129267931,-0.0629425048828125,,0.0,0.1114802360534668,0.0629425048828125
image_1530.jpg,test,0.037464141845703125,0.034017257392406464,0.24454060196876526,0.008350372314453125,0.752009391784668,0.02742038480937481,-0.8388519287109375,,0.0,0.08870217204093933,0.8388519287109375
image_1531.jpg,train,0.03546905517578125,0.03356945142149925,0.23835457861423492,0.0087890625,0.7534156441688538,0.027242332696914673,-0.823211669921875,,0.0,0.0688086673617363,0.823211669921875
image_1532.jpg,train,0.028636932373046875,0.027283914387226105,0.19875338673591614,0.006252288818359375,0.7435154318809509,0.021293720230460167,-0.7694244384765625,,0.0,0.07128018885850906,0.7694244384765625
image_1533.jpg,val,0.034030914306640625,0.031358327716588974,0.22942064702510834,0.00738525390625,0.7494698166847229,0.026220187544822693,-1.0791778564453125,,0.0,0.079989492893219,1.0791778564453125
image_1534.jpg,test,0.07436752319335938,0.07538335025310516,0.3781626224517822,0.011493682861328125,0.7246657609939575,0.06168350949883461,-0.0705718994140625,0.0,0.014495849609375,0.09408864378929138,0.0560760498046875
image_1535.jpg,train,0.0820770263671875,0.0661621242761612,0.35806193947792053,0.017055511474609375,0.7520394921302795,0.05979820340871811,0.8769989013671875,0.05454545468091965,0.0,0.11737912893295288,-0.8769989013671875
image_1536.jpg,train,0.09481430053710938,0.07933507859706879,0.38607800006866455,0.018856048583984375,0.7442066073417664,0.16182956099510193,-1.8856048583984375,,0.0,0.05853784829378128,1.8856048583984375
image_1537.jpg,test,0.09231185913085938,0.08638647198677063,0.3968175947666168,0.015850067138671875,0.7334004640579224,0.10605979710817337,0.12664794921875,,0.0003814697265625,0.08197444677352905,-0.1270294189453125
image_1538.jpg,train,0.09218978881835938,0.08569879829883575,0.3911456763744354,0.016399383544921875,0.7387535572052002,0.10452532023191452,-1.3843536376953125,,0.0,0.07949311286211014,1.3843536376953125
image_1539.jpg,train,0.0701904296875,0.0614662691950798,0.35064056515693665,0.017486572265625,0.755558967590332,0.0676664337515831,-1.7730712890625,,0.0,0.07487096637487411,1.7730712890625
image_1540.jpg,train,0.04375457763671875,0.04098151624202728,0.2712513208389282,0.01103973388671875,0.76154625415802,0.046603210270404816,-0.689697265625,,0.0,0.04036395251750946,0.689697265625
image_1541.jpg,train,0.0510101318359375,0.04441384971141815,0.30061468482017517,0.011516571044921875,0.7525972723960876,0.03543693944811821,-0.431060791015625,,0.0,0.1064022108912468,0.431060791015625
image_1542.jpg,val,0.0462646484375,0.04360871762037277,0.2919653058052063,0.00885009765625,0.7425384521484375,0.03210940584540367,-0.12054443359375,,0.0,0.08638417720794678,0.12054443359375
image_1543.jpg,train,0.076629638671875,0.052977554500103,0.32102712988853455,0.02175140380859375,0.780651867389679,0.0692286565899849,-0.995635986328125,,0.0,0.0889836996793747,0.995635986328125
image_1544.jpg,train,0.060695648193359375,0.050529949367046356,0.3234719932079315,0.01465606689453125,0.757775604724884,0.058371372520923615,-1.9893646240234375,,0.0,0.06587667018175125,1.9893646240234375
image_1545.jpg,train,0.0756988525390625,0.07335813343524933,0.3767753541469574,0.014873504638671875,0.7375866770744324,0.06741554290056229,-1.683807373046875,,0.0,0.09382220357656479,1.683807373046875
image_1546.jpg,train,0.07521820068359375,0.06987527012825012,0.3699159324169159,0.013195037841796875,0.7357699871063232,0.0630502849817276,-1.263427734375,,0.0,0.10316681861877441,1.263427734375
image_1547.jpg,train,0.024875640869140625,0.01999560557305813,0.13976582884788513,0.00559234619140625,0.756443440914154,0.016148054972290993,-0.4268646240234375,,0.0,0.10557792335748672,0.4268646240234375
image_1548.jpg,train,0.0196685791015625,0.015185648575425148,0.08631768822669983,0.005336761474609375,0.7674462795257568,0.010861454531550407,-0.03204345703125,,0.0,0.12120053172111511,0.03204345703125
image_1549.jpg,train,0.06325531005859375,0.05324648693203926,0.32483166456222534,0.01602935791015625,0.7607437968254089,0.05225863680243492,-1.776885986328125,,0.0,0.10118117928504944,1.776885986328125
image_1550.jpg,train,0.0235137939453125,0.028544960543513298,0.20459876954555511,0.001979827880859375,0.7078376412391663,0.31486761569976807,1.761627197265625,,0.0,0.020759446546435356,-1.761627197265625
image_1551.jpg,train,0.0614776611328125,0.058191459625959396,0.33496493101119995,0.00861358642578125,0.7349959015846252,0.06867793202400208,4.9129486083984375,0.27272728085517883,0.0011444091796875,0.06075882539153099,-4.914093017578125
image_1552.jpg,train,0.04229736328125,0.03970639407634735,0.27747637033462524,0.007221221923828125,0.7393168210983276,0.018593672662973404,1.255035400390625,,0.0,0.13706648349761963,-1.255035400390625
image_1553.jpg,train,0.033626556396484375,0.031357623636722565,0.22887365520000458,0.005504608154296875,0.7366762757301331,0.011276457458734512,1.4461517333984375,,0.0,0.16005992889404297,-1.4461517333984375
image_1554.jpg,train,0.0379791259765625,0.03864593431353569,0.2645317316055298,0.00524139404296875,0.7275878190994263,0.018546948209404945,0.959014892578125,,0.0,0.10135245323181152,-0.959014892578125
image_1555.jpg,train,0.02269744873046875,0.02548322267830372,0.17343555390834808,0.0023345947265625,0.7111984491348267,0.06722689419984818,2.1209716796875,0.0995260700583458,0.0171661376953125,0.022247295826673508,-2.1381378173828125
image_1556.jpg,train,0.0455474853515625,0.046386007219552994,0.30299344658851624,0.004695892333984375,0.716202974319458,0.04162037745118141,2.086639404296875,0.13333334028720856,0.006103515625,0.04716521501541138,-2.092742919921875
image_1557.jpg,train,0.023761749267578125,0.020649787038564682,0.14446721971035004,0.00484466552734375,0.7479944825172424,0.005296547431498766,1.4194488525390625,,0.0,0.19597415626049042,-1.4194488525390625
image_1558.jpg,train,0.01956939697265625,0.018146779388189316,0.11743521690368652,0.003597259521484375,0.740769624710083,0.004812510684132576,1.088714599609375,,0.0,0.1554698795080185,-1.088714599609375
image_1559.jpg,test,0.038608551025390625,0.03295516595244408,0.24072492122650146,0.007450103759765625,0.7482468485832214,0.018335942178964615,0.5718231201171875,,0.0,0.214930459856987,-0.5718231201171875
image_1560.jpg,train,0.027416229248046875,0.02868708036839962,0.20981858670711517,0.003936767578125,0.7247546911239624,0.016227765008807182,-0.0110626220703125,,0.0,0.0899042934179306,0.0110626220703125
image_1561.jpg,train,0.033687591552734375,0.03217025101184845,0.2410305142402649,0.0050506591796875,0.7307917475700378,0.01718195155262947,0.3452301025390625,,0.0,0.15456421673297882,-0.3452301025390625
image_1562.jpg,train,0.039302825927734375,0.04309067130088806,0.29565125703811646,0.005584716796875,0.7176411151885986,0.02551923878490925,-0.2590179443359375,,0.0,0.10244182497262955,0.2590179443359375
image_1563.jpg,train,0.01190948486328125,0.009345036000013351,0.027234679087996483,0.002262115478515625,0.746921956539154,0.00352114113047719,0.528717041015625,,0.0,0.14418217539787292,-0.528717041015625
image_1564.jpg,train,0.010921478271484375,0.0063112229108810425,0.009358227252960205,0.003265380859375,0.7874614000320435,0.0035440046340227127,0.4055023193359375,,0.0,0.23956553637981415,-0.4055023193359375
image_1565.jpg,train,0.0048980712890625,0.004307796712964773,0.003858182579278946,0.00101470947265625,0.7593109011650085,0.0019252010388299823,0.112152099609375,,0.0,0.15692123770713806,-0.112152099609375
image_1566.jpg,train,0.0152587890625,0.010927682742476463,0.04358701780438423,0.00440216064453125,0.7771665453910828,0.004940715618431568,0.58135986328125,,0.0,0.23865894973278046,-0.58135986328125
image_1567.jpg,val,0.0210113525390625,0.01585802435874939,0.09313778579235077,0.007602691650390625,0.792999267578125,0.008338569663465023,0.562286376953125,,0.0,0.17234399914741516,-0.562286376953125
image_1568.jpg,train,0.028194427490234375,0.025759300217032433,0.19116027653217316,0.005584716796875,0.7427922487258911,0.014155668206512928,0.3719329833984375,,0.0,0.11776132136583328,-0.3719329833984375
image_1569.jpg,train,0.01910400390625,0.015998676419258118,0.09403760731220245,0.004688262939453125,0.7601571679115295,0.009685352444648743,0.1556396484375,,0.0,0.10976005345582962,-0.1556396484375
image_1570.jpg,train,0.020511627197265625,0.01586120016872883,0.09182377904653549,0.00601959228515625,0.7765197157859802,0.00841642264276743,0.5184173583984375,,0.0,0.1436614841222763,-0.5184173583984375
image_1571.jpg,train,0.014507293701171875,0.010690011084079742,0.04056492820382118,0.004062652587890625,0.7709189653396606,0.006014099344611168,0.3032684326171875,,0.0,0.19055117666721344,-0.3032684326171875
image_1572.jpg,train,0.008472442626953125,0.0064987740479409695,0.011072812601923943,0.002346038818359375,0.7724076509475708,0.0020288308151066303,0.4558563232421875,,0.0,0.18387340009212494,-0.4558563232421875
image_1573.jpg,train,0.01050567626953125,0.006925269961357117,0.01456659846007824,0.003753662109375,0.7958900928497314,0.0036495912354439497,0.353240966796875,,0.0,0.1571977734565735,-0.353240966796875
image_1574.jpg,train,0.033962249755859375,0.027526970952749252,0.19407887756824493,0.00881195068359375,0.7668476104736328,0.017862912267446518,0.4016876220703125,,0.0,0.11736413836479187,-0.4016876220703125
image_1575.jpg,train,0.03322601318359375,0.02844971790909767,0.20197851955890656,0.008358001708984375,0.7629881501197815,0.01976744271814823,0.131988525390625,,0.0,0.08951447159051895,-0.131988525390625
image_1576.jpg,train,0.047618865966796875,0.039808664470911026,0.27507150173187256,0.01062774658203125,0.7563304305076599,0.022908102720975876,1.2714385986328125,,0.0,0.12666378915309906,-1.2714385986328125
image_1577.jpg,train,0.042510986328125,0.0366067998111248,0.25951382517814636,0.0077667236328125,0.7446984648704529,0.01520584151148796,1.86004638671875,,0.0,0.14293617010116577,-1.86004638671875
image_1578.jpg,train,0.007984161376953125,0.0032967720180749893,0.0020794086158275604,0.0038909912109375,0.8443284630775452,0.0023933330085128546,0.3299713134765625,,0.0,0.26420149207115173,-0.3299713134765625
image_1579.jpg,train,0.00701141357421875,0.0042696502059698105,0.0024736151099205017,0.0025634765625,0.8067145943641663,0.0024186403024941683,0.23040771484375,,0.0,0.17338824272155762,-0.23040771484375
image_1580.jpg,train,0.03142547607421875,0.024316294118762016,0.17723599076271057,0.00753021240234375,0.7619917988777161,0.013332473114132881,0.7781982421875,,0.0,0.17300699651241302,-0.7781982421875
image_1581.jpg,train,0.02707672119140625,0.01730496808886528,0.1076728105545044,0.009731292724609375,0.7962134480476379,0.006374719552695751,1.54876708984375,,0.0,0.23383209109306335,-1.54876708984375
image_1582.jpg,train,0.025440216064453125,0.018385298550128937,0.12017813324928284,0.006320953369140625,0.7645537853240967,0.009464649483561516,0.8480072021484375,,0.0,0.1630363017320633,-0.8480072021484375
image_1583.jpg,train,0.031436920166015625,0.02514496259391308,0.1844208687543869,0.007625579833984375,0.7643189430236816,0.012535949237644672,0.9754180908203125,,0.0,0.15235918760299683,-0.9754180908203125
image_1584.jpg,train,0.032073974609375,0.025952570140361786,0.18423989415168762,0.008243560791015625,0.7661790251731873,0.014788748696446419,0.738525390625,,0.0,0.11936578154563904,-0.738525390625
image_1585.jpg,train,0.0031280517578125,0.002070312388241291,0.00044016167521476746,0.001201629638671875,0.8125718832015991,0.0006535770953632891,0.183868408203125,,0.0,0.18250630795955658,-0.183868408203125
image_1586.jpg,train,0.00185394287109375,0.0006448355270549655,1.5020370483398438e-05,0.001148223876953125,0.8838753700256348,0.00029490163433365524,0.12664794921875,,0.0,0.39326924085617065,-0.12664794921875
image_1587.jpg,test,0.004734039306640625,0.0035440351348370314,0.001353524625301361,0.001556396484375,0.7885519862174988,0.0019160053925588727,0.0957489013671875,,0.0,0.19662624597549438,-0.0957489013671875
image_1588.jpg,train,0.011928558349609375,0.00895723793655634,0.027570292353630066,0.003650665283203125,0.7800584435462952,0.005191947799175978,0.2170562744140625,0.5,0.0080108642578125,0.11690613627433777,-0.225067138671875
image_1589.jpg,train,0.02036285400390625,0.016624975949525833,0.09877585619688034,0.0046844482421875,0.7598220109939575,0.008613010868430138,0.472259521484375,,0.0,0.13625061511993408,-0.472259521484375
image_1590.jpg,train,0.042407989501953125,0.035956010222435,0.2507156431674957,0.0100250244140625,0.7617464065551758,0.02257058583199978,0.5741119384765625,,0.0,0.12824107706546783,-0.5741119384765625
image_1591.jpg,train,0.0273895263671875,0.021205097436904907,0.1411629617214203,0.007350921630859375,0.7711309194564819,0.010934775695204735,0.849151611328125,,0.0,0.1320362687110901,-0.849151611328125
image_1592.jpg,train,0.021697998046875,0.01845693029463291,0.11395160853862762,0.005340576171875,0.7616388201713562,0.008898157626390457,0.669097900390625,,0.0,0.09056392312049866,-0.669097900390625
image_1593.jpg,train,0.016475677490234375,0.015387923456728458,0.08485852926969528,0.004970550537109375,0.7748467922210693,0.006296500563621521,0.5512237548828125,,0.0,0.08495961129665375,-0.5512237548828125
image_1594.jpg,train,0.025791168212890625,0.026290928944945335,0.1922452300786972,0.004871368408203125,0.7406763434410095,0.009343542158603668,0.8930206298828125,,0.0,0.17765545845031738,-0.8930206298828125
image_1595.jpg,train,0.0326080322265625,0.02881949581205845,0.20716522634029388,0.0064849853515625,0.7489515542984009,0.012018963694572449,1.20086669921875,,0.0,0.15595082938671112,-1.20086669921875
image_1596.jpg,train,0.006610870361328125,0.004657384008169174,0.003896702080965042,0.002269744873046875,0.7939437031745911,0.0024994444102048874,0.1720428466796875,,0.0,0.19201688468456268,-0.1720428466796875
image_1597.jpg,train,0.00763702392578125,0.006110376678407192,0.009677371010184288,0.001949310302734375,0.7704979181289673,0.003004473401233554,0.17852783203125,,0.0,0.18008165061473846,-0.17852783203125
image_1598.jpg,train,0.01099395751953125,0.007660709321498871,0.02035069651901722,0.003795623779296875,0.7933106422424316,0.0021267563570290804,0.690460205078125,,0.0,0.23188692331314087,-0.690460205078125
image_1599.jpg,train,0.08256149291992188,0.07694549113512039,0.3810538947582245,0.014129638671875,0.7379823327064514,0.07098765671253204,0.9914398193359375,,0.0,0.09468939155340195,-0.9914398193359375
image_1600.jpg,train,0.06699752807617188,0.06717737764120102,0.3632550835609436,0.010303497314453125,0.7246312499046326,0.054761745035648346,2.2991180419921875,,0.0,0.07521601766347885,-2.2991180419921875
image_1601.jpg,train,0.0835113525390625,0.0668073520064354,0.3647173047065735,0.01894378662109375,0.7561187744140625,0.06419631093740463,3.287506103515625,,0.0,0.09608964622020721,-3.287506103515625
image_1602.jpg,train,0.0579833984375,0.05232377350330353,0.32710000872612,0.0099334716796875,0.7371880412101746,0.025610560551285744,1.917266845703125,,0.0,0.15922223031520844,-1.917266845703125
image_1603.jpg,test,0.0946502685546875,0.0795140489935875,0.3845375180244446,0.01665496826171875,0.7451510429382324,0.04463078826665878,4.754638671875,,0.0,0.15053832530975342,-4.754638671875
image_1604.jpg,val,0.055332183837890625,0.06054425984621048,0.34670472145080566,0.0064239501953125,0.7149048447608948,0.0403892956674099,-0.6725311279296875,0.0,0.0030517578125,0.1049138754606247,0.6694793701171875
image_1605.jpg,train,0.055110931396484375,0.05853836238384247,0.34064626693725586,0.008205413818359375,0.7270468473434448,0.041758306324481964,-0.9349822998046875,,0.0,0.10027920454740524,0.9349822998046875
image_1606.jpg,train,0.047458648681640625,0.0457620769739151,0.30082911252975464,0.007884979248046875,0.7356459498405457,0.023876411840319633,1.3805389404296875,,0.0,0.10374543070793152,-1.3805389404296875
image_1607.jpg,train,0.06336593627929688,0.05727346986532211,0.33948543667793274,0.012134552001953125,0.7423080205917358,0.04189268872141838,0.9807586669921875,,0.0,0.10141371935606003,-0.9807586669921875
image_1608.jpg,train,0.0655364990234375,0.06910113990306854,0.36401256918907166,0.008098602294921875,0.7199050188064575,0.04844151437282562,-0.24871826171875,,0.0,0.10583067685365677,0.24871826171875
image_1609.jpg,train,0.05699920654296875,0.06091809272766113,0.3480938971042633,0.00780487060546875,0.7221165299415588,0.046731844544410706,-1.145172119140625,,0.0,0.0850972831249237,1.145172119140625
image_1610.jpg,test,0.08349990844726562,0.08792246878147125,0.39668023586273193,0.010211944580078125,0.7162078619003296,0.06881360709667206,0.9372711181640625,,0.0,0.1006440594792366,-0.9372711181640625
image_1611.jpg,test,0.059017181396484375,0.06023500859737396,0.3424590528011322,0.01169586181640625,0.7397075295448303,0.09598638117313385,-0.7671356201171875,,0.0,0.039338551461696625,0.7671356201171875
image_1612.jpg,train,0.06568145751953125,0.05335930734872818,0.3283434212207794,0.015472412109375,0.7574100494384766,0.029794957488775253,2.359771728515625,,0.0,0.15195034444332123,-2.359771728515625
image_1613.jpg,train,0.09183502197265625,0.07127313315868378,0.374236136674881,0.0178985595703125,0.750675618648529,0.044026684015989304,3.9215087890625,,0.0,0.1628321409225464,-3.9215087890625
image_1614.jpg,train,0.072723388671875,0.06318217515945435,0.35088837146759033,0.015010833740234375,0.7512487769126892,0.08292240649461746,0.2288818359375,,0.0,0.06519418209791183,-0.2288818359375
image_1615.jpg,train,0.12664413452148438,0.10451427847146988,0.41289833188056946,0.020420074462890625,0.7408478260040283,0.08105666190385818,6.9149017333984375,,0.0,0.15169768035411835,-6.9149017333984375
image_1616.jpg,train,0.054271697998046875,0.045423559844493866,0.2842280864715576,0.011383056640625,0.7597065567970276,0.17615638673305511,4.2446136474609375,,0.0,0.05003848671913147,-4.2446136474609375
image_1617.jpg,test,0.02020263671875,0.029837923124432564,0.1897096186876297,0.00315093994140625,0.7159090042114258,0.1827572137117386,0.656890869140625,,0.0,0.013904408551752567,-0.656890869140625
image_1618.jpg,train,0.06276321411132812,0.05242674797773361,0.33119484782218933,0.01383209228515625,0.7530826330184937,0.04796846956014633,-0.0377655029296875,,0.0,0.09124690294265747,0.0377655029296875
image_1619.jpg,train,0.070465087890625,0.05934382975101471,0.34565284848213196,0.01367950439453125,0.7479934096336365,0.051281433552503586,0.53863525390625,,0.0,0.10377112030982971,-0.53863525390625
image_1620.jpg,test,0.0833740234375,0.07362398505210876,0.3697330355644226,0.014801025390625,0.7457722425460815,0.07497645169496536,-0.530242919921875,,0.0,0.09552659839391708,0.530242919921875
image_1621.jpg,train,0.08045578002929688,0.07254599034786224,0.3698761761188507,0.014606475830078125,0.7413944005966187,0.06764452904462814,1.1493682861328125,,0.0,0.09377601742744446,-1.1493682861328125
image_1622.jpg,train,0.095977783203125,0.08736054599285126,0.39548245072364807,0.013790130615234375,0.7317451238632202,0.07939416170120239,2.059173583984375,,0.0,0.1109674721956253,-2.059173583984375
image_1623.jpg,train,0.09678268432617188,0.08096406608819962,0.3895714282989502,0.0136260986328125,0.7365649938583374,0.0871165469288826,5.2539825439453125,,0.0,0.10007260739803314,-5.2539825439453125
image_1624.jpg,train,0.08683395385742188,0.08235287666320801,0.3898785710334778,0.012451171875,0.7290838956832886,0.0749984160065651,3.2543182373046875,,0.0,0.09354784339666367,-3.2543182373046875
image_1625.jpg,train,0.13007736206054688,0.09425057470798492,0.40795308351516724,0.02271270751953125,0.7485588788986206,0.07876148074865341,7.1720123291015625,,0.0,0.16027583181858063,-7.1720123291015625
image_1626.jpg,train,0.057468414306640625,0.04753745719790459,0.3141149878501892,0.012542724609375,0.7524811625480652,0.03821204975247383,0.0255584716796875,,0.0,0.11481554806232452,-0.0255584716796875
image_1627.jpg,test,0.0606689453125,0.05086031183600426,0.31756943464279175,0.014087677001953125,0.7587152123451233,0.04281110689043999,-0.57220458984375,,0.0,0.12231865525245667,0.57220458984375
image_1628.jpg,val,0.0510101318359375,0.04288049787282944,0.28884655237197876,0.00933074951171875,0.7469029426574707,0.020392879843711853,1.75628662109375,,0.0,0.19055695831775665,-1.75628662109375
image_1629.jpg,val,0.10210037231445312,0.1061331182718277,0.4294709861278534,0.010997772216796875,0.7001687288284302,0.20860114693641663,0.44403076171875,0.01972724124789238,1.023101806640625,0.10997073352336884,-1.467132568359375
image_1630.jpg,train,0.10349655151367188,0.10072027891874313,0.41957348585128784,0.01018524169921875,0.7053793668746948,0.13594771921634674,1.8650054931640625,0.01982121355831623,0.885009765625,0.11730880290269852,-2.7500152587890625
image_1631.jpg,train,0.098541259765625,0.09038414061069489,0.40643787384033203,0.0167999267578125,0.731037974357605,0.06500274688005447,5.2337646484375,0.014246962033212185,0.80718994140625,0.14331695437431335,-6.04095458984375
image_1632.jpg,train,0.1005706787109375,0.10318838059902191,0.4281667470932007,0.0125885009765625,0.702598512172699,0.21556782722473145,-1.876068115234375,0.01741020195186138,0.9952545166015625,0.09595399349927902,0.8808135986328125
image_1633.jpg,train,0.0833587646484375,0.0861457884311676,0.40260443091392517,0.01464080810546875,0.7215993404388428,0.17751319706439972,2.153778076171875,0.01626146212220192,0.8617401123046875,0.09371025115251541,-3.0155181884765625
image_1634.jpg,train,0.11333084106445312,0.11899016797542572,0.4409325420856476,0.012355804443359375,0.6931230425834656,0.17466621100902557,0.26397705078125,0.0202559195458889,1.0955810546875,0.1358473151922226,-1.35955810546875
image_1635.jpg,val,0.11127090454101562,0.1056986153125763,0.4278663992881775,0.013675689697265625,0.7085011005401611,0.12792479991912842,1.9924163818359375,0.0159220602363348,1.5300750732421875,0.15436501801013947,-3.522491455078125
image_1636.jpg,test,0.12082672119140625,0.10799126327037811,0.42390426993370056,0.01552581787109375,0.7189902067184448,0.17611588537693024,2.556610107421875,0.019877146929502487,0.8312225341796875,0.14087194204330444,-3.3878326416015625
image_1637.jpg,train,0.11617660522460938,0.11243054270744324,0.42928749322891235,0.01395416259765625,0.7135425209999084,0.19877450168132782,0.556182861328125,0.020848780870437622,0.7061004638671875,0.11819778382778168,-1.2622833251953125
image_1638.jpg,train,0.12765884399414062,0.10925552994012833,0.423142671585083,0.018764495849609375,0.7304931879043579,0.18666818737983704,2.5524139404296875,0.0187857486307621,0.8686065673828125,0.14584419131278992,-3.4210205078125
image_1639.jpg,val,0.00511932373046875,0.009096862748265266,0.03212658315896988,7.62939453125e-06,0.6419822573661804,1.0,0.51116943359375,,0.0,0.005115528590977192,-0.51116943359375
image_1640.jpg,train,0.004180908203125,0.010896528139710426,0.049897804856300354,0.00023651123046875,0.6889463663101196,0.27411168813705444,0.21209716796875,,0.0,0.003162824083119631,-0.21209716796875
image_1641.jpg,train,0.006793975830078125,0.008265534415841103,0.03067595325410366,0.001964569091796875,0.7697032690048218,0.800000011920929,0.6763458251953125,,0.0,0.0067788464948534966,-0.6763458251953125
image_1642.jpg,train,0.00091552734375,0.006947939284145832,0.02829074300825596,2.288818359375e-05,0.6608636379241943,0.055616140365600586,-0.025177001953125,,0.0,0.00033539842115715146,0.025177001953125
image_1643.jpg,train,0.0010833740234375,0.0102097038179636,0.04175282269716263,0.000156402587890625,0.7127107381820679,0.625,0.104522705078125,,0.0,0.0010643330169841647,-0.104522705078125
image_1644.jpg,train,0.003337860107421875,0.010240022093057632,0.043968863785266876,0.00034332275390625,0.6903591156005859,0.8141891956329346,-0.0339508056640625,,0.0,0.0015025692991912365,0.0339508056640625
image_1645.jpg,train,0.060924530029296875,0.06259623169898987,0.3445751368999481,0.013072967529296875,0.744572103023529,0.037505198270082474,-0.7892608642578125,0.0,0.011444091796875,0.3215227425098419,0.7778167724609375
image_1646.jpg,test,0.10412216186523438,0.07484925538301468,0.3814448118209839,0.0272369384765625,0.7632730007171631,0.25221896171569824,-5.4141998291015625,,0.0,0.03641508147120476,5.4141998291015625
image_1647.jpg,train,0.0324859619140625,0.015667565166950226,0.09236052632331848,0.01432037353515625,0.8294892907142639,0.008050958625972271,1.725006103515625,0.0,0.00152587890625,0.4631287157535553,-1.726531982421875
image_1648.jpg,train,0.15930557250976562,0.1300550103187561,0.4349462389945984,0.025089263916015625,0.7356297969818115,0.18626028299331665,-2.7935028076171875,0.07571801543235779,0.0743865966796875,0.1327223926782608,2.7191162109375
image_1649.jpg,val,0.010589599609375,0.0157447699457407,0.07625091075897217,0.001384735107421875,0.7283268570899963,,1.0589599609375,,0.0,0.010589599609375,-1.0589599609375
image_1650.jpg,train,0.011600494384765625,0.020407401025295258,0.11115016043186188,0.00146484375,0.7128792405128479,0.5169980525970459,0.5451202392578125,,0.0,0.00857685599476099,-0.5451202392578125
image_1651.jpg,train,0.0122528076171875,0.022910794243216515,0.13120685517787933,0.00074005126953125,0.6986412405967712,0.8821989297866821,0.968170166015625,,0.0,0.010983259417116642,-0.968170166015625
image_1652.jpg,train,0.11729049682617188,0.076998770236969,0.37939876317977905,0.027019500732421875,0.7667268514633179,0.13234201073646545,5.6179046630859375,,0.0,0.11277210712432861,-5.6179046630859375
image_1653.jpg,train,0.049297332763671875,0.04391578584909439,0.27689075469970703,0.007740020751953125,0.7468608617782593,0.03543403744697571,4.4887542724609375,,0.0,0.050217222422361374,-4.4887542724609375
image_1654.jpg,train,0.1241912841796875,0.08817008882761002,0.3895328640937805,0.028194427490234375,0.7654059529304504,0.12493477016687393,1.824951171875,,0.0,0.12364402413368225,-1.824951171875
image_1655.jpg,val,0.00714874267578125,0.012589664198458195,0.05832655727863312,0.00131988525390625,0.7268663048744202,,0.714874267578125,,0.0,0.00714874267578125,-0.714874267578125
image_1656.jpg,test,0.02234649658203125,0.027395928278565407,0.18543480336666107,0.003448486328125,0.7168540358543396,0.24736842513084412,2.19879150390625,,0.0,0.022183284163475037,-2.19879150390625
image_1657.jpg,train,0.030353546142578125,0.029537364840507507,0.19379007816314697,0.004947662353515625,0.744071364402771,0.19560733437538147,1.8054962158203125,,0.0,0.024989858269691467,-1.8054962158203125
image_1658.jpg,train,0.006237030029296875,0.010383090935647488,0.04337451234459877,0.00112152099609375,0.7087458372116089,1.0,0.6221771240234375,,0.0,0.00622944813221693,-0.6221771240234375
image_1659.jpg,train,0.11505889892578125,0.07904354482889175,0.37716326117515564,0.027313232421875,0.7716591954231262,0.07207336276769638,3.836822509765625,,0.0,0.1639290750026703,-3.836822509765625
image_1660.jpg,train,0.07670974731445312,0.051640741527080536,0.3095785677433014,0.02050018310546875,0.7786959409713745,0.035733018070459366,2.8888702392578125,,0.0,0.15958353877067566,-2.8888702392578125
image_1661.jpg,train,0.09151077270507812,0.0674925372004509,0.35579609870910645,0.021129608154296875,0.7669030427932739,0.09300118684768677,1.3751983642578125,,0.0,0.09044010937213898,-1.3751983642578125
image_1662.jpg,train,0.026927947998046875,0.02339467592537403,0.1588740199804306,0.00293731689453125,0.7332376837730408,0.025962399318814278,2.6706695556640625,,0.0,0.02693207934498787,-2.6706695556640625
image_1663.jpg,train,0.06906890869140625,0.05853334069252014,0.3323029577732086,0.0146484375,0.7564129829406738,0.04956655204296112,-0.386810302734375,,0.0,0.1233687475323677,0.386810302734375
image_1664.jpg,train,0.0686492919921875,0.056352805346250534,0.33483096957206726,0.0128631591796875,0.7515361309051514,0.04876575246453285,-0.1556396484375,,0.0,0.11973422765731812,0.1556396484375
image_1665.jpg,train,0.07992172241210938,0.056844376027584076,0.33434629440307617,0.02143096923828125,0.7741772532463074,0.07895438373088837,1.6666412353515625,,0.0,0.08056817948818207,-1.6666412353515625
image_1666.jpg,train,0.09619140625,0.06538865715265274,0.35165315866470337,0.026554107666015625,0.781865119934082,0.0630662590265274,2.83203125,,0.0,0.13478024303913116,-2.83203125
image_1667.jpg,test,0.055572509765625,0.04793962463736534,0.2953253388404846,0.0084381103515625,0.7495649456977844,0.16613022983074188,4.53338623046875,,0.0,0.05205734074115753,-4.53338623046875
image_1668.jpg,train,0.061168670654296875,0.050550684332847595,0.31942155957221985,0.011165618896484375,0.7466291189193726,0.036455124616622925,5.0334930419921875,,0.0,0.06548173725605011,-5.0334930419921875
image_1669.jpg,train,0.075286865234375,0.058875057846307755,0.33988356590270996,0.016571044921875,0.7590612173080444,0.08257263153791428,2.994537353515625,,0.0,0.07252945750951767,-2.994537353515625
image_1670.jpg,train,0.11049652099609375,0.07973776012659073,0.3836267590522766,0.02666473388671875,0.7656196355819702,0.12833701074123383,0.846099853515625,,0.0,0.09872478246688843,-0.846099853515625
image_1671.jpg,train,0.14511489868164062,0.10282383859157562,0.41107428073883057,0.03044891357421875,0.7592333555221558,0.1325741410255432,6.4289093017578125,,0.0,0.15061405301094055,-6.4289093017578125
image_1672.jpg,train,0.0544586181640625,0.03253552317619324,0.2139824777841568,0.0236663818359375,0.8207728266716003,0.02243315801024437,1.421356201171875,,0.0,0.3333580195903778,-1.421356201171875
image_1673.jpg,train,0.039516448974609375,0.03246709704399109,0.22173760831356049,0.0101318359375,0.7718449831008911,0.02251812256872654,0.0125885009765625,,0.0,0.15811575949192047,-0.0125885009765625
image_1674.jpg,train,0.0727386474609375,0.051514506340026855,0.3174317479133606,0.018711090087890625,0.7723028659820557,0.042625792324543,3.032684326171875,,0.0,0.10255067050457001,-3.032684326171875
image_1675.jpg,train,0.010852813720703125,0.015644270926713943,0.07817764580249786,0.00176239013671875,0.7423440217971802,0.11678160727024078,0.8914947509765625,,0.0,0.009966572746634483,-0.8914947509765625
image_1676.jpg,train,0.07376480102539062,0.05520001798868179,0.32634133100509644,0.0239410400390625,0.786453366279602,0.21206611394882202,-3.3908843994140625,,0.0,0.026708384975790977,3.3908843994140625
image_1677.jpg,train,0.079498291015625,0.05740952119231224,0.332807719707489,0.02167510986328125,0.7769749760627747,0.07639928162097931,-0.3875732421875,,0.0,0.0832199901342392,0.3875732421875
image_1678.jpg,val,0.09365081787109375,0.068041130900383,0.35837322473526,0.024669647216796875,0.7726551294326782,0.06123993545770645,1.833343505859375,,0.0,0.14541023969650269,-1.833343505859375
image_1679.jpg,val,0.026035308837890625,0.023814378306269646,0.1476808786392212,0.0063323974609375,0.7597231268882751,0.20031853020191193,1.7398834228515625,,0.0,0.022195536643266678,-1.7398834228515625
image_1680.jpg,train,0.10158538818359375,0.07582032680511475,0.37568986415863037,0.019901275634765625,0.7558650374412537,0.20645518600940704,3.057861328125,,0.0,0.07980595529079437,-3.057861328125
image_1681.jpg,train,0.1132354736328125,0.08294768631458282,0.38439321517944336,0.02947998046875,0.7724013328552246,0.10910530388355255,3.54461669921875,,0.0,0.11552346497774124,-3.54461669921875
image_1682.jpg,train,0.194427490234375,0.119553342461586,0.4219282269477844,0.061370849609375,0.789421796798706,0.2637110948562622,-3.5411834716796875,0.05243445560336113,0.0415802001953125,0.14129140973091125,3.499603271484375
image_1683.jpg,val,0.15772628784179688,0.07785407453775406,0.37703993916511536,0.07000732421875,0.8281846642494202,0.337552547454834,-7.818603515625,0.13947990536689758,0.0446319580078125,0.06157796084880829,7.7739715576171875
image_1684.jpg,train,0.0100860595703125,0.012403411790728569,0.05709876865148544,0.000782012939453125,0.6930409073829651,0.37254902720451355,0.0034332275390625,0.09710225462913513,-0.0698089599609375,0.004968979395925999,0.066375732421875
image_1685.jpg,train,0.011280059814453125,0.01668473891913891,0.09017929434776306,0.00091552734375,0.7050728797912598,0.3684210479259491,0.391387939453125,0.0810718834400177,-0.0011444091796875,0.007948840036988258,-0.3902435302734375
image_1686.jpg,train,0.022197723388671875,0.027196651324629784,0.2107505202293396,0.001804351806640625,0.6921060085296631,0.27710843086242676,0.0141143798828125,0.09288529306650162,-1.175689697265625,0.00636245496571064,1.1615753173828125
image_1687.jpg,val,0.020786285400390625,0.026656977832317352,0.205559641122818,0.001644134521484375,0.6887651681900024,0.38823530077934265,0.0080108642578125,0.08560964465141296,-0.9433746337890625,0.006887523923069239,0.93536376953125
image_1688.jpg,test,0.021488189697265625,0.029527243226766586,0.22523120045661926,0.001689910888671875,0.6895155906677246,0.2838428020477295,0.107574462890625,0.07984782755374908,-0.7396697998046875,0.009121202863752842,0.6320953369140625
image_1689.jpg,train,0.027355194091796875,0.03222896158695221,0.2487223893404007,0.002735137939453125,0.7004562616348267,0.4925816059112549,-0.0316619873046875,0.09939765185117722,-1.2165069580078125,0.009196546860039234,1.2481689453125
image_1690.jpg,train,0.02294158935546875,0.03191228583455086,0.23447448015213013,0.001651763916015625,0.6828891038894653,0.5081967115402222,-0.03509521484375,0.08183058351278305,-0.66070556640625,0.009640799835324287,0.69580078125
image_1691.jpg,train,0.02318572998046875,0.031009666621685028,0.24050317704677582,0.00162506103515625,0.6833650469779968,0.39603960514068604,0.0091552734375,0.07686197757720947,-0.61798095703125,0.010449114255607128,0.60882568359375
image_1692.jpg,train,0.0217437744140625,0.026251275092363358,0.19927269220352173,0.00339508056640625,0.7132595181465149,0.9347471594810486,-0.189208984375,0.0782616138458252,-0.1590728759765625,0.01054151076823473,0.3482818603515625
image_1693.jpg,train,0.0241851806640625,0.02750829979777336,0.2133440375328064,0.004489898681640625,0.7211511731147766,0.9025380611419678,-0.3040313720703125,0.08320815116167068,-0.3070831298828125,0.010492274537682533,0.611114501953125
image_1694.jpg,train,0.034152984619140625,0.03825030475854874,0.27487391233444214,0.00650787353515625,0.72784423828125,0.3872090280056,-1.04522705078125,0.07255467772483826,-0.2979278564453125,0.012667368166148663,1.3431549072265625
image_1695.jpg,train,0.02729034423828125,0.03723219037055969,0.2747560143470764,0.001689910888671875,0.6795951128005981,0.3390663266181946,-0.0152587890625,0.08321154117584229,-1.2973785400390625,0.009199193678796291,1.3126373291015625
image_1696.jpg,train,0.02309417724609375,0.029396701604127884,0.2297496199607849,0.00189208984375,0.6893515586853027,0.4059829115867615,-0.0087738037109375,0.09435766190290451,-1.06201171875,0.007485535927116871,1.0707855224609375
image_1697.jpg,test,0.0193634033203125,0.024571865797042847,0.18989720940589905,0.00164794921875,0.6924178600311279,0.2777777910232544,0.0034332275390625,0.09804290533065796,-0.858306884765625,0.006287462543696165,0.8548736572265625
image_1698.jpg,train,0.02803802490234375,0.031065985560417175,0.23542223870754242,0.003093719482421875,0.7011889815330505,0.3686327040195465,0.30517578125,0.06227421388030052,-0.18310546875,0.01701292023062706,-0.1220703125
image_1699.jpg,train,0.024524688720703125,0.032398685812950134,0.24152591824531555,0.002185821533203125,0.6956490278244019,0.2142857164144516,0.373077392578125,0.07270916551351547,-0.7823944091796875,0.01263242494314909,0.4093170166015625
image_1700.jpg,train,0.11782455444335938,0.08557277172803879,0.39281579852104187,0.02459716796875,0.759633481502533,0.055916398763656616,7.33642578125,0.11538461595773697,0.0057220458984375,0.15850843489170074,-7.3421478271484375
image_1701.jpg,train,0.09417343139648438,0.07408319413661957,0.3788353502750397,0.020549774169921875,0.7570247054100037,0.2854503393173218,-0.8373260498046875,,0.0,0.052293114364147186,0.8373260498046875
image_1702.jpg,val,0.13779449462890625,0.09645045548677444,0.4092239737510681,0.030590057373046875,0.7572386860847473,0.358336478471756,-0.682830810546875,,0.0,0.08203819394111633,0.682830810546875
image_1703.jpg,test,0.06859207153320312,0.05871807783842087,0.345571368932724,0.016876220703125,0.7558064460754395,0.22110296785831451,-0.7602691650390625,,0.0,0.0368429534137249,0.7602691650390625
image_1704.jpg,train,0.08628463745117188,0.05422268062829971,0.3234591782093048,0.032482147216796875,0.8031811118125916,0.0327216200530529,3.6495208740234375,,0.0,0.25665029883384705,-3.6495208740234375
image_1705.jpg,val,0.1156463623046875,0.0838099867105484,0.3907502591609955,0.0235748291015625,0.7565488219261169,0.15299585461616516,2.398681640625,,0.0,0.09967377781867981,-2.398681640625
image_1706.jpg,train,0.027317047119140625,0.03348992392420769,0.22819776833057404,0.00226593017578125,0.7103771567344666,0.15419600903987885,1.9298553466796875,,0.0,0.023930003866553307,-1.9298553466796875
image_1707.jpg,train,0.0206298828125,0.02166750654578209,0.13434970378875732,0.00321197509765625,0.7472317218780518,0.1726432591676712,0.994110107421875,,0.0,0.015773789957165718,-0.994110107421875
image_1708.jpg,train,0.14854049682617188,0.11566194891929626,0.4229498505592346,0.027896881103515625,0.7487583756446838,0.14940263330936432,3.6914825439453125,,0.0,0.14802636206150055,-3.6914825439453125
image_1709.jpg,train,0.02466583251953125,0.03064587339758873,0.20831993222236633,0.0005645751953125,0.6915634870529175,0.09197475016117096,2.388763427734375,,0.0,0.024379871785640717,-2.388763427734375
image_1710.jpg,train,0.022426605224609375,0.02563103288412094,0.15626071393489838,0.0071563720703125,0.7770556211471558,0.7839347124099731,-0.5420684814453125,,0.0,0.008656714111566544,0.5420684814453125
image_1711.jpg,train,0.039890289306640625,0.041674405336380005,0.2760944366455078,0.006336212158203125,0.7297127842903137,0.09544070810079575,1.5247344970703125,,0.0,0.03165557608008385,-1.5247344970703125
image_1712.jpg,train,0.07522201538085938,0.059923190623521805,0.34156182408332825,0.0145111083984375,0.7539533972740173,0.10136361420154572,2.7072906494140625,,0.0,0.06707923859357834,-2.7072906494140625
image_1713.jpg,train,0.06002044677734375,0.036720797419548035,0.2614061236381531,0.02028656005859375,0.7936669588088989,0.04742377996444702,-1.11846923828125,,0.0,0.09795849770307541,1.11846923828125
image_1714.jpg,train,0.0617523193359375,0.056679777801036835,0.331618994474411,0.012493133544921875,0.7477741837501526,0.16407346725463867,-0.687408447265625,,0.0,0.034694988280534744,0.687408447265625
image_1715.jpg,train,0.11045074462890625,0.07198198139667511,0.37374043464660645,0.023845672607421875,0.7641866207122803,0.0642789676785469,3.67431640625,,0.0,0.17249611020088196,-3.67431640625
image_1716.jpg,val,0.13807296752929688,0.09795067459344864,0.41090378165245056,0.027011871337890625,0.7534953951835632,0.18377470970153809,7.8723907470703125,,0.0,0.12927234172821045,-7.8723907470703125
image_1717.jpg,train,0.07445907592773438,0.05880901217460632,0.3451593220233917,0.017215728759765625,0.7584244608879089,0.054961588233709335,-0.6923675537109375,,0.0,0.1300559788942337,0.6923675537109375
image_1718.jpg,train,0.028049468994140625,0.0189970750361681,0.12528425455093384,0.00894927978515625,0.7851223945617676,0.01824406161904335,-0.5535125732421875,,0.0,0.1414669156074524,0.5535125732421875
image_1719.jpg,test,0.07879257202148438,0.06780137121677399,0.38523173332214355,0.0126953125,0.7192896008491516,0.055807556957006454,-1.2844085693359375,0.054260846227407455,0.50048828125,0.22027333080768585,0.7839202880859375
image_1720.jpg,train,0.10241317749023438,0.10289523005485535,0.4465849995613098,0.00977325439453125,0.6739703416824341,0.19374075531959534,1.7520904541015625,0.01415181439369917,4.1126251220703125,0.3617095649242401,-5.864715576171875
image_1721.jpg,train,0.07909774780273438,0.08091267943382263,0.4195891320705414,0.005523681640625,0.6663698554039001,0.2145175188779831,1.0173797607421875,0.006699011195451021,4.116058349609375,0.4568624496459961,-5.1334381103515625
image_1722.jpg,train,0.07545852661132812,0.08927908539772034,0.4265170693397522,0.00494384765625,0.6602327227592468,0.07441310584545135,0.894927978515625,0.022668631747364998,1.624298095703125,0.29100462794303894,-2.51922607421875
image_1723.jpg,test,0.06859207153320312,0.07102495431900024,0.3985942602157593,0.009494781494140625,0.6884821653366089,0.05290471762418747,1.464080810546875,0.018598735332489014,1.299285888671875,0.4295033812522888,-2.76336669921875
image_1724.jpg,train,0.11133575439453125,0.11361965537071228,0.4499984085559845,0.0069122314453125,0.6711428165435791,0.28020215034484863,1.700592041015625,0.015091870911419392,4.07257080078125,0.28451141715049744,-5.773162841796875
image_1725.jpg,val,0.06490325927734375,0.08925902843475342,0.434226393699646,0.00209808349609375,0.6264004111289978,0.37492653727531433,-1.5380859375,0.01796567626297474,1.850128173828125,0.1910078078508377,-0.312042236328125
image_1726.jpg,train,0.04839324951171875,0.07508312165737152,0.40915578603744507,0.0009002685546875,0.6151085495948792,0.29117393493652344,-1.6956329345703125,0.012837651185691357,1.371002197265625,0.1575280725955963,0.3246307373046875
image_1727.jpg,train,0.09358596801757812,0.10647116601467133,0.45044049620628357,0.006755828857421875,0.6597395539283752,0.17970550060272217,2.217864990234375,0.019673114642500877,2.457427978515625,0.2796567976474762,-4.67529296875
image_1728.jpg,val,0.12697982788085938,0.08562056720256805,0.4222954511642456,0.03267669677734375,0.7454385757446289,0.13195690512657166,-3.85284423828125,0.039511509239673615,2.850341796875,0.39140599966049194,1.00250244140625
image_1729.jpg,train,0.09709930419921875,0.09278026223182678,0.43592268228530884,0.014598846435546875,0.6955916881561279,0.14602512121200562,-0.4352569580078125,0.025660386309027672,1.3866424560546875,0.34921982884407043,-0.951385498046875
image_1730.jpg,val,0.09765243530273438,0.07660984247922897,0.411129891872406,0.018222808837890625,0.7166341543197632,0.07612017542123795,2.6092529296875,0.014162629842758179,2.56500244140625,0.5633771419525146,-5.17425537109375
image_1731.jpg,train,0.036380767822265625,0.02898033708333969,0.21421131491661072,0.009204864501953125,0.7648960947990417,0.01561269722878933,1.2477874755859375,,0.0,0.10417412221431732,-1.2477874755859375
image_1732.jpg,test,0.101715087890625,0.06045043095946312,0.343811571598053,0.0403289794921875,0.8107707500457764,0.11204444617033005,-2.6611328125,,0.0,0.08787324279546738,2.6611328125
image_1733.jpg,train,0.038494110107421875,0.02324712835252285,0.16494742035865784,0.015956878662109375,0.8134790062904358,0.017360402271151543,0.8678436279296875,,0.0,0.16695469617843628,-0.8678436279296875
image_1734.jpg,train,0.07466888427734375,0.049062419682741165,0.3092030882835388,0.023681640625,0.7898396849632263,0.047576505690813065,0.43792724609375,,0.0,0.1512598842382431,-0.43792724609375
image_1735.jpg,train,0.06301116943359375,0.04317484796047211,0.28689807653427124,0.019840240478515625,0.7846745252609253,0.04130974039435387,0.521087646484375,,0.0,0.11355064809322357,-0.521087646484375
image_1736.jpg,train,0.09688949584960938,0.06507749855518341,0.3567703366279602,0.02826690673828125,0.7808098196983337,0.06661288440227509,1.0585784912109375,,0.0,0.1525772511959076,-1.0585784912109375
image_1737.jpg,train,0.012783050537109375,0.005744358524680138,0.007217735052108765,0.006771087646484375,0.8490127325057983,0.0030324060935527086,0.6916046142578125,,0.0,0.30198830366134644,-0.6916046142578125
image_1738.jpg,train,0.021114349365234375,0.010669484734535217,0.04209467023611069,0.009181976318359375,0.821707010269165,0.008815677836537361,0.4283905029296875,,0.0,0.2795599699020386,-0.4283905029296875
image_1739.jpg,val,0.045627593994140625,0.032760702073574066,0.23501470685005188,0.013713836669921875,0.7821162939071655,0.027844533324241638,-0.2902984619140625,,0.0,0.16618689894676208,0.2902984619140625
image_1740.jpg,train,0.04302215576171875,0.019256792962551117,0.13232731819152832,0.0204925537109375,0.8360702991485596,0.012581756338477135,2.01416015625,,0.0,0.348105788230896,-2.01416015625
image_1741.jpg,val,0.10867691040039062,0.06292389333248138,0.35917508602142334,0.03986358642578125,0.8008867502212524,0.3602774739265442,-4.5467376708984375,,0.0,0.040205761790275574,4.5467376708984375
image_1742.jpg,test,0.08783721923828125,0.06592550873756409,0.37312576174736023,0.021175384521484375,0.7548863291740417,0.07553409785032272,-1.3912200927734375,0.07256980985403061,-0.1007080078125,0.12089034914970398,1.4919281005859375
image_1743.jpg,train,0.06615829467773438,0.10317391157150269,0.4428582489490509,0.00124359130859375,0.6252703070640564,0.03491172939538956,1.5380859375,0.04696568101644516,-1.163482666015625,0.1841113567352295,-0.374603271484375
image_1744.jpg,train,0.06573867797851562,0.10205584764480591,0.435060977935791,0.004383087158203125,0.6433175802230835,0.19807736575603485,0.1941680908203125,0.031395431607961655,-0.84686279296875,0.1207304447889328,0.6526947021484375
image_1745.jpg,train,0.040309906005859375,0.02445090189576149,0.179034024477005,0.012725830078125,0.7888924479484558,0.023475104942917824,-0.2330780029296875,,0.0,0.20688222348690033,0.2330780029296875
image_1746.jpg,train,0.04496002197265625,0.02706667222082615,0.20080791413784027,0.014617919921875,0.7945218086242676,0.021771622821688652,0.650787353515625,,0.0,0.2200978845357895,-0.650787353515625
image_1747.jpg,train,0.01891326904296875,0.011308185756206512,0.04842560365796089,0.00658416748046875,0.7972390055656433,0.007594016380608082,0.424957275390625,,0.0,0.3354696035385132,-0.424957275390625
image_1748.jpg,test,0.004138946533203125,0.0026579205878078938,0.00028626248240470886,0.001422882080078125,0.7903656363487244,0.0016534288879483938,0.0873565673828125,,0.0,0.19981752336025238,-0.0873565673828125
image_1749.jpg,train,0.001628875732421875,0.0012436261167749763,2.0623207092285156e-05,0.000377655029296875,0.7523500323295593,0.0006394253578037024,0.0354766845703125,,0.0,0.2674897015094757,-0.0354766845703125
image_1750.jpg,train,0.001796722412109375,0.0011087337043136358,6.29425048828125e-05,0.000614166259765625,0.7935066819190979,0.0006394375814124942,0.0522613525390625,,0.0,0.31115660071372986,-0.0522613525390625
image_1751.jpg,train,0.00151824951171875,0.0014319632900878787,0.00016045570373535156,0.0004425048828125,0.7718698978424072,0.0006140549667179585,0.029754638671875,,0.0,0.1505376398563385,-0.029754638671875
image_1752.jpg,train,0.00579071044921875,0.0036172184627503157,0.0010269954800605774,0.00197601318359375,0.7932506203651428,0.0021374376956373453,0.15716552734375,,0.0,0.28191643953323364,-0.15716552734375
image_1753.jpg,train,0.022556304931640625,0.018142420798540115,0.11222686618566513,0.00605010986328125,0.7676885724067688,0.014161759987473488,-0.4016876220703125,,0.0,0.15000000596046448,0.4016876220703125
image_1754.jpg,train,0.043964385986328125,0.028237970545887947,0.21634700894355774,0.014125823974609375,0.7886515259742737,0.010371910408139229,2.5234222412109375,,0.0,0.35642707347869873,-2.5234222412109375
image_1755.jpg,train,0.0722503662109375,0.04005586355924606,0.2802571654319763,0.02603912353515625,0.8031437397003174,0.023464219644665718,3.28369140625,,0.0,0.32811644673347473,-3.28369140625
image_1756.jpg,train,0.024169921875,0.016913441941142082,0.11035601794719696,0.006694793701171875,0.7780893445014954,0.00931448582559824,0.658416748046875,,0.0,0.27459126710891724,-0.658416748046875
image_1757.jpg,train,0.0373077392578125,0.028641780838370323,0.2140919268131256,0.010162353515625,0.7690198421478271,0.022522274404764175,-0.30975341796875,,0.0,0.16608022153377533,0.30975341796875
image_1758.jpg,test,0.025054931640625,0.014588345773518085,0.0844559520483017,0.008350372314453125,0.7954922914505005,0.007455776445567608,1.092529296875,,0.0,0.34308162331581116,-1.092529296875
image_1759.jpg,train,0.020023345947265625,0.012507949024438858,0.06289361417293549,0.007167816162109375,0.8005917072296143,0.008603776805102825,0.3528594970703125,,0.0,0.28428032994270325,-0.3528594970703125
image_1760.jpg,train,0.0217132568359375,0.011279840022325516,0.046436622738838196,0.009082794189453125,0.8184480667114258,0.005103692412376404,1.197052001953125,,0.0,0.36998239159584045,-1.197052001953125
image_1761.jpg,test,0.1096954345703125,0.08334237337112427,0.424380362033844,0.02874755859375,0.7351553440093994,0.3451119363307953,-1.64031982421875,0.01572287641465664,3.76739501953125,0.3874889314174652,-2.1270751953125
image_1762.jpg,train,0.062896728515625,0.07339539378881454,0.4020066261291504,0.006061553955078125,0.6666336059570312,0.2632668912410736,0.0209808349609375,0.011311793699860573,1.8604278564453125,0.3043591380119324,-1.88140869140625
image_1763.jpg,train,0.026714324951171875,0.04648790508508682,0.2987147569656372,0.000743865966796875,0.6370636224746704,0.3637896776199341,-0.595855712890625,0.008964021690189838,0.571441650390625,0.13127614557743073,0.0244140625
image_1764.jpg,train,0.000247955322265625,0.0008378129568882287,0.00021713972091674805,0.0,0.6167783141136169,1.0,0.0125885009765625,0.05999999865889549,0.00762939453125,0.00022511265706270933,-0.0202178955078125
image_1765.jpg,train,4.9591064453125e-05,7.704150630161166e-05,0.0001627020537853241,2.6702880859375e-05,0.8612015247344971,1.0,-0.0003814697265625,0.5,-0.00457763671875,0.0,0.0049591064453125
image_1766.jpg,train,0.000469207763671875,0.0012822503922507167,0.0012686662375926971,7.62939453125e-06,0.6620293855667114,1.0,0.043487548828125,1.0,-0.0019073486328125,0.00044251669896766543,-0.0415802001953125
image_1767.jpg,train,0.005870819091796875,0.006610921584069729,0.005848687142133713,0.00064849853515625,0.7116915583610535,0.6000000238418579,0.0102996826171875,0.11234487593173981,0.180816650390625,0.003960457630455494,-0.1911163330078125
image_1768.jpg,train,0.002490997314453125,0.005154086742550135,0.012983918190002441,0.000263214111328125,0.7015172243118286,0.8333333134651184,-0.0019073486328125,0.09817131608724594,0.009918212890625,0.00130108289886266,-0.0080108642578125
image_1769.jpg,train,0.0,0.0002482128911651671,0.0007398724555969238,0.0,,,0.0,,0.0,0.0,0.0
image_1770.jpg,val,7.62939453125e-06,0.0002651317336130887,0.0011163167655467987,0.0,0.7845441102981567,1.0,-0.000762939453125,,0.0,0.0,0.000762939453125
image_1771.jpg,train,0.00051116943359375,0.00031365687027573586,5.364418029785156e-06,0.000209808349609375,0.825911283493042,0.00011459610686870292,0.028228759765625,,0.0,0.29295775294303894,-0.028228759765625
image_1772.jpg,val,0.0,6.732643669238314e-07,0.0,0.0,,0.0,0.0,,0.0,,0.0
image_1773.jpg,val,4.57763671875e-05,4.2017859414045233e-07,0.0,4.57763671875e-05,0.996067225933075,0.0,0.00457763671875,,0.0,1.0,-0.00457763671875
image_1774.jpg,train,0.0,2.648437202878995e-07,0.0,0.0,,0.0,0.0,,0.0,,0.0
image_1775.jpg,train,0.000133514404296875,5.2134564612060785e-06,0.0,0.0001220703125,0.9813126921653748,0.0,0.0133514404296875,,0.0,0.9459459185600281,-0.0133514404296875
image_1776.jpg,train,4.57763671875e-05,6.871192454127595e-06,0.0,4.1961669921875e-05,0.9677600860595703,0.0,0.00457763671875,,0.0,0.800000011920929,-0.00457763671875
image_1777.jpg,train,0.0,2.200686139985919e-07,0.0,0.0,,0.0,0.0,,0.0,,0.0
image_1778.jpg,val,1.1444091796875e-05,2.696087449294282e-06,1.1920928955078125e-07,1.1444091796875e-05,0.9999938011169434,0.0,0.0011444091796875,,0.0,1.0,-0.0011444091796875
image_1779.jpg,train,0.000545501708984375,9.876316471491009e-05,2.384185791015625e-07,0.000415802001953125,0.922225832939148,2.2908981918590143e-05,0.0499725341796875,,0.0,0.575630247592926,-0.0499725341796875
image_1780.jpg,train,6.103515625e-05,2.702520214370452e-05,1.1920928955078125e-07,4.1961669921875e-05,0.892630934715271,3.8154685171321034e-06,0.005340576171875,,0.0,0.2830188572406769,-0.005340576171875
image_1781.jpg,train,0.000141143798828125,4.0627446651342325e-07,0.0,0.000141143798828125,0.9998637437820435,0.0,0.0141143798828125,,0.0,1.0,-0.0141143798828125
image_1782.jpg,val,5.340576171875e-05,4.795624136022525e-06,3.5762786865234375e-07,4.57763671875e-05,0.9732339978218079,0.0,0.005340576171875,,0.0,1.0,-0.005340576171875
image_1783.jpg,train,7.62939453125e-06,2.0310319541749777e-06,1.1920928955078125e-06,7.62939453125e-06,0.9977164268493652,0.0,0.000762939453125,,0.0,1.0,-0.000762939453125
image_1784.jpg,test,0.0,1.2780560609826352e-07,0.0,0.0,,0.0,0.0,,0.0,,0.0
image_1785.jpg,val,0.0,1.8688347154238727e-06,2.384185791015625e-07,0.0,,0.0,0.0,,0.0,,0.0
image_1786.jpg,train,0.000213623046875,8.844924013828859e-05,3.5762786865234375e-07,0.000156402587890625,0.9152942299842834,5.7237488363170996e-05,0.009918212890625,,0.0,0.5256410241127014,-0.009918212890625
image_1787.jpg,train,0.00473785400390625,0.003400747664272785,0.0010134577751159668,0.00142669677734375,0.7745949029922485,0.0023085891734808683,0.0171661376953125,0.0,0.0049591064453125,0.1347193419933319,-0.022125244140625
image_1788.jpg,train,0.003360748291015625,0.0022353259846568108,0.00020378828048706055,0.000972747802734375,0.7757571935653687,0.001538656884804368,0.019073486328125,0.0642458125948906,0.0080108642578125,0.2517867088317871,-0.0270843505859375
image_1789.jpg,train,0.005664825439453125,0.004160026088356972,0.0024433843791484833,0.001697540283203125,0.7745829820632935,0.002706959843635559,0.0274658203125,0.04806629940867424,0.011444091796875,0.21808014810085297,-0.038909912109375
image_1790.jpg,train,0.002498626708984375,0.0015654151793569326,0.003018803894519806,0.00228118896484375,0.9596989154815674,0.9983305335044861,-0.2063751220703125,,0.0,0.00021793572523165494,0.2063751220703125
image_1791.jpg,train,0.002620697021484375,0.0023740893229842186,0.0026122815907001495,0.00031280517578125,0.7582014799118042,0.16457286477088928,0.1621246337890625,,0.0,0.0021274315658956766,-0.1621246337890625
image_1792.jpg,train,0.044887542724609375,0.026966281235218048,0.20334264636039734,0.014171600341796875,0.7901954650878906,0.28919926285743713,-1.4987945556640625,,0.0,0.016676098108291626,1.4987945556640625
image_1793.jpg,train,0.017303466796875,0.008609863929450512,0.033010464161634445,0.007244110107421875,0.8248735070228577,0.5842909216880798,-1.334381103515625,,0.0,0.0020331493578851223,1.334381103515625
image_1794.jpg,train,7.62939453125e-06,0.00017270026728510857,0.0006085634231567383,0.0,0.8777682781219482,1.0,-0.000762939453125,,0.0,0.0,0.000762939453125
image_1795.jpg,train,0.00159454345703125,0.002276538871228695,0.0015003494918346405,3.4332275390625e-05,0.6570269465446472,0.1428571492433548,0.1506805419921875,0.19811320304870605,-0.0080108642578125,0.0015112715773284435,-0.142669677734375
image_1796.jpg,train,0.01717376708984375,0.011685460805892944,0.05029746890068054,0.005542755126953125,0.7831071615219116,0.11979788541793823,0.722503662109375,,0.0,0.01272790227085352,-0.722503662109375
image_1797.jpg,train,0.047199249267578125,0.025675108656287193,0.1812017261981964,0.016986846923828125,0.8094947338104248,0.0646996721625328,-0.1903533935546875,,0.0,0.03649742901325226,0.1903533935546875
image_1798.jpg,val,0.03022003173828125,0.014092102646827698,0.0712512880563736,0.01496124267578125,0.8421145081520081,0.4852410554885864,-1.493072509765625,,0.0,0.008017667569220066,1.493072509765625
image_1799.jpg,train,0.00390625,0.003329397179186344,0.007048200815916061,0.00186920166015625,0.8184905052185059,0.5784996151924133,-0.1800537109375,,0.0,0.0010580753441900015,0.1800537109375
image_1800.jpg,train,0.007312774658203125,0.005391227081418037,0.0079819206148386,0.0023956298828125,0.7861721515655518,0.42317596077919006,-0.3971099853515625,,0.0,0.0016934146406129003,0.3971099853515625
image_1801.jpg,train,0.00231170654296875,0.0023480993695557117,0.0023864954710006714,0.0,0.6641178131103516,0.0,0.231170654296875,,0.0,0.0023117330856621265,-0.231170654296875
image_1802.jpg,train,0.006649017333984375,0.005238245241343975,0.009720912203192711,0.00168609619140625,0.769040048122406,0.2934386432170868,0.2964019775390625,,0.0,0.004836889449506998,-0.2964019775390625
image_1803.jpg,val,0.00881195068359375,0.0026280470192432404,0.004940629005432129,0.006542205810546875,0.9058976769447327,0.8157998919487,-0.6866455078125,,0.0,0.0009821858257055283,0.6866455078125
image_1804.jpg,train,0.00011444091796875,0.0008405057014897466,0.0011181049048900604,0.0,0.5499444007873535,,0.011444091796875,,0.0,0.00011444091796875,-0.011444091796875
image_1805.jpg,train,0.00284576416015625,0.003203107975423336,0.005477204918861389,0.000621795654296875,0.7523430585861206,0.30681052803993225,-0.06256103515625,,0.0,0.001116392551921308,0.06256103515625
image_1806.jpg,train,0.00655364990234375,0.010106869973242283,0.04445822164416313,0.000865936279296875,0.718099057674408,0.2161315530538559,0.234222412109375,,0.0,0.004491698462516069,-0.234222412109375
image_1807.jpg,val,0.08123016357421875,0.046642668545246124,0.30032220482826233,0.026519775390625,0.7959367632865906,0.0374838151037693,2.04925537109375,,0.0,0.26795151829719543,-2.04925537109375
image_1808.jpg,train,0.00267791748046875,0.0017505165887996554,0.0025400519371032715,0.0014190673828125,0.8413520455360413,1.0,0.264739990234375,,0.0,0.0026626994367688894,-0.264739990234375
image_1809.jpg,train,0.008716583251953125,0.007411298342049122,0.02198454923927784,0.0033416748046875,0.7893359661102295,0.3431260585784912,-0.0461578369140625,,0.0,0.004183453507721424,0.0461578369140625
image_1810.jpg,train,0.0024871826171875,0.0004143754777032882,1.3470649719238281e-05,0.002086639404296875,0.9495074152946472,0.0001569426094647497,0.217437744140625,,0.0,0.6773836016654968,-0.217437744140625
image_1811.jpg,train,0.001567840576171875,0.0003141639463137835,5.9604644775390625e-06,0.0010833740234375,0.9051084518432617,0.00016052284627221525,0.1247406005859375,,0.0,0.7394789457321167,-0.1247406005859375
image_1812.jpg,train,0.001850128173828125,0.0006177822942845523,3.6954879760742188e-06,0.001049041748046875,0.8558549880981445,0.001850128173828125,-0.1850128173828125,,0.0,,0.1850128173828125
image_1813.jpg,train,0.0,3.5323535030329367e-06,1.1920928955078125e-06,0.0,,0.0,0.0,,0.0,,0.0
image_1814.jpg,train,0.00095367431640625,0.00019656476797536016,1.1920928955078125e-07,0.000743865966796875,0.9247270226478577,0.00013752951053902507,0.067901611328125,,0.0,0.5602094531059265,-0.067901611328125
image_1815.jpg,train,0.007427215576171875,0.0031861942261457443,0.000374380499124527,0.003833770751953125,0.8449189066886902,0.0028815080877393484,0.1773834228515625,,0.0,0.24182875454425812,-0.1773834228515625
image_1816.jpg,train,0.000873565673828125,0.0002689010580070317,2.384185791015625e-07,0.000560760498046875,0.8904340267181396,0.00021397648379206657,0.0446319580078125,,0.0,0.3995380997657776,-0.0446319580078125
image_1817.jpg,train,0.001201629638671875,0.0004172830667812377,1.6689300537109375e-06,0.000659942626953125,0.864687979221344,0.0008829060243442655,-0.0560760498046875,,0.0,0.16535432636737823,0.0560760498046875
image_1818.jpg,train,0.001483917236328125,0.0006193476729094982,1.5497207641601562e-06,0.000782012939453125,0.8494101166725159,0.00023402401711791754,0.1018524169921875,,0.0,0.22057834267616272,-0.1018524169921875
image_1819.jpg,train,0.00093841552734375,0.000174898246768862,2.384185791015625e-07,0.000698089599609375,0.915614664554596,6.116091390140355e-05,0.081634521484375,,0.0,0.426716148853302,-0.081634521484375
image_1820.jpg,train,0.046630859375,0.029809189960360527,0.2263478934764862,0.01262664794921875,0.7795239090919495,0.031704798340797424,-0.914764404296875,,0.0,0.1557309478521347,0.914764404296875
image_1821.jpg,train,0.02387237548828125,0.016143079847097397,0.10158828645944595,0.0070343017578125,0.7802200317382812,0.013441966846585274,-0.128936767578125,,0.0,0.17626391351222992,0.128936767578125
image_1822.jpg,train,0.0355377197265625,0.0278702974319458,0.20152145624160767,0.006969451904296875,0.7657904624938965,0.1380060762166977,0.7476806640625,,0.0,0.023941263556480408,-0.7476806640625
image_1823.jpg,train,0.0048675537109375,0.002714533358812332,0.003492835909128189,0.00263214111328125,0.8585966229438782,,0.48675537109375,,0.0,0.0048675537109375,-0.48675537109375
image_1824.jpg,val,3.814697265625e-06,0.00015576378791593015,0.0006787590682506561,0.0,0.8298107385635376,1.0,-0.0003814697265625,,0.0,0.0,0.0003814697265625
image_1825.jpg,val,0.009693145751953125,0.00015576378791593015,0.0006787590682506561,0.009693145751953125,0.9975682497024536,1.0,-0.9693145751953125,,0.0,0.0,0.9693145751953125
image_1826.jpg,train,0.00733184814453125,0.006730269640684128,0.010364878922700882,0.00144195556640625,0.755176305770874,0.265707790851593,-0.0701904296875,,0.0,0.0033658556640148163,0.0701904296875
image_1827.jpg,train,0.054088592529296875,0.03889916464686394,0.27714672684669495,0.015411376953125,0.7757188677787781,0.05457531288266182,-0.6511688232421875,,0.0,0.053481072187423706,0.6511688232421875
image_1828.jpg,train,0.000720977783203125,0.00016229460015892982,2.2649765014648438e-06,0.00048828125,0.9102843999862671,0.00023289909586310387,0.0255584716796875,,0.0,0.5614035129547119,-0.0255584716796875
image_1829.jpg,train,0.002323150634765625,0.000536321138497442,1.0728836059570312e-06,0.001926422119140625,0.9407786726951599,0.00026789747062139213,0.1789093017578125,,0.0,0.6341176629066467,-0.1789093017578125
image_1830.jpg,train,0.0016632080078125,0.0008741471101529896,1.2159347534179688e-05,0.00067138671875,0.8138971924781799,0.0009011945803649724,-0.012969970703125,0.048513300716876984,0.02593994140625,0.22972972691059113,-0.012969970703125
image_1831.jpg,test,0.00553131103515625,0.004214578308165073,0.0015761293470859528,0.001728057861328125,0.7739291787147522,0.0030234900768846273,-0.041961669921875,,0.0,0.1609029769897461,0.041961669921875
image_1832.jpg,train,0.06632614135742188,0.041476160287857056,0.2835678458213806,0.023136138916015625,0.7981333136558533,0.03697485104203224,0.2986907958984375,,0.0,0.24153882265090942,-0.2986907958984375
image_1833.jpg,train,0.06409072875976562,0.041476160287857056,0.2835678458213806,0.0215301513671875,0.7928475141525269,0.025163620710372925,2.1938323974609375,,0.0,0.2648129463195801,-2.1938323974609375
image_1834.jpg,train,0.000492095947265625,0.0002474542416166514,7.748603820800781e-06,0.000316619873046875,0.8893906474113464,0.00019084260566160083,0.0110626220703125,,0.0,0.5337837934494019,-0.0110626220703125
image_1835.jpg,val,4.9591064453125e-05,1.7557475075591356e-05,2.0265579223632812e-06,4.9591064453125e-05,0.9809620380401611,0.0,0.0049591064453125,,0.0,1.0,-0.0049591064453125
image_1836.jpg,train,0.0002593994140625,7.90440826676786e-05,2.0265579223632812e-06,0.00017547607421875,0.9023695588111877,6.486321217380464e-05,0.012969970703125,,0.0,0.9444444179534912,-0.012969970703125
image_1837.jpg,val,0.00030517578125,0.00023175973910838366,6.318092346191406e-06,8.7738037109375e-05,0.7994744777679443,0.00015261175576597452,0.0,,0.0,0.9756097793579102,0.0
image_1838.jpg,test,0.006977081298828125,0.005225413478910923,0.006974723190069199,0.00215911865234375,0.7776187062263489,0.004322906956076622,-0.1476287841796875,,0.0,0.1235646978020668,0.1476287841796875
image_1839.jpg,train,0.002452850341796875,0.0012311915634199977,4.017353057861328e-05,0.001010894775390625,0.8206707239151001,0.0007449161494150758,0.0972747802734375,,0.0,0.2622663676738739,-0.0972747802734375
image_1840.jpg,train,5.340576171875e-05,4.238346082274802e-05,2.2649765014648438e-06,1.9073486328125e-05,0.8482980132102966,3.433620440773666e-05,-0.00152587890625,,0.0,0.1666666716337204,0.00152587890625
image_1841.jpg,val,0.00290679931640625,0.0015019929269328713,2.5033950805664062e-05,0.00115203857421875,0.8053279519081116,0.001311550848186016,0.029754638671875,,0.0,0.3034681975841522,-0.029754638671875
image_1842.jpg,train,3.814697265625e-06,0.00018051557708531618,0.00030684471130371094,0.0,0.5081708431243896,,0.0003814697265625,,0.0,3.814697265625e-06,-0.0003814697265625
image_1843.jpg,train,0.00014495849609375,0.003989968448877335,0.010305406525731087,0.0,0.5391824841499329,0.5,0.01373291015625,,0.0,0.0001411448756698519,-0.01373291015625
image_1844.jpg,train,0.00146484375,0.005934973247349262,0.020151780918240547,0.0,0.6699535250663757,,0.146484375,,0.0,0.00146484375,-0.146484375
image_1845.jpg,train,0.0163726806640625,0.019318053498864174,0.11513134837150574,0.000152587890625,0.6860357522964478,,1.63726806640625,,0.0,0.0163726806640625,-1.63726806640625
image_1846.jpg,test,0.00048828125,0.0003306227154098451,3.6835670471191406e-05,0.000179290771484375,0.8021503686904907,0.0002481086412444711,-0.000762939453125,,0.0,0.3888888955116272,0.000762939453125
image_1847.jpg,train,0.0004425048828125,0.0003613009175751358,5.841255187988281e-06,0.0001678466796875,0.8066005110740662,0.0002788430720102042,-0.0141143798828125,0.0,0.005340576171875,0.12835821509361267,0.0087738037109375
image_1848.jpg,train,0.000885009765625,0.0004100928781554103,3.814697265625e-06,0.0004119873046875,0.8454005718231201,0.0008434373885393143,-0.080108642578125,,0.0,0.09090909361839294,0.080108642578125
image_1849.jpg,test,0.000949859619140625,0.00018324660777579993,1.0609626770019531e-05,0.000766754150390625,0.9408887624740601,7.2557020757813e-05,0.0804901123046875,,0.0,0.8185053467750549,-0.0804901123046875
image_1850.jpg,train,0.000774383544921875,0.00030976830748841166,7.3909759521484375e-06,0.000476837158203125,0.874313473701477,0.000145123471156694,0.0484466552734375,,0.0,0.5536912679672241,-0.0484466552734375
image_1851.jpg,test,0.000110626220703125,0.00013745733303949237,2.9802322387695312e-06,3.814697265625e-06,0.6714324355125427,0.000110626220703125,-0.0110626220703125,,0.0,,0.0110626220703125
image_1852.jpg,train,1.9073486328125e-05,3.4525757655501366e-05,9.5367431640625e-07,0.0,0.6647900938987732,1.9073486328125e-05,-0.0019073486328125,,0.0,,0.0019073486328125
image_1853.jpg,train,0.055145263671875,0.04887322336435318,0.32272279262542725,0.009586334228515625,0.7344352006912231,0.2534158527851105,0.85906982421875,,0.0,0.035091254860162735,-0.85906982421875
image_1854.jpg,train,0.026165008544921875,0.018659166991710663,0.099351666867733,0.007556915283203125,0.7816469073295593,0.7925641536712646,0.5672454833984375,,0.0,0.016127225011587143,-0.5672454833984375
image_1855.jpg,val,0.012554168701171875,0.01357986405491829,0.06376855075359344,0.003223419189453125,0.7593065500259399,0.2050919383764267,0.5916595458984375,,0.0,0.009387286379933357,-0.5916595458984375
image_1856.jpg,train,0.00203704833984375,0.011808345094323158,0.05564676225185394,0.0,0.5977486371994019,,0.203704833984375,,0.0,0.00203704833984375,-0.203704833984375
image_1857.jpg,train,0.00786590576171875,0.010847581550478935,0.039724431931972504,0.00020599365234375,0.701422393321991,,0.786590576171875,,0.0,0.00786590576171875,-0.786590576171875
image_1858.jpg,train,0.00418853759765625,0.010044236667454243,0.02883329428732395,7.62939453125e-06,0.6497067809104919,,0.418853759765625,,0.0,0.00418853759765625,-0.418853759765625
image_1859.jpg,train,0.02181243896484375,0.028451312333345413,0.20144155621528625,0.000705718994140625,0.6872396469116211,,2.181243896484375,,0.0,0.02181243896484375,-2.181243896484375
image_1860.jpg,val,0.04241180419921875,0.028572767972946167,0.1936396360397339,0.010921478271484375,0.777256429195404,0.2666666805744171,3.664398193359375,,0.0,0.03996004909276962,-3.664398193359375
image_1861.jpg,train,0.012889862060546875,0.01908690854907036,0.10415331274271011,0.00140380859375,0.7085292935371399,0.1289370059967041,1.0890960693359375,,0.0,0.011983299627900124,-1.0890960693359375
image_1862.jpg,train,0.012546539306640625,0.0042474642395973206,0.01397639885544777,0.007049560546875,0.8716866374015808,0.9721893668174744,-1.2523651123046875,,0.0,1.1593575436563697e-05,1.2523651123046875
image_1863.jpg,train,0.00411224365234375,0.011352818459272385,0.04555743932723999,7.62939453125e-06,0.6320334076881409,,0.411224365234375,,0.0,0.00411224365234375,-0.411224365234375
image_1864.jpg,train,0.00685882568359375,0.011678031645715237,0.04417155683040619,1.1444091796875e-05,0.6466350555419922,,0.685882568359375,,0.0,0.00685882568359375,-0.685882568359375
image_1865.jpg,train,0.000514984130859375,0.0055128708481788635,0.021744592115283012,2.288818359375e-05,0.6180264353752136,,0.0514984130859375,,0.0,0.000514984130859375,-0.0514984130859375
image_1866.jpg,train,0.028820037841796875,0.03251255676150322,0.2356211394071579,0.0017242431640625,0.6873435974121094,,2.8820037841796875,,0.0,0.028820037841796875,-2.8820037841796875
image_1867.jpg,test,0.056369781494140625,0.04548897221684456,0.2991749048233032,0.01251983642578125,0.7574491500854492,0.1161440908908844,1.4232635498046875,,0.0,0.04312389716506004,-1.4232635498046875
image_1868.jpg,train,0.054248809814453125,0.037725768983364105,0.26028576493263245,0.012676239013671875,0.7659407258033752,0.19404944777488708,2.8324127197265625,,0.0,0.044241782277822495,-2.8324127197265625
image_1869.jpg,train,0.013721466064453125,0.014793497510254383,0.07681538909673691,0.002147674560546875,0.725997269153595,0.0076819295063614845,-0.1613616943359375,0.10051993280649185,0.067138671875,0.23786407709121704,0.0942230224609375
image_1870.jpg,train,0.011653900146484375,0.005676041357219219,0.01087532564997673,0.005573272705078125,0.8416445255279541,0.0021112302783876657,0.734710693359375,0.044526901096105576,0.0560760498046875,0.5643002986907959,-0.7907867431640625
image_1871.jpg,train,0.02228546142578125,0.018708735704421997,0.11680682748556137,0.00600433349609375,0.7675108909606934,0.010673293843865395,0.146484375,0.04661654308438301,0.0957489013671875,0.3189300298690796,-0.2422332763671875
image_1872.jpg,train,0.01375579833984375,0.006386511959135532,0.02104068174958229,0.006092071533203125,0.8398012518882751,0.0017584243323653936,1.02996826171875,,0.0,0.6964877247810364,-1.02996826171875
image_1873.jpg,train,0.000255584716796875,0.00013416321598924696,3.337860107421875e-06,0.000102996826171875,0.8171690702438354,3.817901233560406e-05,0.0179290771484375,,0.0,0.2590909004211426,-0.0179290771484375
image_1874.jpg,train,0.00063323974609375,0.0004066688707098365,5.9604644775390625e-06,0.000232696533203125,0.8174521923065186,0.00018742994870990515,0.02593994140625,,0.0,0.16409537196159363,-0.02593994140625
image_1875.jpg,train,0.01801300048828125,0.01451970636844635,0.07610814273357391,0.004238128662109375,0.7596951127052307,0.009815340861678123,-0.0823974609375,,0.0,0.21256722509860992,0.0823974609375
image_1876.jpg,test,0.017124176025390625,0.01538858748972416,0.08661395311355591,0.00559234619140625,0.7826713919639587,0.009456292726099491,-0.1102447509765625,,0.0,0.2208666354417801,0.1102447509765625
image_1877.jpg,train,0.006450653076171875,0.004113498609513044,0.003323230892419815,0.002758026123046875,0.8165123462677002,0.0027646878734230995,0.0965118408203125,1.0,-0.0041961669921875,0.24922600388526917,-0.092315673828125
image_1878.jpg,train,0.00628662109375,0.005396170075982809,0.00592469796538353,0.001613616943359375,0.7642208337783813,0.002756639150902629,0.08697509765625,,0.0,0.20462478697299957,-0.08697509765625
image_1879.jpg,test,0.0021209716796875,0.0014880567323416471,0.0001703500747680664,0.000640869140625,0.7781031131744385,0.0014564967714250088,-0.07781982421875,,0.0,0.14147910475730896,0.07781982421875
image_1880.jpg,test,0.004909515380859375,0.003604263998568058,0.0014023706316947937,0.001430511474609375,0.7798722386360168,0.0031208547297865152,-0.1247406005859375,,0.0,0.13479359447956085,0.1247406005859375
image_1881.jpg,train,0.008190155029296875,0.0036181118339300156,0.0011975765228271484,0.00429534912109375,0.8498910069465637,0.0037293657660484314,0.0835418701171875,,0.0,0.32366621494293213,-0.0835418701171875
image_1882.jpg,train,0.0086212158203125,0.005632749292999506,0.01127236895263195,0.00201416015625,0.7911287546157837,0.5801266431808472,-0.046539306640625,,0.0,0.004110099747776985,0.046539306640625
image_1883.jpg,train,0.0,0.0018895573448389769,0.007923685014247894,0.0,,,0.0,,0.0,0.0,0.0
image_1884.jpg,train,0.000518798828125,0.0041616917587816715,0.014016889035701752,0.0,0.6010020971298218,,0.0518798828125,,0.0,0.000518798828125,-0.0518798828125
image_1885.jpg,train,0.0016326904296875,0.003344017080962658,0.007039826363325119,3.814697265625e-06,0.6423385143280029,1.0,0.1617431640625,,0.0,0.0016250734915956855,-0.1617431640625
image_1886.jpg,train,0.000152587890625,0.004675154574215412,0.01782950572669506,3.814697265625e-06,0.6178876161575317,0.6666666865348816,0.01220703125,,0.0,0.00013733224477618933,-0.01220703125
image_1887.jpg,train,0.002086639404296875,0.005649109371006489,0.014016473665833473,0.0,0.6684115529060364,0.07407407462596893,0.2056121826171875,,0.0,0.0020718073938041925,-0.2056121826171875
image_1888.jpg,train,0.09780120849609375,0.07335545122623444,0.3707389831542969,0.02274322509765625,0.7640068531036377,0.09693027287721634,-0.689697265625,,0.0,0.0988238975405693,0.689697265625
image_1889.jpg,train,0.0670166015625,0.05505432188510895,0.34039294719696045,0.0105743408203125,0.7415174245834351,0.09714330732822418,2.957916259765625,,0.0,0.0598258301615715,-2.957916259765625
image_1890.jpg,train,0.061656951904296875,0.053510140627622604,0.3362457752227783,0.01053619384765625,0.7384449243545532,0.17428213357925415,0.7617950439453125,,0.0,0.040992673486471176,-0.7617950439453125
image_1891.jpg,train,0.0128631591796875,0.012500464916229248,0.05819527059793472,0.00537872314453125,0.8043933510780334,0.2023867815732956,-0.292205810546875,,0.0,0.005172256380319595,0.292205810546875
image_1892.jpg,train,0.05123138427734375,0.04536835849285126,0.29227179288864136,0.011417388916015625,0.7540000677108765,0.036230236291885376,0.018310546875,,0.0,0.08699525147676468,-0.018310546875
image_1893.jpg,train,0.0609588623046875,0.05122813582420349,0.3182719945907593,0.012821197509765625,0.754197359085083,0.0908367931842804,-0.527191162109375,,0.0,0.04381757229566574,0.527191162109375
image_1894.jpg,train,0.020465850830078125,0.013718921691179276,0.052092038094997406,0.005329132080078125,0.7652590274810791,0.7265468835830688,-1.5636444091796875,,0.0,0.002476225607097149,1.5636444091796875
image_1895.jpg,val,0.07097244262695312,0.06001848354935646,0.35208120942115784,0.01663970947265625,0.7554993033409119,0.10001007467508316,1.0372161865234375,,0.0,0.05835093930363655,-1.0372161865234375
image_1896.jpg,val,0.0,3.941640898119658e-07,1.1920928955078125e-07,0.0,,0.0,0.0,,0.0,,0.0
image_1897.jpg,train,0.0,7.055145943013486e-07,2.384185791015625e-07,0.0,,0.0,0.0,,0.0,,0.0
image_1898.jpg,train,0.0,7.722123882558662e-07,2.384185791015625e-07,0.0,,0.0,0.0,,0.0,,0.0
image_1899.jpg,train,3.814697265625e-06,1.0589606972644106e-05,1.1920928955078125e-06,0.0,0.7095532417297363,3.814697265625e-06,-0.0003814697265625,,0.0,,0.0003814697265625
image_1900.jpg,train,0.021808624267578125,0.02700749598443508,0.21038377285003662,0.001911163330078125,0.691803514957428,0.3333333432674408,0.01220703125,0.0874280110001564,-0.9166717529296875,0.007724920753389597,0.9044647216796875
image_1901.jpg,train,0.021961212158203125,0.025475166738033295,0.19915136694908142,0.002071380615234375,0.6995603442192078,0.3834586441516876,0.012969970703125,0.10359086096286774,-1.116180419921875,0.006444420199841261,1.10321044921875
image_1902.jpg,train,0.050952911376953125,0.05782239884138107,0.3433280289173126,0.007598876953125,0.7157471776008606,0.6114665269851685,-0.763702392578125,0.08437030762434006,-2.770233154296875,0.013023048639297485,3.533935546875
image_1903.jpg,train,0.020130157470703125,0.023011498153209686,0.1766793429851532,0.0020751953125,0.6998778581619263,0.40740740299224854,0.0110626220703125,0.11031922698020935,-0.839996337890625,0.006789469625800848,0.8289337158203125
image_1904.jpg,train,0.04102325439453125,0.04496421292424202,0.31837573647499084,0.00504302978515625,0.7061478495597839,0.3274582624435425,-0.0820159912109375,0.09129949659109116,-1.0982513427734375,0.01878540776669979,1.180267333984375
image_1905.jpg,train,0.0251617431640625,0.029977086931467056,0.23387327790260315,0.002765655517578125,0.7020270228385925,0.34645670652389526,-0.0003814697265625,0.09801730513572693,-1.227569580078125,0.007913892157375813,1.2279510498046875
image_1906.jpg,train,0.021724700927734375,0.02429942786693573,0.18941588699817657,0.00240325927734375,0.7051384449005127,0.3508196771144867,0.008392333984375,0.11258985847234726,-1.123809814453125,0.006126904860138893,1.11541748046875
image_1907.jpg,train,0.01157379150390625,0.012325364165008068,0.057731762528419495,0.00145721435546875,0.7120895981788635,0.375,0.0026702880859375,0.13333334028720856,-0.6824493408203125,0.0025605205446481705,0.679779052734375
image_1908.jpg,train,0.020038604736328125,0.01860331930220127,0.1306019425392151,0.0056915283203125,0.7613885402679443,0.7800361514091492,-0.531005859375,0.10331915318965912,-0.48675537109375,0.005417586304247379,1.01776123046875
image_1909.jpg,train,0.023944854736328125,0.028658784925937653,0.22512027621269226,0.002162933349609375,0.6947104930877686,0.48275861144065857,0.006103515625,0.09950020164251328,-0.7656097412109375,0.00970557052642107,0.7595062255859375
image_1910.jpg,train,0.0150909423828125,0.018271474167704582,0.12451782822608948,0.00159454345703125,0.7029361724853516,0.4864864945411682,0.00152587890625,0.09574013203382492,-0.566864013671875,0.0052650924772024155,0.565338134765625
image_1911.jpg,train,0.0270233154296875,0.031530410051345825,0.24253737926483154,0.002899169921875,0.7038894891738892,0.48089173436164856,-0.029754638671875,0.10251177847385406,-1.590728759765625,0.006766895763576031,1.6204833984375
image_1912.jpg,train,0.018787384033203125,0.020647674798965454,0.155063197016716,0.00208282470703125,0.7059421539306641,0.320175439119339,-0.00457763671875,0.12610779702663422,-0.9548187255859375,0.005130582954734564,0.9593963623046875
image_1913.jpg,train,0.024600982666015625,0.027851156890392303,0.2207678258419037,0.002716064453125,0.7016096711158752,0.32480818033218384,-0.012969970703125,0.13321590423583984,-1.4751434326171875,0.005609766114503145,1.4881134033203125
image_1914.jpg,train,0.025146484375,0.02109348215162754,0.15877105295658112,0.007984161376953125,0.7742706537246704,0.9668949842453003,-0.627899169921875,0.1347280591726303,-0.8823394775390625,0.005608124192804098,1.5102386474609375
image_1915.jpg,val,0.09228134155273438,0.0654529333114624,0.3611338138580322,0.0211639404296875,0.765132486820221,0.05091888830065727,3.1719207763671875,,0.0,0.15297085046768188,-3.1719207763671875
image_1916.jpg,train,0.004314422607421875,0.0029715411365032196,0.000996273010969162,0.001316070556640625,0.7811456918716431,0.0017319924663752317,0.0888824462890625,,0.0,0.23476764559745789,-0.0888824462890625
image_1917.jpg,val,0.006244659423828125,0.00424192612990737,0.001386743038892746,0.002017974853515625,0.7851629853248596,0.0018532085232436657,0.266265869140625,0.022617662325501442,-0.0335693359375,0.2872636318206787,-0.232696533203125
image_1918.jpg,train,0.0036163330078125,0.0026711449027061462,0.0006451010704040527,0.001010894775390625,0.7771377563476562,0.0013506317045539618,0.0946044921875,,0.0,0.19893546402454376,-0.0946044921875
image_1919.jpg,train,0.006938934326171875,0.004586230497807264,0.002391822636127472,0.002140045166015625,0.7822121977806091,0.003861445002257824,-0.06561279296875,0.01797385700047016,0.0003814697265625,0.12367653846740723,0.0652313232421875
image_1920.jpg,train,0.002899169921875,0.00171369849704206,0.0001316070556640625,0.001171112060546875,0.812205970287323,0.0013329082867130637,0.025177001953125,,0.0,0.22805079817771912,-0.025177001953125
image_1921.jpg,train,0.003566741943359375,0.0018714061006903648,0.00016415119171142578,0.001373291015625,0.806968092918396,0.0016880719922482967,0.0217437744140625,0.041916169226169586,0.0019073486328125,0.2550860643386841,-0.023651123046875
image_1922.jpg,train,0.00330352783203125,0.002305770292878151,0.0004017949104309082,0.0009765625,0.7733312845230103,0.0014918162487447262,0.035858154296875,,0.0,0.14121800661087036,-0.035858154296875
image_1923.jpg,train,0.006038665771484375,0.003999141976237297,0.0024587176740169525,0.00208282470703125,0.7937464714050293,0.0025268723256886005,0.1079559326171875,,0.0,0.19005908071994781,-0.1079559326171875
image_1924.jpg,train,0.0753021240234375,0.07203212380409241,0.3706662654876709,0.017261505126953125,0.7480521202087402,0.18720196187496185,0.2170562744140625,0.02023177407681942,0.0873565673828125,0.054311808198690414,-0.304412841796875
image_1925.jpg,train,0.08230972290039062,0.0727035403251648,0.37320899963378906,0.019130706787109375,0.7509990334510803,0.20102369785308838,-0.3314971923828125,0.02924107201397419,0.0988006591796875,0.054571378976106644,0.232696533203125
image_1926.jpg,test,0.06621932983398438,0.0670727863907814,0.37467002868652344,0.009616851806640625,0.7170435190200806,0.16084140539169312,0.524139404296875,0.00843433290719986,0.379180908203125,0.0889374390244484,-0.9033203125
image_1927.jpg,train,0.06711196899414062,0.051307789981365204,0.33527514338493347,0.017314910888671875,0.7606140375137329,0.027478786185383797,2.8369903564453125,0.015929151326417923,0.463104248046875,0.1630321443080902,-3.3000946044921875
image_1928.jpg,train,0.06404495239257812,0.05846807733178139,0.33391135931015015,0.014835357666015625,0.75861656665802,0.0549093596637249,1.296234130859375,0.06521739065647125,0.00152587890625,0.071989044547081,-1.297760009765625
image_1929.jpg,train,0.002777099609375,0.001980835571885109,0.00025777146220207214,0.000835418701171875,0.7852521538734436,0.0007095289183780551,0.1373291015625,,0.0,0.19311323761940002,-0.1373291015625
image_1930.jpg,train,0.0045623779296875,0.0031297081150114536,0.0038018450140953064,0.0020751953125,0.820315420627594,0.36480939388275146,-0.0583648681640625,0.03492884710431099,0.0194549560546875,0.002106552245095372,0.038909912109375
image_1931.jpg,train,0.006160736083984375,0.007340031675994396,0.017356205731630325,0.00081634521484375,0.7122247219085693,0.29326286911964417,0.03814697265625,0.035085100680589676,0.232696533203125,0.004546721465885639,-0.270843505859375
image_1932.jpg,train,1.9073486328125e-05,2.4150946046574973e-05,1.1920928955078125e-06,3.814697265625e-06,0.8480508923530579,1.9073486328125e-05,-0.0019073486328125,,0.0,,0.0019073486328125
image_1933.jpg,val,0.0002593994140625,4.7946712584234774e-05,1.1920928955078125e-06,0.000179290771484375,0.9195761680603027,0.0002593994140625,-0.02593994140625,,0.0,,0.02593994140625
image_1934.jpg,val,0.000946044921875,0.000190702237887308,1.1920928955078125e-06,0.00074005126953125,0.9275832772254944,0.000946044921875,-0.0946044921875,,0.0,,0.0946044921875
image_1935.jpg,val,0.000827789306640625,0.00012358870299067348,1.0728836059570312e-06,0.000659942626953125,0.9374886155128479,0.000827789306640625,-0.0827789306640625,,0.0,,0.0827789306640625
image_1936.jpg,train,0.04837799072265625,0.04136752709746361,0.29078420996665955,0.009845733642578125,0.7458642721176147,0.02764015458524227,1.41143798828125,,0.0,0.08218696713447571,-1.41143798828125
image_1937.jpg,train,0.017486572265625,0.01698124036192894,0.10727320611476898,0.003200531005859375,0.7365096211433411,0.00731772230938077,0.48980712890625,,0.0,0.08002400398254395,-0.48980712890625
image_1938.jpg,train,0.02442169189453125,0.025203697383403778,0.1886778324842453,0.003875732421875,0.7268363237380981,0.012911714613437653,0.360870361328125,,0.0,0.07223325222730637,-0.360870361328125
image_1939.jpg,train,0.027313232421875,0.02608252689242363,0.19236218929290771,0.00531768798828125,0.7398372888565063,0.013325081206858158,0.56304931640625,,0.0,0.08837132900953293,-0.56304931640625
image_1940.jpg,train,0.031490325927734375,0.03134270757436752,0.23452575504779816,0.0055999755859375,0.7319950461387634,0.01722538471221924,0.6275177001953125,,0.0,0.07043656706809998,-0.6275177001953125
image_1941.jpg,train,0.02941131591796875,0.02822127379477024,0.21098211407661438,0.00556182861328125,0.7388775944709778,0.021789759397506714,-0.506591796875,,0.0,0.058279912918806076,0.506591796875
image_1942.jpg,train,0.038913726806640625,0.031924568116664886,0.23938706517219543,0.009586334228515625,0.7587486505508423,0.02144688181579113,0.9677886962890625,,0.0,0.07630286365747452,-0.9677886962890625
image_1943.jpg,val,0.041900634765625,0.035955555737018585,0.2638014554977417,0.008880615234375,0.7493195533752441,0.022519206628203392,1.39007568359375,,0.0,0.07375065237283707,-1.39007568359375
image_1944.jpg,train,0.0358428955078125,0.03406485170125961,0.2548581659793854,0.007259368896484375,0.7405198216438293,0.022870797663927078,0.437164306640625,,0.0,0.06445104628801346,-0.437164306640625
image_1945.jpg,train,0.031665802001953125,0.028816556558012962,0.21559585630893707,0.0065155029296875,0.7453967928886414,0.018554335460066795,0.4146575927734375,,0.0,0.06929231435060501,-0.4146575927734375
image_1946.jpg,train,0.0396270751953125,0.035973645746707916,0.26142406463623047,0.00821685791015625,0.7461625933647156,0.030578531324863434,1.830291748046875,,0.0,0.044471126049757004,-1.830291748046875
image_1947.jpg,train,0.026920318603515625,0.029240086674690247,0.221869096159935,0.003726959228515625,0.7183268666267395,0.01656687632203102,0.3910064697265625,,0.0,0.05045321583747864,-0.3910064697265625
image_1948.jpg,test,0.0438079833984375,0.03612281754612923,0.2646227777004242,0.010677337646484375,0.7572997212409973,0.025491809472441673,1.3965606689453125,0.0,0.0064849853515625,0.06955556571483612,-1.403045654296875
image_1949.jpg,train,0.02587127685546875,0.022980062291026115,0.16992083191871643,0.00518035888671875,0.7417201399803162,0.015987126156687737,0.13885498046875,,0.0,0.05817323178052902,-0.13885498046875
image_1950.jpg,train,0.011074066162109375,0.01158117689192295,0.049701958894729614,0.00173187255859375,0.7256163954734802,0.005602731369435787,0.0820159912109375,,0.0,0.07003279030323029,-0.0820159912109375
image_1951.jpg,train,0.014568328857421875,0.013757187873125076,0.07034473121166229,0.00293731689453125,0.7436898946762085,0.006178731098771095,0.330352783203125,0.05154639109969139,0.009918212890625,0.10093683749437332,-0.34027099609375
image_1952.jpg,train,0.032161712646484375,0.029376152902841568,0.22530104219913483,0.006679534912109375,0.7413861751556396,0.02050895430147648,0.267791748046875,0.11320754885673523,0.00152587890625,0.06180659309029579,-0.269317626953125
image_1953.jpg,train,0.025054931640625,0.023409947752952576,0.1724490523338318,0.004802703857421875,0.7413774728775024,0.014460464008152485,0.18310546875,,0.0,0.06824299693107605,-0.18310546875
image_1954.jpg,test,0.02630615234375,0.02654571644961834,0.19389337301254272,0.0047149658203125,0.7368934750556946,0.014346340671181679,0.5157470703125,,0.0,0.05983401834964752,-0.5157470703125
image_1955.jpg,train,0.030887603759765625,0.028208859264850616,0.21166552603244781,0.00662994384765625,0.7473353147506714,0.01702086441218853,0.5382537841796875,,0.0,0.07231738418340683,-0.5382537841796875
image_1956.jpg,train,0.009700775146484375,0.0067937904968857765,0.010288076475262642,0.00274658203125,0.7703014612197876,0.0040426598861813545,0.2132415771484375,,0.0,0.09253624826669693,-0.2132415771484375
image_1957.jpg,train,0.013336181640625,0.01109346654266119,0.04540045186877251,0.00318145751953125,0.7550588250160217,0.005520356819033623,0.36773681640625,,0.0,0.06796500831842422,-0.36773681640625
image_1958.jpg,val,0.00556182861328125,0.004639338236302137,0.0028553232550621033,0.001331329345703125,0.7543700933456421,0.0016671554185450077,0.23956298828125,,0.0,0.07891351729631424,-0.23956298828125
image_1959.jpg,train,0.004932403564453125,0.0028393459506332874,0.00046062469482421875,0.00202178955078125,0.8109545707702637,0.0017788399709388614,0.1445770263671875,,0.0,0.1596943587064743,-0.1445770263671875
image_1960.jpg,val,0.004344940185546875,0.0031716797966510057,0.000783827155828476,0.001026153564453125,0.7625502347946167,0.0018899227725341916,0.0659942626953125,,0.0,0.0997263640165329,-0.0659942626953125
image_1961.jpg,train,0.00487518310546875,0.0036004302091896534,0.0012719035148620605,0.00131988525390625,0.7692849636077881,0.001585380989126861,0.18463134765625,,0.0,0.07510016113519669,-0.18463134765625
image_1962.jpg,train,0.015598297119140625,0.015628963708877563,0.09309953451156616,0.00295257568359375,0.7394356727600098,0.006457625888288021,0.5184173583984375,,0.0,0.05365796014666557,-0.5184173583984375
image_1963.jpg,train,0.013339996337890625,0.011880109086632729,0.05051088705658913,0.00308990478515625,0.7475665807723999,0.005725239869207144,0.3108978271484375,,0.0,0.07722616195678711,-0.3108978271484375
image_1964.jpg,train,0.00656890869140625,0.005549759604036808,0.004563577473163605,0.001270294189453125,0.742787778377533,0.0026239946018904448,0.152587890625,,0.0,0.10363352298736572,-0.152587890625
image_1965.jpg,test,0.0085296630859375,0.007068946026265621,0.012735730037093163,0.00176239013671875,0.750307559967041,0.0030602740589529276,0.273895263671875,,0.0,0.10455156862735748,-0.273895263671875
image_1966.jpg,train,0.015354156494140625,0.010927696712315083,0.041723765432834625,0.004871368408203125,0.780084490776062,0.0051289331167936325,0.6259918212890625,,0.0,0.09526851773262024,-0.6259918212890625
image_1967.jpg,train,0.011188507080078125,0.008318400010466576,0.02153708040714264,0.002864837646484375,0.7672998309135437,0.0026765172369778156,0.6191253662109375,,0.0,0.13074670732021332,-0.6191253662109375
image_1968.jpg,train,0.015132904052734375,0.012566857971251011,0.058236923068761826,0.003673553466796875,0.7581481337547302,0.005198147613555193,0.5825042724609375,,0.0,0.10009109228849411,-0.5825042724609375
image_1969.jpg,test,0.013286590576171875,0.011066701263189316,0.04222201555967331,0.002880096435546875,0.7518052458763123,0.004775727167725563,0.4688262939453125,,0.0,0.09006460756063461,-0.4688262939453125
image_1970.jpg,train,0.001373291015625,0.001128166215494275,5.054473876953125e-05,0.000278472900390625,0.7377926707267761,0.0007668976322747767,-0.0152587890625,,0.0,0.11825572699308395,0.0152587890625
image_1971.jpg,train,0.00737762451171875,0.005902808625251055,0.006817229092121124,0.00177001953125,0.7560780644416809,0.0018613728461787105,0.391387939453125,,0.0,0.08114925026893616,-0.391387939453125
image_1972.jpg,val,0.003070831298828125,0.0024728213902562857,0.0004766806960105896,0.000732421875,0.7589905261993408,0.0007538635400123894,0.1605987548828125,,0.0,0.08221566677093506,-0.1605987548828125
image_1973.jpg,train,0.011707305908203125,0.011104590259492397,0.04306904226541519,0.002307891845703125,0.7405114769935608,0.005489868577569723,0.1682281494140625,,0.0,0.07699394226074219,-0.1682281494140625
image_1974.jpg,train,0.012607574462890625,0.010860152542591095,0.043060995638370514,0.00307464599609375,0.7578856348991394,0.0063864439725875854,0.1209259033203125,0.033068783581256866,0.0034332275390625,0.06505190581083298,-0.124359130859375
image_1975.jpg,train,0.014373779296875,0.009695066139101982,0.030786825343966484,0.00566864013671875,0.8071445822715759,0.0050254021771252155,0.531005859375,0.0,0.0030517578125,0.10022531449794769,-0.5340576171875
image_1976.jpg,train,0.0081634521484375,0.006127595901489258,0.009176060557365417,0.0023651123046875,0.776726484298706,0.0029510960448533297,0.26092529296875,,0.0,0.09135610610246658,-0.26092529296875
image_1977.jpg,train,0.039882659912109375,0.03515473008155823,0.2575155794620514,0.008792877197265625,0.7498393058776855,0.0262734554708004,0.1255035400390625,,0.0,0.07764977216720581,-0.1255035400390625
image_1978.jpg,train,0.05022430419921875,0.044553812593221664,0.29227128624916077,0.0119476318359375,0.7552327513694763,0.07638579607009888,0.833892822265625,,0.0,0.04034224525094032,-0.833892822265625
image_1979.jpg,train,0.058200836181640625,0.04912872612476349,0.318160742521286,0.01300811767578125,0.7530370950698853,0.06410091370344162,2.4044036865234375,,0.0,0.05605795234441757,-2.4044036865234375
image_1980.jpg,train,0.05617523193359375,0.04587927460670471,0.3045942485332489,0.0131378173828125,0.7563354969024658,0.056703172624111176,1.766204833984375,,0.0,0.05590374395251274,-1.766204833984375
image_1981.jpg,train,0.05218505859375,0.0419333316385746,0.2917560636997223,0.012912750244140625,0.7593691349029541,0.033316720277071,1.291656494140625,,0.0,0.07926098257303238,-1.291656494140625
image_1982.jpg,train,0.054595947265625,0.04647669941186905,0.30774420499801636,0.013790130615234375,0.7603007555007935,0.05418175086379051,0.8575439453125,,0.0,0.05490170046687126,-0.8575439453125
image_1983.jpg,train,0.0171356201171875,0.017067747190594673,0.10533133894205093,0.003200531005859375,0.735906183719635,0.010239929892122746,-0.00762939453125,,0.0,0.053454458713531494,0.00762939453125
image_1984.jpg,train,0.024898529052734375,0.021227018907666206,0.15361306071281433,0.005489349365234375,0.7502679824829102,0.01302112266421318,0.423431396484375,0.04441041499376297,-0.035858154296875,0.07086839526891708,-0.3875732421875
image_1985.jpg,train,0.0194854736328125,0.017966626212000847,0.11905645579099655,0.004077911376953125,0.7456076741218567,0.009227852337062359,0.470733642578125,,0.0,0.06070525944232941,-0.470733642578125
image_1986.jpg,train,0.039417266845703125,0.032175421714782715,0.23403039574623108,0.0105743408203125,0.7652636766433716,0.027971390634775162,0.6656646728515625,,0.0,0.0555923767387867,-0.6656646728515625
image_1987.jpg,train,0.051242828369140625,0.039060354232788086,0.26517489552497864,0.0161590576171875,0.7825884819030762,0.14032165706157684,0.2384185791015625,,0.0,0.0324656143784523,-0.2384185791015625
image_1988.jpg,train,0.06306076049804688,0.048720814287662506,0.3162030577659607,0.01861572265625,0.7738255262374878,0.10044459253549576,-0.5023956298828125,,0.0,0.043895233422517776,0.5023956298828125
image_1989.jpg,train,0.08007049560546875,0.05663933604955673,0.33980152010917664,0.024059295654296875,0.7796883583068848,0.16796639561653137,-0.93231201171875,,0.0,0.04819997400045395,0.93231201171875
image_1990.jpg,train,0.0475006103515625,0.03947138041257858,0.2810269296169281,0.011707305908203125,0.7599281668663025,0.052613306790590286,0.0091552734375,,0.0,0.0433083176612854,-0.0091552734375
image_1991.jpg,train,0.039867401123046875,0.029889382421970367,0.22218558192253113,0.011272430419921875,0.7726162672042847,0.028824014589190483,-0.3017425537109375,,0.0,0.07194673269987106,0.3017425537109375
image_1992.jpg,val,0.057758331298828125,0.045411549508571625,0.3037855625152588,0.0153656005859375,0.7678844928741455,0.05224580690264702,-0.1300811767578125,,0.0,0.06492424011230469,0.1300811767578125
image_1993.jpg,train,0.048976898193359375,0.04044073075056076,0.2811233699321747,0.012725830078125,0.7647781372070312,0.039843346923589706,0.2017974853515625,,0.0,0.06208203360438347,-0.2017974853515625
image_1994.jpg,train,0.02663421630859375,0.024006173014640808,0.17345531284809113,0.006084442138671875,0.7498664855957031,0.019567782059311867,-0.39825439453125,,0.0,0.052031125873327255,0.39825439453125
image_1995.jpg,train,0.027324676513671875,0.023183953016996384,0.1692553609609604,0.006107330322265625,0.7530422210693359,0.01807212084531784,-0.2315521240234375,,0.0,0.06949037313461304,0.2315521240234375
image_1996.jpg,val,0.04091644287109375,0.03222513943910599,0.23641251027584076,0.0106964111328125,0.7683104276657104,0.052950140088796616,-0.547027587890625,,0.0,0.0315370038151741,0.547027587890625
image_1997.jpg,val,0.028224945068359375,0.024309977889060974,0.1768861562013626,0.006954193115234375,0.7574849724769592,0.019709618762135506,-0.2918243408203125,,0.0,0.060268547385931015,0.2918243408203125
image_1998.jpg,test,0.055042266845703125,0.03510117903351784,0.24147792160511017,0.021335601806640625,0.8059294819831848,0.23876751959323883,-1.9924163818359375,,0.0,0.02082890272140503,1.9924163818359375
image_1999.jpg,train,0.0298919677734375,0.025446586310863495,0.18767954409122467,0.007442474365234375,0.7605062127113342,0.02379102259874344,-0.374603271484375,,0.0,0.044609617441892624,0.374603271484375
image_2000.jpg,train,0.026004791259765625,0.0248463973402977,0.1844126284122467,0.00492095947265625,0.7409030199050903,0.01862882636487484,-0.1148223876953125,,0.0,0.04582536220550537,0.1148223876953125
image_2001.jpg,train,0.016750335693359375,0.01212463341653347,0.05382577329874039,0.005283355712890625,0.7827242612838745,0.0104198744520545,-0.1834869384765625,,0.0,0.06893511861562729,0.1834869384765625
image_2002.jpg,val,0.027477264404296875,0.02530706115067005,0.1855555921792984,0.005950927734375,0.7498719096183777,0.015022647567093372,0.3261566162109375,,0.0,0.07921278476715088,-0.3261566162109375
image_2003.jpg,train,0.000606536865234375,0.0017765638185665011,0.0017950981855392456,4.57763671875e-05,0.6562979817390442,0.016877636313438416,0.030517578125,0.04383561760187149,0.0148773193359375,0.0005314634181559086,-0.0453948974609375
image_2004.jpg,train,0.001842498779296875,0.0020182637963443995,0.0018581151962280273,3.814697265625e-05,0.6800437569618225,1.0,0.1720428466796875,0.3199999928474426,-0.006866455078125,0.0017476379871368408,-0.1651763916015625
image_2005.jpg,train,0.000232696533203125,0.0012940735323354602,0.002332627773284912,1.1444091796875e-05,0.6614360809326172,,0.019073486328125,,0.0041961669921875,0.000232696533203125,-0.0232696533203125
image_2006.jpg,train,0.000431060791015625,0.0008999489364214242,0.0014443807303905487,5.7220458984375e-05,0.7290029525756836,,0.042724609375,,0.0003814697265625,0.000431060791015625,-0.0431060791015625
image_2007.jpg,test,0.004428863525390625,0.00632752850651741,0.014363754540681839,0.00025177001953125,0.6736900210380554,0.5882353186607361,0.3330230712890625,0.17921526730060577,-0.026702880859375,0.003759801620617509,-0.3063201904296875
image_2008.jpg,train,0.004901885986328125,0.006422818172723055,0.016336144879460335,0.000331878662109375,0.7033304572105408,1.0,0.391387939453125,0.06603773683309555,0.0705718994140625,0.004770423285663128,-0.4619598388671875
image_2009.jpg,train,0.002674102783203125,0.003496868535876274,0.004636947065591812,0.00030517578125,0.7146080136299133,0.6181818246841431,0.0019073486328125,0.056166764348745346,0.165557861328125,0.002189259510487318,-0.1674652099609375
image_2010.jpg,test,0.010173797607421875,0.011438000947237015,0.04482589662075043,0.0016632080078125,0.726883053779602,0.5274261832237244,0.37994384765625,0.06450127065181732,0.118255615234375,0.007827031426131725,-0.498199462890625
image_2011.jpg,train,0.02936553955078125,0.02431434951722622,0.18245208263397217,0.0066986083984375,0.7522725462913513,0.02423953264951706,-0.28076171875,0.11324042081832886,-0.000762939453125,0.03865019604563713,0.281524658203125
image_2012.jpg,train,0.01093292236328125,0.009101449511945248,0.025898665189743042,0.00263214111328125,0.7611114382743835,0.0038169175386428833,0.368499755859375,0.012241566553711891,-0.003814697265625,0.1645924597978592,-0.36468505859375
image_2013.jpg,train,0.023235321044921875,0.018243495374917984,0.12066494673490524,0.00632476806640625,0.7664850950241089,0.010621339082717896,0.4337310791015625,0.01706293784081936,0.0934600830078125,0.10904622077941895,-0.527191162109375
image_2014.jpg,train,0.01280975341796875,0.008710666559636593,0.021566223353147507,0.003818511962890625,0.7778463959693909,0.00445139966905117,0.441741943359375,0.024561403319239616,-0.012969970703125,0.16107480227947235,-0.42877197265625
image_2015.jpg,train,0.010120391845703125,0.0070036789402365685,0.009576082229614258,0.00278472900390625,0.7684277296066284,0.004797327797859907,0.091552734375,0.027508091181516647,-0.0110626220703125,0.1451975554227829,-0.0804901123046875
image_2016.jpg,train,0.01230621337890625,0.010102535597980022,0.03289083391427994,0.002574920654296875,0.7518947124481201,0.006644880399107933,-0.0247955322265625,0.06226649880409241,-0.0164031982421875,0.11108692735433578,0.04119873046875
image_2017.jpg,train,0.01451873779296875,0.013568481430411339,0.06745316088199615,0.0028076171875,0.7420423626899719,0.005661909934133291,0.399017333984375,0.08070175349712372,-0.0041961669921875,0.13257931172847748,-0.3948211669921875
image_2018.jpg,test,0.01938629150390625,0.015611784532666206,0.09046491980552673,0.00469207763671875,0.7594690322875977,0.006523079238831997,0.7678985595703125,0.018518518656492233,-0.029754638671875,0.17017017304897308,-0.7381439208984375
image_2019.jpg,train,0.0214080810546875,0.018392205238342285,0.12224818766117096,0.004962921142578125,0.7495360374450684,0.008602885529398918,0.6397247314453125,0.030416999012231827,-0.115966796875,0.16394586861133575,-0.5237579345703125
image_2020.jpg,train,0.008930206298828125,0.008056983351707458,0.018618538975715637,0.0016937255859375,0.7450823783874512,0.0037411784287542105,0.18768310546875,0.021647624671459198,-0.011444091796875,0.10229629278182983,-0.176239013671875
image_2021.jpg,test,0.0149688720703125,0.010889178141951561,0.041210953146219254,0.004756927490234375,0.7833588719367981,0.005424750503152609,0.469970703125,,0.0,0.18385393917560577,-0.469970703125
image_2022.jpg,train,0.012294769287109375,0.008092207834124565,0.022564515471458435,0.005779266357421875,0.8213904500007629,0.5988857746124268,0.7900238037109375,0.047723133116960526,0.17547607421875,0.011106393299996853,-0.9654998779296875
image_2023.jpg,train,0.004795074462890625,0.0038304226472973824,0.004699431359767914,0.001277923583984375,0.7716869115829468,0.46276596188545227,0.2773284912109375,0.025821596384048462,0.1201629638671875,0.004396715667098761,-0.397491455078125
image_2024.jpg,test,0.000640869140625,0.002274715341627598,0.004153650254011154,1.9073486328125e-05,0.6552881002426147,0.875,0.0522613525390625,0.07692307978868484,0.0034332275390625,0.0005990446079522371,-0.055694580078125
image_2025.jpg,train,0.024444580078125,0.010137898847460747,0.03161030262708664,0.012828826904296875,0.847705602645874,0.024444580078125,-2.4444580078125,,0.0,,2.4444580078125
image_2026.jpg,train,0.00144195556640625,0.0013817818835377693,0.00014269351959228516,0.0003662109375,0.7555533647537231,0.00144195556640625,-0.144195556640625,,0.0,,0.144195556640625
image_2027.jpg,train,0.01735687255859375,0.021807583048939705,0.13927163183689117,0.00213623046875,0.7151896357536316,0.1386307179927826,0.119781494140625,,0.0,0.009851498529314995,-0.119781494140625
image_2028.jpg,train,0.034465789794921875,0.03349919989705086,0.2486526370048523,0.005367279052734375,0.7259745001792908,0.05389740318059921,1.4530181884765625,,0.0,0.030056677758693695,-1.4530181884765625
image_2029.jpg,train,0.018016815185546875,0.025272153317928314,0.17323391139507294,0.001895904541015625,0.6975924968719482,0.04700576141476631,0.3582000732421875,0.0,0.0125885009765625,0.012813646346330643,-0.37078857421875
image_2030.jpg,train,0.044891357421875,0.0449589267373085,0.30637288093566895,0.00742340087890625,0.7295642495155334,0.085292749106884,1.399993896484375,0.0,0.006103515625,0.035985562950372696,-1.406097412109375
image_2031.jpg,train,0.03467559814453125,0.03219081461429596,0.23770545423030853,0.00617218017578125,0.7355180978775024,0.1423906534910202,0.772857666015625,,0.0,0.02341797947883606,-0.772857666015625
image_2032.jpg,test,0.00234222412109375,0.0044578867964446545,0.010425375774502754,0.00012969970703125,0.6913726925849915,0.2611464858055115,0.140380859375,,0.0,0.001876387745141983,-0.140380859375
image_2033.jpg,train,0.013214111328125,0.01153290830552578,0.04562259837985039,0.003162384033203125,0.7560313940048218,0.25529173016548157,0.263214111328125,,0.0,0.008090809918940067,-0.263214111328125
image_2034.jpg,train,0.019008636474609375,0.019123729318380356,0.12090557813644409,0.0032196044921875,0.732735812664032,0.15890248119831085,0.0583648681640625,,0.0,0.01039903424680233,-0.0583648681640625
image_2035.jpg,train,0.025676727294921875,0.022125588729977608,0.1533685028553009,0.005748748779296875,0.7585646510124207,0.23127193748950958,-0.3482818603515625,,0.0,0.01184359472244978,0.3482818603515625
image_2036.jpg,train,0.039485931396484375,0.03079281374812126,0.23260287940502167,0.0103302001953125,0.7655335068702698,0.15210144221782684,-0.1239776611328125,,0.0,0.02207893505692482,0.1239776611328125
image_2037.jpg,train,0.003108978271484375,0.005389493890106678,0.01314699649810791,0.00035858154296875,0.702189564704895,,0.3108978271484375,,0.0,0.003108978271484375,-0.3108978271484375
image_2038.jpg,train,0.00170135498046875,0.004099076613783836,0.009779736399650574,5.7220458984375e-05,0.6900091767311096,,0.170135498046875,,0.0,0.00170135498046875,-0.170135498046875
image_2039.jpg,train,0.000148773193359375,0.001682449597865343,0.004081271588802338,0.0,0.558119535446167,,0.0148773193359375,,0.0,0.000148773193359375,-0.0148773193359375
image_2040.jpg,train,0.012088775634765625,0.012682842090725899,0.05644683539867401,0.002750396728515625,0.7529438734054565,0.18939678370952606,0.43487548828125,0.2222222238779068,-0.0003814697265625,0.008388242684304714,-0.4344940185546875
image_2041.jpg,test,0.042552947998046875,0.0428934283554554,0.2961804270744324,0.007030487060546875,0.7277905941009521,0.03626222535967827,0.5550384521484375,,0.0,0.04910589009523392,-0.5550384521484375
image_2042.jpg,train,0.041713714599609375,0.03896482661366463,0.2803638279438019,0.00812530517578125,0.7411430478096008,0.07962346822023392,0.7381439208984375,,0.0,0.03129437565803528,-0.7381439208984375
image_2043.jpg,train,0.0001678466796875,0.0009474650723859668,0.0026005320250988007,2.6702880859375e-05,0.785937488079071,1.0,-0.01220703125,0.1818181872367859,-0.00152587890625,1.5263214663718827e-05,0.01373291015625
image_2044.jpg,train,0.025791168212890625,0.027647392824292183,0.20201916992664337,0.00366973876953125,0.7231702208518982,0.4584980309009552,0.79193115234375,0.03541003167629242,1.2462615966796875,0.024385526776313782,-2.0381927490234375
image_2045.jpg,val,0.016727447509765625,0.01853048801422119,0.11955749988555908,0.002330780029296875,0.7149775624275208,0.6429353952407837,0.201416015625,0.07210031151771545,0.4688262939453125,0.012198085896670818,-0.6702423095703125
image_2046.jpg,train,0.0050811767578125,0.004958335310220718,0.006002414971590042,0.000926971435546875,0.7393230199813843,0.8799999952316284,-0.018310546875,0.08863329142332077,0.27618408203125,0.0038747573271393776,-0.25787353515625
image_2047.jpg,train,0.010929107666015625,0.010285737924277782,0.03577335178852081,0.001743316650390625,0.7369948625564575,0.18719211220741272,0.2910614013671875,0.054692625999450684,0.5542755126953125,0.009872961789369583,-0.8453369140625
image_2048.jpg,test,0.01074981689453125,0.012577908113598824,0.05871935561299324,0.00119781494140625,0.7186960577964783,0.631147563457489,0.3170013427734375,0.061786435544490814,0.4886627197265625,0.009570770896971226,-0.8056640625
image_2049.jpg,train,0.007839202880859375,0.008178693242371082,0.020237674936652184,0.00145721435546875,0.7355067133903503,0.8026315569877625,-0.0125885009765625,0.18641115725040436,-0.0659942626953125,0.003604756435379386,0.078582763671875
image_2050.jpg,train,0.03389739990234375,0.032686397433280945,0.23850324749946594,0.005916595458984375,0.7381104826927185,0.04272359237074852,1.175689697265625,,0.0,0.030810579657554626,-1.175689697265625
image_2051.jpg,test,0.03537750244140625,0.031349487602710724,0.23186641931533813,0.007404327392578125,0.7481353878974915,0.01784808561205864,1.229095458984375,,0.0,0.06747154146432877,-1.229095458984375
image_2052.jpg,train,0.039470672607421875,0.027701184153556824,0.2129201889038086,0.010883331298828125,0.7709264159202576,0.008899403735995293,2.5150299072265625,,0.0,0.16532959043979645,-2.5150299072265625
image_2053.jpg,train,0.003406524658203125,0.011904837563633919,0.05626446753740311,0.00016021728515625,0.6667641997337341,1.0,0.3391265869140625,,0.0,0.0033989211078733206,-0.3391265869140625
image_2054.jpg,val,0.001415252685546875,0.008494595065712929,0.03672923892736435,0.00014495849609375,0.6808814406394958,0.9523809552192688,0.1110076904296875,,0.0,0.0012628671247512102,-0.1110076904296875
image_2055.jpg,val,0.016109466552734375,0.01732543669641018,0.09021620452404022,0.0023956298828125,0.7294169068336487,0.29957932233810425,0.8502960205078125,,0.0,0.012464453466236591,-0.8502960205078125
image_2056.jpg,train,0.03141021728515625,0.027860499918460846,0.20634965598583221,0.007022857666015625,0.7500631809234619,0.02106146700680256,0.250244140625,,0.0,0.05404781177639961,-0.250244140625
image_2057.jpg,train,0.06070709228515625,0.060818396508693695,0.362111359834671,0.008663177490234375,0.7144647836685181,0.06664589792490005,0.467681884765625,0.041527505964040756,0.1667022705078125,0.06111467257142067,-0.6343841552734375
image_2058.jpg,train,0.056064605712890625,0.05632127821445465,0.344529390335083,0.008678436279296875,0.7233209609985352,0.09191019833087921,0.9563446044921875,0.0545184426009655,0.034332275390625,0.044984299689531326,-0.9906768798828125
image_2059.jpg,train,0.0336761474609375,0.03523937612771988,0.25001031160354614,0.007099151611328125,0.7390410304069519,0.322444885969162,0.0690460205078125,0.06528328359127045,0.0072479248046875,0.019105732440948486,-0.0762939453125
image_2060.jpg,val,0.0,1.0551320883678272e-07,0.0,0.0,,0.0,0.0,,0.0,,0.0
image_2061.jpg,train,0.001110076904296875,0.00022444537898991257,8.344650268554688e-07,0.000644683837890625,0.8758944869041443,0.001110076904296875,-0.1110076904296875,,0.0,,0.1110076904296875
image_2062.jpg,train,0.0,2.2049221115594264e-07,1.1920928955078125e-07,0.0,,0.0,0.0,,0.0,,0.0
image_2063.jpg,test,0.0023651123046875,0.0004428254906088114,8.702278137207031e-06,0.001842498779296875,0.9282060861587524,0.0023651123046875,-0.23651123046875,,0.1861572265625,,0.05035400390625
image_2064.jpg,val,0.09168243408203125,0.07547540962696075,0.4119625985622406,0.010677337646484375,0.6998147964477539,0.06492709368467331,4.441070556640625,0.007088692858815193,3.037261962890625,0.40465107560157776,-7.47833251953125
image_2065.jpg,train,0.0529632568359375,0.05706533044576645,0.36293748021125793,0.0062713623046875,0.6905702352523804,0.06690230965614319,1.326751708984375,0.01225127000361681,0.6328582763671875,0.2234380692243576,-1.9596099853515625
image_2066.jpg,val,0.0650787353515625,0.07542108744382858,0.4075579345226288,0.00437164306640625,0.6624810695648193,0.25429874658584595,-0.800323486328125,0.012668603099882603,1.76544189453125,0.18510642647743225,-0.965118408203125
image_2067.jpg,train,0.008998870849609375,0.015449166297912598,0.07586787641048431,0.000270843505859375,0.641278862953186,0.2018890231847763,-0.1239776611328125,0.0020647288765758276,0.4222869873046875,0.31008243560791016,-0.298309326171875
image_2068.jpg,train,0.02455902099609375,0.021383026614785194,0.15118259191513062,0.00461578369140625,0.7447357773780823,0.014853857457637787,-0.07476806640625,,0.0,0.08036565035581589,0.07476806640625
image_2069.jpg,train,0.02164459228515625,0.021485181525349617,0.15141069889068604,0.003902435302734375,0.7351537346839905,0.014048418030142784,-0.131988525390625,,0.0,0.055633287876844406,0.131988525390625
image_2070.jpg,train,0.030063629150390625,0.026879310607910156,0.19741129875183105,0.006526947021484375,0.7484582662582397,0.017874084413051605,0.2033233642578125,,0.0,0.07433518767356873,-0.2033233642578125
image_2071.jpg,train,0.04283905029296875,0.041208893060684204,0.28692954778671265,0.007968902587890625,0.7359275817871094,0.03193260729312897,1.079559326171875,,0.0,0.05382147803902626,-1.079559326171875
image_2072.jpg,train,0.026782989501953125,0.020601419731974602,0.14121347665786743,0.008068084716796875,0.776027500629425,0.019239502027630806,-0.2956390380859375,,0.0,0.05245213210582733,0.2956390380859375
image_2073.jpg,val,0.026782989501953125,0.023950431495904922,0.17551812529563904,0.005645751953125,0.7446379065513611,0.019263990223407745,-0.5802154541015625,,0.0,0.06801038980484009,0.5802154541015625
image_2074.jpg,train,0.026153564453125,0.019969545304775238,0.13698424398899078,0.00763702392578125,0.7707164287567139,0.01046491414308548,0.704193115234375,0.04582573473453522,-0.03662109375,0.15347114205360413,-0.667572021484375
image_2075.jpg,train,0.038722991943359375,0.03372367471456528,0.2542414367198944,0.00714111328125,0.7407574653625488,0.02956322953104973,0.1190185546875,0.0451977401971817,0.0,0.05461267754435539,-0.1190185546875
image_2076.jpg,train,0.03199005126953125,0.030159836634993553,0.2313925176858902,0.005451202392578125,0.7340579032897949,0.02346154861152172,-0.26092529296875,,0.0,0.05593400076031685,0.26092529296875
image_2077.jpg,train,0.011829376220703125,0.01198556087911129,0.05149738863110542,0.001972198486328125,0.732250452041626,0.00638121273368597,-0.0194549560546875,,0.0,0.10053398460149765,0.0194549560546875
image_2078.jpg,train,0.01517486572265625,0.01308083813637495,0.06283103674650192,0.003200531005859375,0.7517891526222229,0.006657761987298727,0.28533935546875,,0.0,0.12074603885412216,-0.28533935546875
image_2079.jpg,test,0.018024444580078125,0.018375569954514503,0.11994101852178574,0.003040313720703125,0.7312710285186768,0.008814346976578236,0.2170562744140625,,0.0,0.1002955436706543,-0.2170562744140625
image_2080.jpg,train,0.015380859375,0.016219163313508034,0.0964462161064148,0.002269744873046875,0.7207404375076294,0.007873626425862312,0.079345703125,,0.0,0.10979904979467392,-0.079345703125
image_2081.jpg,train,0.018062591552734375,0.01752062328159809,0.11186578869819641,0.003124237060546875,0.7318779826164246,0.008694312535226345,0.2567291259765625,,0.0,0.09473425894975662,-0.2567291259765625
image_2082.jpg,train,0.00965118408203125,0.009013055823743343,0.02567419968545437,0.0017852783203125,0.7390406131744385,0.005223291926085949,-0.029754638671875,,0.0,0.09813495725393295,0.029754638671875
image_2083.jpg,train,0.011402130126953125,0.012102067470550537,0.05185282230377197,0.001468658447265625,0.7192802429199219,0.004897473379969597,0.2300262451171875,,0.0,0.09682462364435196,-0.2300262451171875
image_2084.jpg,train,0.01009368896484375,0.00838477909564972,0.020443880930542946,0.001842498779296875,0.7449113130569458,0.004685440566390753,0.119781494140625,,0.0,0.11137868463993073,-0.119781494140625
image_2085.jpg,train,0.015583038330078125,0.01329077035188675,0.0665758028626442,0.003574371337890625,0.7549729943275452,0.004718157462775707,0.6923675537109375,,0.0,0.13667531311511993,-0.6923675537109375
image_2086.jpg,train,0.008533477783203125,0.008726047351956367,0.022551916539669037,0.001506805419921875,0.7401100397109985,0.0038440991193056107,0.1232147216796875,,0.0,0.09703585505485535,-0.1232147216796875
image_2087.jpg,test,0.01262664794921875,0.012253893539309502,0.053701333701610565,0.001811981201171875,0.7243431210517883,0.00600448390468955,0.13275146484375,,0.0,0.11803807318210602,-0.13275146484375
image_2088.jpg,train,0.01688385009765625,0.015525436028838158,0.09112393856048584,0.002956390380859375,0.7390031218528748,0.008947573602199554,0.0396728515625,,0.0,0.10981285572052002,-0.0396728515625
image_2089.jpg,val,0.011852264404296875,0.01119418814778328,0.044636815786361694,0.0024871826171875,0.7448046803474426,0.005346960388123989,0.1857757568359375,,0.0,0.1048118993639946,-0.1857757568359375
image_2090.jpg,train,0.011219024658203125,0.009984101168811321,0.03250830993056297,0.0019683837890625,0.7404646277427673,0.0050868382677435875,0.1567840576171875,,0.0,0.12448934465646744,-0.1567840576171875
image_2091.jpg,train,0.01175689697265625,0.010744238272309303,0.03707627207040787,0.002460479736328125,0.7451207637786865,0.004103916697204113,0.41351318359375,,0.0,0.11128325760364532,-0.41351318359375
image_2092.jpg,test,0.010562896728515625,0.009870692156255245,0.030345777049660683,0.002010345458984375,0.7396689057350159,0.0033928367774933577,0.4199981689453125,,0.0,0.11847905814647675,-0.4199981689453125
image_2093.jpg,train,0.01802825927734375,0.01519434992223978,0.08895495533943176,0.003719329833984375,0.748085618019104,0.004929475951939821,0.91705322265625,,0.0,0.13391180336475372,-0.91705322265625
image_2094.jpg,train,0.017917633056640625,0.018314432352781296,0.12173061072826385,0.003345489501953125,0.7341670989990234,0.006434487644582987,0.6839752197265625,,0.0,0.08894065767526627,-0.6839752197265625
image_2095.jpg,train,0.012119293212890625,0.007363039068877697,0.014300297945737839,0.004177093505859375,0.7994531989097595,0.002355754841119051,0.7610321044921875,,0.0,0.2294791042804718,-0.7610321044921875
image_2096.jpg,train,0.010280609130859375,0.009020183235406876,0.023468775674700737,0.00218963623046875,0.7477278113365173,0.005653687287122011,-0.0278472900390625,,0.0,0.07557067275047302,0.0278472900390625
image_2097.jpg,train,0.003726959228515625,0.00222300854511559,0.00043469667434692383,0.00096893310546875,0.7843258380889893,0.0025918474420905113,-0.1422882080078125,,0.0,0.17640186846256256,0.1422882080078125
image_2098.jpg,train,0.001934051513671875,0.0009745258139446378,4.5161694288253784e-05,0.00075531005859375,0.811337947845459,0.000807776115834713,0.0324249267578125,,0.0,0.3172561526298523,-0.0324249267578125
image_2099.jpg,train,0.011966705322265625,0.008545983582735062,0.017088403925299644,0.00299072265625,0.7613548636436462,0.004632489290088415,0.3040313720703125,,0.0,0.20532359182834625,-0.3040313720703125
image_2100.jpg,train,0.020050048828125,0.016610853374004364,0.10311073064804077,0.00467681884765625,0.7566197514533997,0.0073517183773219585,0.6561279296875,,0.0,0.16106390953063965,-0.6561279296875
image_2101.jpg,train,0.034137725830078125,0.029506519436836243,0.21329306066036224,0.008708953857421875,0.7590929865837097,0.11646992713212967,-0.5382537841796875,,0.0,0.017315281555056572,0.5382537841796875
image_2102.jpg,train,0.02519989013671875,0.02389403246343136,0.1630886197090149,0.006328582763671875,0.7577518820762634,0.1589643359184265,0.4730224609375,,0.0,0.015994878485798836,-0.4730224609375
image_2103.jpg,train,0.047519683837890625,0.0417046844959259,0.29153263568878174,0.008541107177734375,0.7424700260162354,0.05744032561779022,0.4375457763671875,,0.0,0.04155314341187477,-0.4375457763671875
image_2104.jpg,train,0.04419708251953125,0.04406115412712097,0.2984374761581421,0.006847381591796875,0.7254964113235474,0.049545157700777054,1.3946533203125,,0.0,0.041846953332424164,-1.3946533203125
image_2105.jpg,train,0.013759613037109375,0.015460058115422726,0.08107350766658783,0.00321197509765625,0.754724383354187,0.1239589974284172,0.1949310302734375,,0.0,0.008247348479926586,-0.1949310302734375
image_2106.jpg,train,0.1082763671875,0.08663356304168701,0.41736188530921936,0.0196380615234375,0.7286397218704224,0.11114770174026489,3.6090850830078125,0.0091472202911973,2.588653564453125,0.30397722125053406,-6.1977386474609375
image_2107.jpg,train,0.049823760986328125,0.0402996763586998,0.29590436816215515,0.013690948486328125,0.7484784126281738,0.02864292822778225,1.2409210205078125,0.010271375998854637,0.8586883544921875,0.31312867999076843,-2.099609375
image_2108.jpg,train,0.001422882080078125,0.004210862331092358,0.012470390647649765,0.000213623046875,0.7069170475006104,0.019801979884505272,0.06103515625,0.09963099658489227,0.0576019287109375,0.0013069846900179982,-0.1186370849609375
image_2109.jpg,train,0.011157989501953125,0.005451376549899578,0.0058610327541828156,0.00539398193359375,0.8367910385131836,0.0019042936619371176,0.7434844970703125,,0.0,0.4143853187561035,-0.7434844970703125
image_2110.jpg,train,0.003978729248046875,0.002059540944173932,0.00036203861236572266,0.001651763916015625,0.8134373426437378,0.0011558252153918147,0.1682281494140625,,0.0,0.4303944408893585,-0.1682281494140625
image_2111.jpg,train,0.002124786376953125,0.0014621897134929895,0.0005831532180309296,0.0010833740234375,0.8273217678070068,0.00098482146859169,0.0164031982421875,,0.0,0.2535925507545471,-0.0164031982421875
image_2112.jpg,train,0.00714111328125,0.004569754470139742,0.0017860941588878632,0.0023040771484375,0.7834150791168213,0.0030494225211441517,0.11749267578125,,0.0,0.19116099178791046,-0.11749267578125
image_2113.jpg,train,0.00040435791015625,6.165701779536903e-05,7.152557373046875e-07,0.00032806396484375,0.93679279088974,0.00040435791015625,-0.040435791015625,,0.0,,0.040435791015625
image_2114.jpg,test,0.000316619873046875,3.4649408917175606e-05,4.76837158203125e-07,0.000278472900390625,0.9539838433265686,0.000316619873046875,-0.0316619873046875,,0.0,,0.0316619873046875
image_2115.jpg,train,0.00017547607421875,0.0001013522851280868,9.5367431640625e-07,0.00011444091796875,0.9026058316230774,0.00017547607421875,-0.017547607421875,,0.0,,0.017547607421875
image_2116.jpg,train,5.7220458984375e-05,7.593234477099031e-05,1.430511474609375e-06,7.62939453125e-06,0.6905109882354736,4.579261440085247e-05,-0.0034332275390625,,0.0,0.032258063554763794,0.0034332275390625
image_2117.jpg,train,0.00035858154296875,0.00045304777449928224,9.5367431640625e-07,6.103515625e-05,0.6924280524253845,0.00035858154296875,-0.035858154296875,,0.0,,0.035858154296875
image_2118.jpg,train,0.009021759033203125,0.004420222714543343,0.003088615834712982,0.0042877197265625,0.8334073424339294,0.0023895653430372477,0.4322052001953125,0.03667745366692543,0.0301361083984375,0.4481106996536255,-0.46234130859375
image_2119.jpg,val,0.043857574462890625,0.03697819262742996,0.26967477798461914,0.010036468505859375,0.7535499930381775,0.025025716051459312,1.0631561279296875,,0.0,0.08104581385850906,-1.0631561279296875
image_2120.jpg,train,0.003826141357421875,0.0019972624722868204,0.00045291706919670105,0.001697540283203125,0.8281130790710449,0.0005535842501558363,0.2727508544921875,,0.0,0.42503711581230164,-0.2727508544921875
image_2121.jpg,val,0.004062652587890625,0.001588256098330021,0.00014279410243034363,0.00241851806640625,0.8717769384384155,0.0011920647229999304,0.1697540283203125,,0.0,0.36107125878334045,-0.1697540283203125
image_2122.jpg,train,0.023441314697265625,0.015947194769978523,0.09448930621147156,0.00847625732421875,0.7977773547172546,0.008849378675222397,0.6748199462890625,,0.0,0.2656596302986145,-0.6748199462890625
image_2123.jpg,train,0.043437957763671875,0.03931140899658203,0.2825179994106293,0.00897216796875,0.7442620396614075,0.0321652814745903,-0.6046295166015625,,0.0,0.08101094514131546,0.6046295166015625
image_2124.jpg,train,0.000469207763671875,0.0011879063677042723,0.0037864483892917633,0.000347137451171875,0.917129635810852,1.0,-0.0423431396484375,,0.0,2.2898404495208524e-05,0.0423431396484375
image_2125.jpg,train,0.001293182373046875,0.004059944301843643,0.01215674914419651,7.62939453125e-05,0.6862804889678955,0.20273973047733307,0.0728607177734375,,0.0,0.0010123042156919837,-0.0728607177734375
image_2126.jpg,train,0.000316619873046875,0.0016334300162270665,0.004181526601314545,3.814697265625e-05,0.6452091932296753,0.6888889074325562,0.0080108642578125,,0.0,0.00019839830929413438,-0.0080108642578125
image_2127.jpg,train,0.00243377685546875,0.0035245621111243963,0.00776892714202404,0.000759124755859375,0.7669018507003784,0.5472370982170105,0.0091552734375,,0.0,0.0012653727317228913,-0.0091552734375
image_2128.jpg,test,0.000774383544921875,0.001631932333111763,0.004054568707942963,0.00038909912109375,0.8459118008613586,0.9099099040031433,0.0003814697265625,,0.0,0.0003892639360856265,-0.0003814697265625
image_2129.jpg,train,0.008808135986328125,0.01184186153113842,0.04725053161382675,0.00054931640625,0.6854599714279175,0.11576218158006668,-0.0728607177734375,,0.0,0.004213315434753895,0.0728607177734375
image_2130.jpg,train,0.000476837158203125,0.002507211407646537,0.00767960399389267,3.814697265625e-05,0.6728897094726562,1.0,0.0392913818359375,,0.0,0.00043489373638294637,-0.0392913818359375
image_2131.jpg,train,0.001354217529296875,0.0034340026322752237,0.007879797369241714,2.288818359375e-05,0.6773824095726013,0.1716621220111847,0.0392913818359375,,0.0,0.0008760184864513576,-0.0392913818359375
image_2132.jpg,train,0.000301361083984375,0.0017683918122202158,0.004927739500999451,3.814697265625e-06,0.6239078044891357,1.0,0.0286102294921875,,0.0,0.00029373393044807017,-0.0286102294921875
image_2133.jpg,train,0.000743865966796875,0.0014724044594913721,0.004026453942060471,9.1552734375e-05,0.7548632025718689,0.021739130839705467,0.0736236572265625,,0.0,0.0007401811308227479,-0.0736236572265625
image_2134.jpg,train,0.0014190673828125,0.0019728338811546564,0.003843482583761215,0.000453948974609375,0.757224977016449,0.800000011920929,0.13885498046875,,0.0,0.0014038353692740202,-0.13885498046875
image_2135.jpg,train,0.000255584716796875,0.0019129036227241158,0.006080891937017441,0.0,0.6162226796150208,0.6666666865348816,0.0225067138671875,,0.0,0.00024033142835833132,-0.0225067138671875
image_2136.jpg,train,0.00075531005859375,0.002517231274396181,0.005716446787118912,0.0,0.6263500452041626,,0.075531005859375,,0.0,0.00075531005859375,-0.075531005859375
image_2137.jpg,train,0.001995086669921875,0.0031020529568195343,0.007160048931837082,0.0004425048828125,0.750527024269104,0.1015118807554245,0.1636505126953125,,0.0,0.001819008612073958,-0.1636505126953125
image_2138.jpg,train,0.001049041748046875,0.0024468093179166317,0.004693392664194107,1.1444091796875e-05,0.6728267669677734,1.0,0.1018524169921875,,0.0,0.0010337987914681435,-0.1018524169921875
image_2139.jpg,train,0.002964019775390625,0.0044340286403894424,0.007461752742528915,2.6702880859375e-05,0.655123233795166,0.7049180269241333,0.2635955810546875,,0.0,0.002800639485940337,-0.2635955810546875
image_2140.jpg,train,0.000873565673828125,0.0013583500403910875,0.0029740743339061737,0.000301361083984375,0.7998914122581482,,0.0873565673828125,,0.0,0.000873565673828125,-0.0873565673828125
image_2141.jpg,train,0.008800506591796875,0.009705130942165852,0.030202826485037804,0.00125885009765625,0.7184159159660339,0.05076930671930313,0.0820159912109375,,0.0,0.005220645572990179,-0.0820159912109375
image_2142.jpg,train,0.00397491455078125,0.004204037599265575,0.006665274500846863,0.0014495849609375,0.7849419116973877,0.40721648931503296,0.2147674560546875,0.05483625456690788,0.0675201416015625,0.0034185475669801235,-0.28228759765625
image_2143.jpg,train,0.008060455322265625,0.008685518987476826,0.021568337455391884,0.0010986328125,0.7217031717300415,0.2142857164144516,0.0049591064453125,0.09493473917245865,0.333404541015625,0.0058624763041734695,-0.3383636474609375
image_2144.jpg,train,0.01024627685546875,0.011214768514037132,0.04666195809841156,0.001506805419921875,0.7246636748313904,0.4444444477558136,0.087738037109375,0.05986014008522034,0.6072998046875,0.008839735761284828,-0.695037841796875
image_2145.jpg,train,0.01213836669921875,0.013551554642617702,0.06475436687469482,0.001800537109375,0.7233263850212097,0.11198782175779343,0.59661865234375,,0.0,0.009308802895247936,-0.59661865234375
image_2146.jpg,train,0.02426910400390625,0.02507666125893593,0.17870616912841797,0.002994537353515625,0.7170324921607971,0.09485995024442673,1.424407958984375,,0.0,0.020330900326371193,-1.424407958984375
image_2147.jpg,train,0.046054840087890625,0.03291350230574608,0.23226071894168854,0.0151519775390625,0.7868005633354187,0.07190068811178207,-0.0255584716796875,,0.0,0.033777471631765366,0.0255584716796875
image_2148.jpg,train,0.045558929443359375,0.03610513359308243,0.2557658553123474,0.01285552978515625,0.7709566354751587,0.03796691074967384,0.4520416259765625,,0.0,0.054487500339746475,-0.4520416259765625
image_2149.jpg,train,0.054851531982421875,0.04169609397649765,0.286443829536438,0.013912200927734375,0.7652595043182373,0.05964091420173645,-0.3894805908203125,,0.0,0.05020369961857796,0.3894805908203125
image_2150.jpg,train,0.014995574951171875,0.013695372268557549,0.06744413822889328,0.003498077392578125,0.76790851354599,0.21719570457935333,0.8365631103515625,,0.0,0.011861642822623253,-0.8365631103515625
image_2151.jpg,train,0.048431396484375,0.04063882306218147,0.2864123582839966,0.011157989501953125,0.7527269124984741,0.030683835968375206,1.21612548828125,,0.0,0.07407960295677185,-1.21612548828125
image_2152.jpg,train,0.06372833251953125,0.045866958796978,0.31213802099227905,0.016155242919921875,0.7639604210853577,0.04986536502838135,-0.380706787109375,,0.0,0.09280835837125778,0.380706787109375
image_2153.jpg,train,0.036357879638671875,0.0332622304558754,0.23355001211166382,0.008930206298828125,0.7600952982902527,0.042475756257772446,0.6885528564453125,,0.0,0.03310786187648773,-0.6885528564453125
image_2154.jpg,train,0.01312255859375,0.012029670178890228,0.05027930438518524,0.00411224365234375,0.7733029127120972,0.10564524680376053,-0.17547607421875,,0.0,0.00611442606896162,0.17547607421875
image_2155.jpg,val,0.007740020751953125,0.0071415891870856285,0.018831174820661545,0.00160980224609375,0.7597758173942566,0.6557376980781555,0.7434844970703125,,0.0,0.007589198648929596,-0.7434844970703125
image_2156.jpg,train,0.01264190673828125,0.0099946903064847,0.03504554182291031,0.00441741943359375,0.7904863357543945,0.1973399817943573,0.35858154296875,,0.0,0.008304408751428127,-0.35858154296875
image_2157.jpg,val,0.002269744873046875,0.0015000151470303535,0.0025042518973350525,0.00173187255859375,0.9015387296676636,0.7820945978164673,-0.1262664794921875,,0.0,0.0005046797450631857,0.1262664794921875
image_2158.jpg,val,0.015094757080078125,0.012872561812400818,0.059606991708278656,0.00379180908203125,0.7615138292312622,0.14098063111305237,0.5596160888671875,,0.0,0.010706122033298016,-0.5596160888671875
image_2159.jpg,train,0.002101898193359375,0.0003727009752765298,9.179115295410156e-06,0.00154876708984375,0.9225392937660217,0.00014922345872037113,0.1804351806640625,,0.0,0.6472819447517395,-0.1804351806640625
image_2160.jpg,train,0.00173187255859375,0.0009451769292354584,2.9206275939941406e-05,0.000720977783203125,0.8146178722381592,0.001138930325396359,-0.05340576171875,,0.0,0.1143481433391571,0.05340576171875
image_2161.jpg,train,0.005680084228515625,0.0015818409156054258,0.00010466575622558594,0.003620147705078125,0.8878599405288696,0.0009087991202250123,0.3887176513671875,,0.0,0.35214826464653015,-0.3887176513671875
image_2162.jpg,train,0.06585693359375,0.0633079782128334,0.3692818880081177,0.010173797607421875,0.7183065414428711,0.11578842252492905,0.41656494140625,0.016830874606966972,1.105499267578125,0.07649625837802887,-1.522064208984375
image_2163.jpg,test,0.06451034545898438,0.06105276569724083,0.36376914381980896,0.011600494384765625,0.7253065705299377,0.15489163994789124,-0.5664825439453125,0.019031960517168045,0.5512237548828125,0.057035770267248154,0.0152587890625
image_2164.jpg,train,0.05202484130859375,0.04820507764816284,0.3229515850543976,0.01220703125,0.7437669634819031,0.36930784583091736,-0.8884429931640625,0.020745079964399338,0.7152557373046875,0.0371372364461422,0.173187255859375
image_2165.jpg,train,0.037281036376953125,0.03746142238378525,0.27157163619995117,0.008106231689453125,0.7361764311790466,0.25293421745300293,-0.8838653564453125,0.02663925103843212,0.10528564453125,0.020916495472192764,0.7785797119140625
image_2166.jpg,test,0.025135040283203125,0.0320320725440979,0.23789414763450623,0.002635955810546875,0.6887996196746826,0.1954231709241867,0.225830078125,0.026203524321317673,-0.005340576171875,0.017724474892020226,-0.220489501953125
image_2167.jpg,train,0.047313690185546875,0.038474906235933304,0.2710631787776947,0.01328277587890625,0.7667663097381592,0.16223545372486115,-0.4489898681640625,0.08914728462696075,-0.0164031982421875,0.025366870686411858,0.46539306640625
image_2168.jpg,train,0.04467010498046875,0.04704765975475311,0.31519418954849243,0.008579254150390625,0.727755069732666,0.49246010184288025,-1.032257080078125,0.025086838752031326,0.6832122802734375,0.030383871868252754,0.3490447998046875
image_2169.jpg,test,0.0540771484375,0.057351674884557724,0.35316169261932373,0.007038116455078125,0.7073827385902405,0.10029812157154083,0.540924072265625,0.02188333310186863,0.243377685546875,0.05540507659316063,-0.7843017578125
image_2170.jpg,train,0.05904388427734375,0.05196169763803482,0.33643826842308044,0.01209259033203125,0.7402057647705078,0.12809526920318604,-0.171661376953125,0.02658146619796753,0.1499176025390625,0.04486137628555298,0.0217437744140625
image_2171.jpg,train,0.06151580810546875,0.058746449649333954,0.35834306478500366,0.01050567626953125,0.7221962809562683,0.0983513668179512,0.6168365478515625,0.02137482911348343,0.6031036376953125,0.06978455930948257,-1.219940185546875
image_2172.jpg,train,0.05596160888671875,0.05391417816281319,0.3460977375507355,0.009063720703125,0.7190743088722229,0.05389312282204628,0.3082275390625,0.02865724451839924,0.1194000244140625,0.07365001738071442,-0.4276275634765625
image_2173.jpg,val,0.02623748779296875,0.03181726858019829,0.23675844073295593,0.004703521728515625,0.7128933072090149,0.481446236371994,-0.2811431884765625,0.03059564158320427,0.0766754150390625,0.015511727891862392,0.2044677734375
image_2174.jpg,train,0.075408935546875,0.06496146321296692,0.37249958515167236,0.016387939453125,0.7416329979896545,0.14247477054595947,1.241302490234375,0.01923726499080658,0.9822845458984375,0.07959811389446259,-2.2235870361328125
image_2175.jpg,train,0.03672027587890625,0.04392547160387039,0.3023718595504761,0.00519561767578125,0.7033637166023254,0.42452943325042725,-0.350189208984375,0.024588020518422127,0.3688812255859375,0.02401253581047058,-0.0186920166015625
image_2176.jpg,train,0.06339263916015625,0.05883021280169487,0.3583088517189026,0.011203765869140625,0.7265327572822571,0.15449881553649902,-0.305938720703125,0.0239464920014143,0.1758575439453125,0.052528589963912964,0.1300811767578125
image_2177.jpg,train,0.027919769287109375,0.03315770626068115,0.2473863810300827,0.0045318603515625,0.7116631865501404,0.46743565797805786,-0.4566192626953125,0.03353734314441681,-0.13580322265625,0.013978822156786919,0.5924224853515625
image_2178.jpg,train,0.006587982177734375,0.009510220028460026,0.03129308670759201,0.000469207763671875,0.7085835933685303,,0.6587982177734375,,0.0,0.006587982177734375,-0.6587982177734375
image_2179.jpg,train,0.001735687255859375,0.004126719199120998,0.01111796498298645,0.000652313232421875,0.7417845726013184,1.0,0.0431060791015625,,0.0,0.0010840811301022768,-0.0431060791015625
image_2180.jpg,train,0.045665740966796875,0.038920022547245026,0.26561447978019714,0.011707305908203125,0.7606440782546997,0.20176328718662262,-0.2872467041015625,,0.0,0.024322237819433212,0.2872467041015625
image_2181.jpg,test,0.053440093994140625,0.05295681580901146,0.3294156789779663,0.008029937744140625,0.7276708483695984,0.15585923194885254,0.8365631103515625,,0.0,0.036126792430877686,-0.8365631103515625
image_2182.jpg,train,0.005725860595703125,0.014253312721848488,0.06766656041145325,2.288818359375e-05,0.6337411999702454,0.04733455926179886,0.4940032958984375,,0.0,0.00537758506834507,-0.4940032958984375
image_2183.jpg,test,0.003810882568359375,0.008631004951894283,0.032917097210884094,0.00046539306640625,0.7123197317123413,0.062068965286016464,0.3673553466796875,,0.0,0.003746362403035164,-0.3673553466796875
image_2184.jpg,train,0.013214111328125,0.017125455662608147,0.09445764124393463,0.00138092041015625,0.7117008566856384,0.420671671628952,0.212860107421875,,0.0,0.007773783523589373,-0.212860107421875
image_2185.jpg,train,0.007228851318359375,0.016673440113663673,0.08834312856197357,9.1552734375e-05,0.6766141653060913,0.08806262165307999,0.6885528564453125,,0.0,0.007070973515510559,-0.6885528564453125
image_2186.jpg,train,0.00246429443359375,0.010742543265223503,0.04469507932662964,2.288818359375e-05,0.6418420672416687,,0.246429443359375,,0.0,0.00246429443359375,-0.246429443359375
image_2187.jpg,train,0.009304046630859375,0.013170965015888214,0.061010271310806274,0.001285552978515625,0.7351163625717163,,0.9304046630859375,,0.0,0.009304046630859375,-0.9304046630859375
image_2188.jpg,val,0.016033172607421875,0.01681593991816044,0.08278459310531616,0.004039764404296875,0.7580951452255249,0.610084056854248,1.3263702392578125,,0.0,0.014681761153042316,-1.3263702392578125
image_2189.jpg,val,0.00560760498046875,0.009155371226370335,0.03622569888830185,0.001110076904296875,0.7390944957733154,0.9928825497627258,0.347900390625,,0.0,0.004548179917037487,-0.347900390625
image_2190.jpg,train,0.00293731689453125,0.009702170267701149,0.032774701714515686,0.0,0.6058035492897034,0.06861848384141922,0.23651123046875,,0.0,0.002662315033376217,-0.23651123046875
image_2191.jpg,train,0.025325775146484375,0.031063919886946678,0.20801320672035217,0.00336456298828125,0.7180606722831726,0.04339224100112915,0.5413055419921875,,0.0,0.019946038722991943,-0.5413055419921875
image_2192.jpg,train,0.033115386962890625,0.02803240343928337,0.18970750272274017,0.007633209228515625,0.7637384533882141,0.0934777483344078,0.5855560302734375,,0.0,0.022811615839600563,-0.5855560302734375
image_2193.jpg,train,1.52587890625e-05,6.65629340801388e-05,1.0609626770019531e-05,0.0,0.5969839096069336,1.52587890625e-05,-0.00152587890625,,0.0,,0.00152587890625
image_2194.jpg,train,7.2479248046875e-05,9.33605624595657e-05,1.4424324035644531e-05,2.6702880859375e-05,0.7838982343673706,4.5778462663292885e-05,-0.0019073486328125,,0.0,0.5833333134651184,0.0019073486328125
image_2195.jpg,train,1.1444091796875e-05,2.3214144675876014e-05,1.430511474609375e-06,0.0,0.7171684503555298,1.1444091796875e-05,-0.0011444091796875,,0.0,,0.0011444091796875
image_2196.jpg,train,0.008625030517578125,0.00804365798830986,0.027954960241913795,0.002529144287109375,0.7695184350013733,0.4589189291000366,0.2147674560546875,,0.0,0.0054246350191533566,-0.2147674560546875
image_2197.jpg,train,0.032314300537109375,0.023282893002033234,0.16245155036449432,0.00927734375,0.7781270146369934,0.25955960154533386,0.2277374267578125,,0.0,0.018358059227466583,-0.2277374267578125
image_2198.jpg,val,0.011993408203125,0.010297134518623352,0.03916852921247482,0.0033111572265625,0.7701175212860107,0.22706781327724457,-0.568389892578125,,0.0,0.0032825276721268892,0.568389892578125
image_2199.jpg,train,0.01288604736328125,0.013668987900018692,0.06653253734111786,0.00182342529296875,0.7272727489471436,0.1719847470521927,0.634765625,,0.0,0.009803197346627712,-0.634765625
image_2200.jpg,train,0.028896331787109375,0.022979971021413803,0.1618223488330841,0.0073394775390625,0.7664230465888977,0.26340219378471375,1.1577606201171875,,0.0,0.020924875512719154,-1.1577606201171875
image_2201.jpg,test,0.02373504638671875,0.026929069310426712,0.19652114808559418,0.003284454345703125,0.7202188968658447,0.024450965225696564,-0.144195556640625,,0.0,0.022975310683250427,0.144195556640625
image_2202.jpg,test,0.017818450927734375,0.015743326395750046,0.08495375514030457,0.004329681396484375,0.7639762163162231,0.2534383237361908,0.0385284423828125,,0.0,0.009426061064004898,-0.0385284423828125
image_2203.jpg,train,0.015842437744140625,0.01604299619793892,0.09176401048898697,0.003627777099609375,0.752415657043457,0.017983173951506615,0.2079010009765625,,0.0,0.014515411108732224,-0.2079010009765625
image_2204.jpg,train,0.04085540771484375,0.03513166308403015,0.25301140546798706,0.009464263916015625,0.7548284530639648,0.027893802151083946,1.86920166015625,,0.0,0.04939904808998108,-1.86920166015625
image_2205.jpg,test,0.044811248779296875,0.0341494083404541,0.24242877960205078,0.013271331787109375,0.7769689559936523,0.20985141396522522,-0.4756927490234375,,0.0,0.022709183394908905,0.4756927490234375
image_2206.jpg,test,0.025150299072265625,0.024694213643670082,0.17491529881954193,0.00470733642578125,0.7400975227355957,0.3718792796134949,0.4467010498046875,,0.0,0.015232251025736332,-0.4467010498046875
image_2207.jpg,train,0.040618896484375,0.039149828255176544,0.27005186676979065,0.00829315185546875,0.7427136898040771,0.16830527782440186,0.431060791015625,,0.0,0.025180870667099953,-0.431060791015625
image_2208.jpg,train,0.03371429443359375,0.034149497747421265,0.2518145740032196,0.00591278076171875,0.7320922017097473,0.06574934720993042,-0.131988525390625,,0.0,0.02207973785698414,0.131988525390625
image_2209.jpg,train,0.023624420166015625,0.018896523863077164,0.12872116267681122,0.0063018798828125,0.7629233598709106,0.007476191967725754,1.0890960693359375,,0.0,0.11629222333431244,-1.0890960693359375
image_2210.jpg,train,0.008289337158203125,0.00710812583565712,0.011178966611623764,0.00177001953125,0.7514294385910034,0.00214343867264688,0.4192352294921875,,0.0,0.1408887356519699,-0.4192352294921875
image_2211.jpg,train,0.01885223388671875,0.015025971457362175,0.08409235626459122,0.003997802734375,0.7505866289138794,0.004519778769463301,1.07269287109375,,0.0,0.14623014628887177,-1.07269287109375
image_2212.jpg,test,0.013355255126953125,0.010143101215362549,0.03479720652103424,0.00345611572265625,0.7638750672340393,0.0020953076891601086,0.9464263916015625,,0.0,0.1595795750617981,-0.9464263916015625
image_2213.jpg,train,0.009708404541015625,0.010425028391182423,0.03607697784900665,0.00130462646484375,0.7218986749649048,0.003903832985088229,0.2391815185546875,,0.0,0.0961911678314209,-0.2391815185546875
image_2214.jpg,train,0.014141082763671875,0.014288963750004768,0.07569539546966553,0.00215911865234375,0.7274155020713806,0.004107795190066099,0.6816864013671875,,0.0,0.09658251702785492,-0.6816864013671875
image_2215.jpg,train,0.0167388916015625,0.016411632299423218,0.10057885944843292,0.00270843505859375,0.7301923632621765,0.004060856997966766,0.951385498046875,,0.0,0.11889296025037766,-0.951385498046875
image_2216.jpg,train,0.0129547119140625,0.011793360114097595,0.04775175452232361,0.0027923583984375,0.744653582572937,0.003782728686928749,0.603485107421875,,0.0,0.11126508563756943,-0.603485107421875
image_2217.jpg,train,0.021511077880859375,0.019412297755479813,0.1354990452528,0.003612518310546875,0.7350417375564575,0.0060550253838300705,1.1577606201171875,,0.0,0.09204941242933273,-1.1577606201171875
image_2218.jpg,val,0.016078948974609375,0.011854207143187523,0.04964840039610863,0.0044097900390625,0.771310031414032,0.0030251380521804094,1.0486602783203125,,0.0,0.1754951924085617,-1.0486602783203125
image_2219.jpg,test,0.016765594482421875,0.015590576454997063,0.09078328311443329,0.003326416015625,0.742787778377533,0.003441469045355916,1.0700225830078125,,0.0,0.11561436206102371,-1.0700225830078125
image_2220.jpg,train,0.01476287841796875,0.01342381164431572,0.06636736541986465,0.003269195556640625,0.7480911016464233,0.003588195890188217,0.823211669921875,,0.0,0.12779851257801056,-0.823211669921875
image_2221.jpg,train,0.037322998046875,0.03191082552075386,0.23913905024528503,0.00722503662109375,0.7451352477073669,0.008442877791821957,2.413177490234375,,0.0,0.14043866097927094,-2.413177490234375
image_2222.jpg,train,0.02793121337890625,0.019908007234334946,0.1364905834197998,0.00774383544921875,0.7754547595977783,0.005350038409233093,1.8646240234375,,0.0,0.1760939210653305,-1.8646240234375
image_2223.jpg,train,0.012409210205078125,0.009761105291545391,0.029324296861886978,0.002925872802734375,0.7573764324188232,0.002051570685580373,0.8571624755859375,,0.0,0.16208888590335846,-0.8571624755859375
image_2224.jpg,train,0.023708343505859375,0.020154878497123718,0.14243192970752716,0.00528717041015625,0.7539604306221008,0.010096283629536629,0.6587982177734375,,0.0,0.09956373274326324,-0.6587982177734375
image_2225.jpg,train,0.046382904052734375,0.03961155191063881,0.2797674536705017,0.010021209716796875,0.7499803900718689,0.031152790412306786,1.0089874267578125,,0.0,0.06763214617967606,-1.0089874267578125
image_2226.jpg,train,0.04990386962890625,0.040341973304748535,0.2830723524093628,0.01256561279296875,0.7611970901489258,0.04016405716538429,1.673126220703125,,0.0,0.056755561381578445,-1.673126220703125
image_2227.jpg,train,0.04758453369140625,0.04505030810832977,0.303017795085907,0.009273529052734375,0.7366657257080078,0.15237976610660553,0.06866455078125,,0.0,0.028525184839963913,-0.06866455078125
image_2228.jpg,train,0.043788909912109375,0.04197343438863754,0.281302809715271,0.008647918701171875,0.7437522411346436,0.14778690040111542,0.1247406005859375,,0.0,0.026304062455892563,-0.1247406005859375
image_2229.jpg,train,0.0322723388671875,0.03471560776233673,0.24109692871570587,0.006702423095703125,0.742492139339447,0.12445325404405594,0.4486083984375,,0.0,0.020688766613602638,-0.4486083984375
image_2230.jpg,train,0.00897979736328125,0.008635208941996098,0.025746993720531464,0.001373291015625,0.7408140301704407,0.31896552443504333,0.24871826171875,,0.0,0.005792443174868822,-0.24871826171875
image_2231.jpg,test,0.009288787841796875,0.010319853201508522,0.03920596092939377,0.001300811767578125,0.7299156188964844,0.5122422575950623,0.3223419189453125,,0.0,0.0062933629378676414,-0.3223419189453125
image_2232.jpg,train,0.00696563720703125,0.009843995794653893,0.0403362512588501,0.001979827880859375,0.764142632484436,0.01820187456905842,0.67138671875,,0.0,0.006887385621666908,-0.67138671875
image_2233.jpg,train,0.047946929931640625,0.0423271507024765,0.2880804240703583,0.011077880859375,0.7537104487419128,0.053144581615924835,0.7762908935546875,,0.0,0.04478738084435463,-0.7762908935546875
image_2234.jpg,train,0.03462982177734375,0.031869370490312576,0.22577132284641266,0.00748443603515625,0.7486273646354675,0.022597504779696465,1.750946044921875,,0.0,0.04196731746196747,-1.750946044921875
image_2235.jpg,train,0.0323638916015625,0.0342794805765152,0.243190199136734,0.00644683837890625,0.734561562538147,0.06547118723392487,0.562286376953125,,0.0,0.023867618292570114,-0.562286376953125
image_2236.jpg,train,0.001922607421875,0.007848745211958885,0.03065607324242592,0.00012969970703125,0.6991982460021973,1.0,0.189208984375,,0.0,0.0019073777366429567,-0.189208984375
image_2237.jpg,val,0.020290374755859375,0.02718944475054741,0.17171905934810638,0.00345611572265625,0.7290148735046387,0.034603267908096313,0.8808135986328125,,0.0,0.017443323507905006,-0.8808135986328125
image_2238.jpg,train,0.02398681640625,0.024499617516994476,0.17751386761665344,0.00382232666015625,0.7292446494102478,0.015984393656253815,0.366973876953125,,0.0,0.03794063627719879,-0.366973876953125
image_2239.jpg,train,0.042903900146484375,0.04189460724592209,0.2838311493396759,0.0073699951171875,0.736321747303009,0.028284594416618347,1.2294769287109375,,0.0,0.06014131382107735,-1.2294769287109375
image_2240.jpg,train,0.019954681396484375,0.023909304291009903,0.15515486896038055,0.002933502197265625,0.7233841419219971,0.023664822801947594,0.7358551025390625,,0.0,0.018609195947647095,-0.7358551025390625
image_2241.jpg,val,0.050327301025390625,0.04160735011100769,0.2938135862350464,0.011592864990234375,0.754450261592865,0.03312890604138374,1.0639190673828125,,0.0,0.07601716369390488,-1.0639190673828125
image_2242.jpg,train,0.02120208740234375,0.019645728170871735,0.11893884837627411,0.00572967529296875,0.7687860131263733,0.017973987385630608,0.919342041015625,,0.0,0.022821398451924324,-0.919342041015625
image_2243.jpg,train,0.0274658203125,0.028499223291873932,0.20151452720165253,0.005344390869140625,0.7393872141838074,0.02213509939610958,1.079559326171875,,0.0,0.0306855458766222,-1.079559326171875
image_2244.jpg,train,0.019176483154296875,0.01990322768688202,0.12894189357757568,0.002681732177734375,0.7250028252601624,0.016362786293029785,0.5825042724609375,,0.0,0.021115507930517197,-0.5825042724609375
image_2245.jpg,val,0.025432586669921875,0.027886364609003067,0.18299001455307007,0.0057830810546875,0.7493103742599487,0.053693320602178574,0.9288787841796875,,0.0,0.020432353019714355,-0.9288787841796875
image_2246.jpg,train,0.0334014892578125,0.02743477188050747,0.19735200703144073,0.007415771484375,0.755729615688324,0.03554973751306534,0.10833740234375,,0.0,0.03161126375198364,-0.10833740234375
image_2247.jpg,train,0.039516448974609375,0.03466857224702835,0.24428214132785797,0.008152008056640625,0.751095175743103,0.051271334290504456,-0.0728607177734375,,0.0,0.03192264214158058,0.0728607177734375
image_2248.jpg,test,0.02338409423828125,0.0249444879591465,0.16366377472877502,0.0049285888671875,0.7484750747680664,0.053792554885149,0.064849853515625,,0.0,0.015236087143421173,-0.064849853515625
image_2249.jpg,train,0.030040740966796875,0.028809288516640663,0.18962402641773224,0.007678985595703125,0.7635393142700195,0.051475536078214645,0.7869720458984375,,0.0,0.02415771223604679,-0.7869720458984375
image_2250.jpg,train,0.034824371337890625,0.035195622593164444,0.24376589059829712,0.00724029541015625,0.7442531585693359,0.03508580103516579,0.5435943603515625,,0.0,0.034635983407497406,-0.5435943603515625
image_2251.jpg,train,0.03978729248046875,0.03390069305896759,0.2423177808523178,0.00998687744140625,0.7632527947425842,0.026067469269037247,-0.82244873046875,,0.0,0.19954659044742584,0.82244873046875
image_2252.jpg,test,0.026935577392578125,0.018924454227089882,0.1250266283750534,0.008609771728515625,0.7860128879547119,0.01642904244363308,-0.3887176513671875,,0.0,0.1860450804233551,0.3887176513671875
image_2253.jpg,test,0.040515899658203125,0.03147611767053604,0.23645173013210297,0.01080322265625,0.767268180847168,0.034059587866067886,-1.9916534423828125,,0.0,0.09127480536699295,1.9916534423828125
image_2254.jpg,train,0.0367279052734375,0.026570061221718788,0.19771935045719147,0.01026153564453125,0.774376392364502,0.02631535939872265,-1.235198974609375,,0.0,0.18065136671066284,1.235198974609375
image_2255.jpg,test,0.043636322021484375,0.031870126724243164,0.23303504288196564,0.012584686279296875,0.7767862677574158,0.029226433485746384,-0.8983612060546875,,0.0,0.173630490899086,0.8983612060546875
image_2256.jpg,train,0.03582763671875,0.02814076468348503,0.21214906871318817,0.009410858154296875,0.7634952068328857,0.02711210586130619,-1.253509521484375,,0.0,0.10773900151252747,1.253509521484375
image_2257.jpg,test,0.036579132080078125,0.02896248735487461,0.2127583622932434,0.011157989501953125,0.7773463129997253,0.02440544404089451,-0.7640838623046875,,0.0,0.15383680164813995,0.7640838623046875
image_2258.jpg,train,0.013721466064453125,0.008930204436182976,0.026070518419146538,0.005565643310546875,0.8109420537948608,0.009615834802389145,-0.5077362060546875,,0.0,0.19203390181064606,0.5077362060546875
image_2259.jpg,train,0.029628753662109375,0.02585930936038494,0.19330574572086334,0.00677490234375,0.752577543258667,0.02457386627793312,-1.7139434814453125,,0.0,0.1289788782596588,1.7139434814453125
image_2260.jpg,test,0.04193115234375,0.03508958965539932,0.24908894300460815,0.00971221923828125,0.7578195929527283,0.039449360221624374,-2.6622772216796875,1.0,-0.0011444091796875,0.05827471986413002,2.663421630859375
image_2261.jpg,train,0.06361770629882812,0.04758661985397339,0.3028097152709961,0.0179443359375,0.7770722508430481,0.06333202868700027,-2.0442962646484375,,0.0,0.0641813725233078,2.0442962646484375
image_2262.jpg,train,0.105194091796875,0.08446811884641647,0.394456148147583,0.023433685302734375,0.7539657354354858,0.2755884826183319,1.555633544921875,0.10091496258974075,-0.2140045166015625,0.07425273209810257,-1.3416290283203125
image_2263.jpg,train,0.0077972412109375,0.007806569337844849,0.024776900187134743,0.001796722412109375,0.7731431126594543,1.0,0.4779815673828125,0.15221843123435974,-0.0408172607421875,0.006153288297355175,-0.437164306640625
image_2264.jpg,train,0.0258636474609375,0.022550271824002266,0.16137386858463287,0.00563812255859375,0.7551162838935852,0.17490831017494202,-0.579071044921875,,0.0,0.011035009287297726,0.579071044921875
image_2265.jpg,train,0.0059661865234375,0.005522723309695721,0.01013341173529625,0.000942230224609375,0.7650146484375,0.010101010091602802,0.594329833984375,,0.0,0.0059614963829517365,-0.594329833984375
image_2266.jpg,train,0.01718902587890625,0.018272411078214645,0.11465516686439514,0.001110076904296875,0.7036066651344299,0.07325776666402817,1.186370849609375,,0.0,0.015074263326823711,-1.186370849609375
image_2267.jpg,train,0.015644073486328125,0.015022896230220795,0.08127789199352264,0.003204345703125,0.7511802911758423,0.28962910175323486,0.62713623046875,0.10526315867900848,0.0003814697265625,0.01114032231271267,-0.6275177001953125
image_2268.jpg,train,0.03267669677734375,0.020064448937773705,0.13872528076171875,0.010074615478515625,0.7869061231613159,0.31683599948883057,-0.6103515625,,0.0,0.014152726158499718,0.6103515625
image_2269.jpg,train,0.02789306640625,0.021592138335108757,0.14634500443935394,0.00409698486328125,0.7450234889984131,0.17438794672489166,2.08282470703125,,0.0,0.024864308536052704,-2.08282470703125
image_2270.jpg,val,0.05641937255859375,0.04381798952817917,0.3060813546180725,0.012508392333984375,0.755229651927948,0.02841724082827568,1.25885009765625,,0.0,0.1508052945137024,-1.25885009765625
image_2271.jpg,train,0.0482635498046875,0.0400271937251091,0.2765587866306305,0.00962066650390625,0.7537832856178284,0.02509218081831932,0.963592529296875,,0.0,0.1257123053073883,-0.963592529296875
image_2272.jpg,train,0.042026519775390625,0.03375418111681938,0.24240824580192566,0.010219573974609375,0.7615094780921936,0.023381995037198067,0.3986358642578125,,0.0,0.12332576513290405,-0.3986358642578125
image_2273.jpg,train,0.0185394287109375,0.015176151879131794,0.08757427334785461,0.00460052490234375,0.7644057869911194,0.010231811553239822,-0.041961669921875,,0.0,0.12322299182415009,0.041961669921875
image_2274.jpg,train,0.010829925537109375,0.007725043222308159,0.019335219636559486,0.0036468505859375,0.7900490164756775,0.0058553824201226234,-0.0598907470703125,,0.0,0.212486132979393,0.0598907470703125
image_2275.jpg,train,0.07012557983398438,0.056666381657123566,0.34939417243003845,0.014125823974609375,0.7411772608757019,0.051812633872032166,0.002288818359375,0.06910835951566696,-0.0652313232421875,0.11366622149944305,0.0629425048828125
image_2276.jpg,val,0.0080718994140625,0.008431481197476387,0.02740708366036415,0.001819610595703125,0.7491112351417542,0.5027971863746643,-0.2899169921875,,0.0,0.002614893252030015,0.2899169921875
image_2277.jpg,train,0.007053375244140625,0.006138368044048548,0.016022900119423866,0.000812530517578125,0.7485173344612122,0.04396437481045723,0.5283355712890625,,0.0,0.006295086350291967,-0.5283355712890625
image_2278.jpg,val,0.0156097412109375,0.013432584702968597,0.06503602117300034,0.002819061279296875,0.7472079992294312,0.2045513391494751,0.957489013671875,,0.0,0.012780851684510708,-0.957489013671875
image_2279.jpg,train,0.001850128173828125,0.0038622627034783363,0.011187413707375526,2.6702880859375e-05,0.6594690084457397,1.0,0.1781463623046875,,0.0,0.0018158582970499992,-0.1781463623046875
image_2280.jpg,train,0.0163421630859375,0.023181820288300514,0.14024676382541656,0.00069427490234375,0.6966684460639954,0.13905683159828186,1.28326416015625,,0.0,0.014773833565413952,-1.28326416015625
image_2281.jpg,train,0.07326126098632812,0.06624926626682281,0.3560999035835266,0.01709747314453125,0.7556939721107483,0.10909469425678253,-0.2742767333984375,0.0625,0.0011444091796875,0.05410816892981529,0.27313232421875
image_2282.jpg,val,0.047702789306640625,0.04091852158308029,0.2876351773738861,0.010692596435546875,0.751492977142334,0.030329294502735138,0.4184722900390625,,0.0,0.09181234985589981,-0.4184722900390625
image_2283.jpg,train,0.038120269775390625,0.04423632472753525,0.29805365204811096,0.0046539306640625,0.7127721905708313,0.03768044337630272,0.4444122314453125,,0.0,0.03847559541463852,-0.4444122314453125
image_2284.jpg,train,0.05554962158203125,0.046972472220659256,0.31354787945747375,0.01348876953125,0.7567977905273438,0.11933822929859161,-0.5096435546875,,0.0,0.03382003307342529,0.5096435546875
image_2285.jpg,train,0.05423736572265625,0.0495973639190197,0.3241163194179535,0.009372711181640625,0.7325298190116882,0.04581136256456375,1.354217529296875,,0.0,0.06097042188048363,-1.354217529296875
image_2286.jpg,train,0.050777435302734375,0.042555492371320724,0.2923516631126404,0.01342010498046875,0.7631487846374512,0.05569447949528694,-1.6002655029296875,,0.0,0.04341655224561691,1.6002655029296875
image_2287.jpg,train,0.026988983154296875,0.02911156788468361,0.2117588073015213,0.00365447998046875,0.721661388874054,0.1537548303604126,-0.7595062255859375,,0.0,0.010925720445811749,0.7595062255859375
image_2288.jpg,train,0.0155487060546875,0.02065441384911537,0.13589704036712646,0.0018463134765625,0.7018502950668335,0.20712333917617798,-0.2960205078125,1.0,-0.000762939453125,0.006584569346159697,0.296783447265625
image_2289.jpg,train,0.0315093994140625,0.03177652508020401,0.23014308512210846,0.006626129150390625,0.7444711923599243,0.15516874194145203,-0.739288330078125,,0.0,0.013786455616354942,0.739288330078125
image_2290.jpg,train,0.04683685302734375,0.04886195808649063,0.3263934552669525,0.0064239501953125,0.7155598998069763,0.11234624683856964,-0.528717041015625,,0.0,0.027049848809838295,0.528717041015625
image_2291.jpg,train,0.02233123779296875,0.0252888984978199,0.18423399329185486,0.003040313720703125,0.7160342335700989,0.03894731029868126,-0.99945068359375,,0.0,0.010544093325734138,0.99945068359375
image_2292.jpg,train,0.025848388671875,0.027076616883277893,0.1854328066110611,0.006000518798828125,0.748093843460083,0.028039870783686638,0.977325439453125,,0.0,0.024967780336737633,-0.977325439453125
image_2293.jpg,val,0.033756256103515625,0.027471717447042465,0.2027810513973236,0.007999420166015625,0.7611552476882935,0.021667659282684326,0.2933502197265625,,0.0,0.06353463232517242,-0.2933502197265625
image_2294.jpg,train,0.046627044677734375,0.0389939583837986,0.2689306437969208,0.0108184814453125,0.7595751881599426,0.03987666592001915,0.2422332763671875,,0.0,0.05502114072442055,-0.2422332763671875
image_2295.jpg,train,0.034999847412109375,0.034397855401039124,0.2452870011329651,0.006320953369140625,0.7357918620109558,0.04668745398521423,0.1644134521484375,,0.0,0.028504451736807823,-0.1644134521484375
image_2296.jpg,val,0.0308380126953125,0.02668692357838154,0.1904550939798355,0.0069122314453125,0.754718005657196,0.028586722910404205,0.35400390625,,0.0,0.03289507329463959,-0.35400390625
image_2297.jpg,train,0.0483551025390625,0.060741882771253586,0.363226056098938,0.00421142578125,0.6791684031486511,0.2145659625530243,-0.0041961669921875,0.03787027671933174,-1.313018798828125,0.0367339663207531,1.3172149658203125
image_2298.jpg,test,0.02817535400390625,0.036438778042793274,0.24522536993026733,0.003826141357421875,0.7191866636276245,0.08822479844093323,-0.7659912109375,,0.0,0.012871879152953625,0.7659912109375
image_2299.jpg,train,0.04470062255859375,0.03829905390739441,0.25881505012512207,0.010593414306640625,0.7642530798912048,0.11316518485546112,-0.144195556640625,,0.0,0.027168184518814087,0.144195556640625
image_2300.jpg,test,0.02581024169921875,0.030122283846139908,0.2157880961894989,0.004383087158203125,0.7274887561798096,0.039934493601322174,-0.507354736328125,,0.0,0.016905298456549644,0.507354736328125
image_2301.jpg,train,0.0795440673828125,0.07110413163900375,0.3827928602695465,0.013347625732421875,0.7264044284820557,0.06497699022293091,0.109100341796875,0.05933054909110069,-0.127410888671875,0.11388750374317169,0.018310546875
image_2302.jpg,train,0.06314849853515625,0.04771532118320465,0.3087945580482483,0.016231536865234375,0.7684001326560974,0.03282509744167328,0.856781005859375,,0.0,0.2126648724079132,-0.856781005859375
image_2303.jpg,train,0.08562469482421875,0.07072848826646805,0.36458879709243774,0.01367950439453125,0.7426079511642456,0.09845933318138123,5.841827392578125,,0.0,0.08356718719005585,-5.841827392578125
image_2304.jpg,train,0.09880828857421875,0.07961869239807129,0.38879257440567017,0.0157470703125,0.7401626110076904,0.05249772220849991,5.43975830078125,,0.0,0.13275553286075592,-5.43975830078125
image_2305.jpg,train,0.07659912109375,0.05018515884876251,0.3180540204048157,0.02144622802734375,0.7779226303100586,0.036206766963005066,2.54364013671875,,0.0,0.17384634912014008,-2.54364013671875
image_2306.jpg,val,0.07436370849609375,0.05287402123212814,0.3250192701816559,0.0199127197265625,0.7731140851974487,0.025858119130134583,3.90625,,0.0,0.1786770224571228,-3.90625
image_2307.jpg,train,0.037639617919921875,0.03169560059905052,0.23035693168640137,0.0080413818359375,0.7508058547973633,0.019679618999361992,0.4375457763671875,,0.0,0.13565710186958313,-0.4375457763671875
image_2308.jpg,train,0.07854080200195312,0.062347158789634705,0.34190991520881653,0.01909637451171875,0.7663885951042175,0.05015164241194725,1.0791778564453125,,0.0,0.13762179017066956,-1.0791778564453125
image_2309.jpg,train,0.08108139038085938,0.06929627060890198,0.36646750569343567,0.013935089111328125,0.7435848712921143,0.06158514693379402,1.5277862548828125,,0.0,0.1034448891878128,-1.5277862548828125
image_2310.jpg,train,0.02045440673828125,0.015698306262493134,0.09703528136014938,0.004642486572265625,0.7639520764350891,0.012179410085082054,-0.262451171875,,0.0,0.16966748237609863,0.262451171875
image_2311.jpg,train,0.062000274658203125,0.055277980864048004,0.33867448568344116,0.011699676513671875,0.7422798275947571,0.05225592851638794,-2.1396636962890625,,0.0,0.10048714280128479,2.1396636962890625
image_2312.jpg,test,0.03838348388671875,0.034223467111587524,0.2504628300666809,0.00652313232421875,0.7387539148330688,0.051361940801143646,0.0274658203125,,0.0,0.0307290181517601,-0.0274658203125
image_2313.jpg,train,0.05826568603515625,0.04523291438817978,0.2945643961429596,0.0159454345703125,0.7721550464630127,0.07020343840122223,-0.7843017578125,,0.0,0.047643762081861496,0.7843017578125
image_2314.jpg,test,0.05965423583984375,0.04457534849643707,0.3057100176811218,0.01914215087890625,0.7780917882919312,0.05686815455555916,-3.40728759765625,,0.0,0.07270479947328568,3.40728759765625
image_2315.jpg,val,0.1005401611328125,0.06900003552436829,0.36377424001693726,0.02912139892578125,0.7805390357971191,0.17777806520462036,-0.630950927734375,,0.0,0.06735708564519882,0.630950927734375
image_2316.jpg,train,0.084228515625,0.06621412932872772,0.363112211227417,0.018894195556640625,0.7577990889549255,0.05525250732898712,1.47552490234375,,0.0,0.13328950107097626,-1.47552490234375
image_2317.jpg,train,0.08238983154296875,0.05842382833361626,0.34014591574668884,0.01805877685546875,0.7630111575126648,0.032763488590717316,4.08782958984375,,0.0,0.16817070543766022,-4.08782958984375
image_2318.jpg,train,0.051158905029296875,0.044522225856781006,0.29452094435691833,0.01102447509765625,0.7514394521713257,0.037459034472703934,-0.7007598876953125,,0.0,0.09872899204492569,0.7007598876953125
image_2319.jpg,train,0.05844879150390625,0.047372303903102875,0.30950188636779785,0.012187957763671875,0.7548667192459106,0.02619115076959133,1.68914794921875,,0.0,0.18228638172149658,-1.68914794921875
image_2320.jpg,train,0.10184478759765625,0.07228762656450272,0.37018904089927673,0.019489288330078125,0.7594178915023804,0.14719413220882416,5.25360107421875,,0.0,0.09272072464227676,-5.25360107421875
image_2321.jpg,test,0.043384552001953125,0.028999095782637596,0.19513244926929474,0.012241363525390625,0.78957200050354,0.32223767042160034,-0.6099700927734375,,0.0,0.020192880183458328,0.6099700927734375
image_2322.jpg,train,0.03231048583984375,0.03469270467758179,0.22701507806777954,0.004215240478515625,0.7225931882858276,0.26479145884513855,2.606201171875,,0.0,0.029534725472331047,-2.606201171875
image_2323.jpg,train,0.05027008056640625,0.04597954824566841,0.31069672107696533,0.007770538330078125,0.7306501865386963,0.029072342440485954,0.0743865966796875,0.13710692524909973,0.0286102294921875,0.16571342945098877,-0.102996826171875
image_2324.jpg,train,0.037052154541015625,0.03041411191225052,0.23567518591880798,0.008815765380859375,0.7583072185516357,0.02548329345881939,-0.9059906005859375,0.09433962404727936,0.00762939453125,0.14705410599708557,0.8983612060546875
image_2325.jpg,train,0.02654266357421875,0.02609075792133808,0.193865105509758,0.004352569580078125,0.7287931442260742,0.017967766150832176,-0.567626953125,,0.0,0.10087783634662628,0.567626953125
image_2326.jpg,train,0.023624420166015625,0.019341543316841125,0.13070882856845856,0.00685882568359375,0.7742913365364075,0.01305750198662281,-0.0728607177734375,0.09883721172809601,0.009918212890625,0.1690061092376709,0.0629425048828125
image_2327.jpg,train,0.0175628662109375,0.0260461438447237,0.17003458738327026,0.00225067138671875,0.7152894735336304,0.23435677587985992,0.376129150390625,,0.0,0.010985556058585644,-0.376129150390625
image_2328.jpg,train,0.007663726806640625,0.010528435930609703,0.03710819035768509,0.000957489013671875,0.7117066979408264,0.10414878278970718,0.4886627197265625,,0.0,0.006359970662742853,-0.4886627197265625
image_2329.jpg,train,0.031826019287109375,0.028906796127557755,0.2051447331905365,0.005985260009765625,0.7452476024627686,0.028143368661403656,0.0812530517578125,0.20000000298023224,-0.0034332275390625,0.03627555072307587,-0.07781982421875
image_2330.jpg,train,0.037872314453125,0.030212312936782837,0.20669111609458923,0.010494232177734375,0.7724165916442871,0.04678414389491081,0.159454345703125,,0.0,0.03222912549972534,-0.159454345703125
image_2331.jpg,train,0.030673980712890625,0.030317729339003563,0.21246840059757233,0.005458831787109375,0.7442718148231506,0.03176460415124893,-0.8884429931640625,,0.0,0.028874151408672333,0.8884429931640625
image_2332.jpg,train,0.040103912353515625,0.03249405324459076,0.23668666183948517,0.010860443115234375,0.7664090991020203,0.04243287444114685,0.05340576171875,0.2368421107530594,0.000762939453125,0.038016483187675476,-0.054168701171875
image_2333.jpg,train,0.055423736572265625,0.0500684529542923,0.3151234984397888,0.009326934814453125,0.7400516271591187,0.029957836493849754,1.8344879150390625,,0.0,0.09677128493785858,-1.8344879150390625
image_2334.jpg,val,0.013134002685546875,0.013146206736564636,0.059818536043167114,0.005706787109375,0.8093073964118958,0.33068329095840454,0.1392364501953125,,0.0,0.007394461892545223,-0.1392364501953125
image_2335.jpg,train,0.052143096923828125,0.04881834611296654,0.3066142797470093,0.00919342041015625,0.7422235012054443,0.15511076152324677,2.8316497802734375,,0.0,0.04357670992612839,-2.8316497802734375
image_2336.jpg,train,0.02117919921875,0.02257835865020752,0.13144050538539886,0.002506256103515625,0.7332624793052673,,2.117919921875,,0.0,0.02117919921875,-2.117919921875
image_2337.jpg,val,0.032745361328125,0.030171481892466545,0.2222795933485031,0.005832672119140625,0.7309298515319824,0.2534887492656708,2.0965576171875,,0.0,0.027494307607412338,-2.0965576171875
image_2338.jpg,train,0.022491455078125,0.02829790860414505,0.19125883281230927,0.001514434814453125,0.7096186876296997,0.026995325461030006,1.1077880859375,,0.0,0.021284108981490135,-1.1077880859375
image_2339.jpg,train,0.06070709228515625,0.054466672241687775,0.33027952909469604,0.008640289306640625,0.7373056411743164,0.026805367320775986,2.410125732421875,,0.0,0.1336861103773117,-2.410125732421875
image_2340.jpg,train,0.000339508056640625,0.007283568847924471,0.030541518703103065,7.62939453125e-06,0.6035047769546509,1.0,0.0301361083984375,,0.0,0.0003204406821168959,-0.0301361083984375
image_2341.jpg,train,0.00400543212890625,0.009753980673849583,0.03713506460189819,3.814697265625e-06,0.6271417140960693,1.0,0.39825439453125,,0.0,0.003994033671915531,-0.39825439453125
image_2342.jpg,train,0.003345489501953125,0.011718947440385818,0.05498577654361725,0.0,0.6204870939254761,1.0,0.3330230712890625,,0.0,0.0033378854859620333,-0.3330230712890625
image_2343.jpg,train,0.0069580078125,0.009124388918280602,0.03928535431623459,0.000858306884765625,0.7682293057441711,1.0,0.470733642578125,,0.0,0.0058392430655658245,-0.470733642578125
image_2344.jpg,val,0.0164337158203125,0.02533131092786789,0.16227030754089355,0.00260162353515625,0.7234580516815186,,1.64337158203125,,0.0,0.0164337158203125,-1.64337158203125
image_2345.jpg,train,0.0018768310546875,0.010108685120940208,0.0463864728808403,3.814697265625e-05,0.70786452293396,0.012658228166401386,0.183868408203125,,0.0,0.0018605610821396112,-0.183868408203125
image_2346.jpg,train,0.043117523193359375,0.023844638839364052,0.16894902288913727,0.01766204833984375,0.8160935640335083,0.029802463948726654,-0.5100250244140625,,0.0,0.09949880838394165,0.5100250244140625
image_2347.jpg,train,0.008209228515625,0.01114661619067192,0.04259931296110153,0.00138092041015625,0.7045755982398987,1.0,0.73394775390625,,0.0,0.007777735590934753,-0.73394775390625
image_2348.jpg,train,0.0619659423828125,0.05263225734233856,0.32601267099380493,0.006649017333984375,0.7300392985343933,0.01882362551987171,4.0924072265625,,0.0,0.11663466691970825,-4.0924072265625
image_2349.jpg,train,0.025966644287109375,0.025623733177781105,0.18921339511871338,0.007503509521484375,0.7685580253601074,0.2095745950937271,-1.2409210205078125,,0.0,0.007461903151124716,1.2409210205078125
image_2350.jpg,train,0.060333251953125,0.05889737978577614,0.35008376836776733,0.007900238037109375,0.7192388772964478,0.06316278129816055,-0.19683837890625,,0.0,0.05757984146475792,0.19683837890625
image_2351.jpg,train,0.06388092041015625,0.050475094467401505,0.32362496852874756,0.0147857666015625,0.7560243606567383,0.026665741577744484,3.7506103515625,,0.0,0.10029282420873642,-3.7506103515625
image_2352.jpg,train,0.0652923583984375,0.060845907777547836,0.3297300934791565,0.008174896240234375,0.7414824962615967,0.07302399724721909,4.047393798828125,,0.0,0.06370951980352402,-4.047393798828125
image_2353.jpg,train,0.06949996948242188,0.05158302187919617,0.3276689946651459,0.0131072998046875,0.749584436416626,0.035584066063165665,4.9396514892578125,,0.0,0.08285219222307205,-4.9396514892578125
image_2354.jpg,train,0.051303863525390625,0.04905709624290466,0.31082218885421753,0.0095672607421875,0.7389190793037415,0.036054741591215134,2.3746490478515625,,0.0,0.060736093670129776,-2.3746490478515625
image_2355.jpg,train,0.0185546875,0.02390880510210991,0.153686985373497,0.001964569091796875,0.7229648232460022,0.061721544712781906,1.091766357421875,,0.0,0.01570797711610794,-1.091766357421875
image_2356.jpg,test,0.08101272583007812,0.06895573437213898,0.3655044734477997,0.020420074462890625,0.7600986361503601,0.11237818002700806,0.4955291748046875,0.023668639361858368,0.0019073486328125,0.06502460688352585,-0.4974365234375
image_2357.jpg,train,0.06853485107421875,0.06203935667872429,0.33903932571411133,0.018985748291015625,0.7663976550102234,0.14384187757968903,-2.7484893798828125,0.11224489659070969,-0.0011444091796875,0.030773108825087547,2.7496337890625
image_2358.jpg,train,0.04668426513671875,0.0472995825111866,0.30899691581726074,0.008823394775390625,0.7366477847099304,0.0568644143640995,-0.32196044921875,,0.0,0.038724545389413834,0.32196044921875
image_2359.jpg,val,0.044712066650390625,0.042180705815553665,0.2961723506450653,0.008434295654296875,0.736617922782898,0.04319332167506218,-0.2101898193359375,,0.0,0.04650872200727463,0.2101898193359375
image_2360.jpg,train,0.04109954833984375,0.03724187612533569,0.26959386467933655,0.008754730224609375,0.7464799284934998,0.032479625195264816,0.26397705078125,,0.0,0.053610000759363174,-0.26397705078125
image_2361.jpg,test,0.033935546875,0.047335438430309296,0.310342401266098,0.0021514892578125,0.6831055879592896,0.08473019301891327,-2.0252227783203125,0.0061349691823124886,0.0026702880859375,0.010063874535262585,2.022552490234375
image_2362.jpg,train,0.08066177368164062,0.07485075294971466,0.37796103954315186,0.0159912109375,0.7416406273841858,0.2195812165737152,-0.909423828125,0.02364528737962246,0.1811981201171875,0.052423376590013504,0.7282257080078125
image_2363.jpg,train,0.02657318115234375,0.02868075668811798,0.2087451070547104,0.0037384033203125,0.7234019637107849,0.12487023323774338,0.730133056640625,,0.0,0.018353553488850594,-0.730133056640625
image_2364.jpg,train,0.022350311279296875,0.026407605037093163,0.1898844838142395,0.00262451171875,0.7084449529647827,0.10223077237606049,0.2490997314453125,,0.0,0.013756855390965939,-0.2490997314453125
image_2365.jpg,train,0.013641357421875,0.013505008071660995,0.06211208552122116,0.002323150634765625,0.744296133518219,0.26426365971565247,0.385284423828125,,0.0,0.008912157267332077,-0.385284423828125
image_2366.jpg,val,0.01336669921875,0.012510191649198532,0.05238666012883186,0.002536773681640625,0.7453842163085938,0.24162887036800385,-0.57373046875,,0.0,0.003971705678850412,0.57373046875
image_2367.jpg,test,0.030529022216796875,0.03367994353175163,0.24366605281829834,0.004039764404296875,0.7181950807571411,0.1281026005744934,-0.2593994140625,0.4383561611175537,-0.0118255615234375,0.01596958562731743,0.2712249755859375
image_2368.jpg,train,0.02893829345703125,0.03194665536284447,0.23509329557418823,0.0032806396484375,0.7127425074577332,0.047796253114938736,0.44403076171875,,0.0,0.02244015596807003,-0.44403076171875
image_2369.jpg,train,0.03134918212890625,0.03293750435113907,0.24230803549289703,0.004680633544921875,0.7214229702949524,0.04192531853914261,0.414276123046875,,0.0,0.026269424706697464,-0.414276123046875
image_2370.jpg,test,0.02667236328125,0.032640255987644196,0.23636600375175476,0.002948760986328125,0.7056255340576172,0.042943380773067474,-0.0518798828125,,0.0,0.019134696573019028,0.0518798828125
image_2371.jpg,train,0.0340576171875,0.037369851022958755,0.26802071928977966,0.00571441650390625,0.7217390537261963,0.05733029544353485,-0.83465576171875,,0.0,0.02039988711476326,0.83465576171875
image_2372.jpg,train,0.0349884033203125,0.03370402753353119,0.2488524615764618,0.00708770751953125,0.7413806319236755,0.04232677072286606,-0.80413818359375,,0.0,0.027402149513363838,0.80413818359375
image_2373.jpg,val,0.0337371826171875,0.03658191114664078,0.26073744893074036,0.00591278076171875,0.7285531759262085,0.02727808989584446,0.304412841796875,,0.0,0.042044948786497116,-0.304412841796875
image_2374.jpg,train,0.034076690673828125,0.032838888466358185,0.23777379095554352,0.0073699951171875,0.7464554905891418,0.028827019035816193,-0.1621246337890625,,0.0,0.04261201247572899,0.1621246337890625
image_2375.jpg,train,0.021759033203125,0.023094385862350464,0.16064701974391937,0.00359344482421875,0.7319850921630859,0.01731717213988304,0.4852294921875,0.017543859779834747,0.006866455078125,0.025961589068174362,-0.492095947265625
image_2376.jpg,train,0.047260284423828125,0.03641113266348839,0.26348230242729187,0.013660430908203125,0.7734673023223877,0.048745039850473404,-0.9548187255859375,,0.0,0.04518694430589676,0.9548187255859375
image_2377.jpg,train,0.040554046630859375,0.02966655232012272,0.22581413388252258,0.0115509033203125,0.7725526690483093,0.03166425973176956,-0.4932403564453125,,0.0,0.06321761012077332,0.4932403564453125
image_2378.jpg,train,0.040775299072265625,0.028036514297127724,0.2122911512851715,0.012874603271484375,0.7835776805877686,0.02342342399060726,0.3383636474609375,,0.0,0.10939537733793259,-0.3383636474609375
image_2379.jpg,test,0.03676605224609375,0.04205949604511261,0.28711700439453125,0.0070648193359375,0.7270903587341309,0.14140212535858154,-0.496673583984375,,0.0,0.018652107566595078,0.496673583984375
image_2380.jpg,train,0.030120849609375,0.024286441504955292,0.1661531925201416,0.008945465087890625,0.7746589779853821,0.5192093849182129,-0.8899688720703125,0.13754646480083466,-0.3986358642578125,0.009238045662641525,1.288604736328125
image_2381.jpg,train,0.0659637451171875,0.06922813504934311,0.3793112337589264,0.008380889892578125,0.7083195447921753,0.0867881029844284,-0.0995635986328125,0.05116940289735794,-0.4985809326171875,0.0572846382856369,0.59814453125
image_2382.jpg,train,0.0430908203125,0.05571070685982704,0.3528566360473633,0.0029296875,0.66944819688797,0.021683132275938988,1.4606475830078125,0.024936359375715256,-0.543212890625,0.18008624017238617,-0.9174346923828125
image_2383.jpg,test,0.026355743408203125,0.02729560062289238,0.20492197573184967,0.004360198974609375,0.7279902696609497,0.018304025754332542,0.2086639404296875,0.0714285746216774,0.002288818359375,0.0421435609459877,-0.2109527587890625
image_2384.jpg,test,0.0445404052734375,0.04204319790005684,0.29084599018096924,0.008739471435546875,0.739017128944397,0.03673867508769035,0.289154052734375,,0.0,0.05474928393959999,-0.289154052734375
image_2385.jpg,train,0.046657562255859375,0.05987752228975296,0.3669044077396393,0.00415802001953125,0.6721844673156738,0.04180777817964554,0.170135498046875,0.029397860169410706,-0.778961181640625,0.11559803038835526,0.60882568359375
image_2386.jpg,train,0.051616668701171875,0.05577726289629936,0.354854017496109,0.006542205810546875,0.6967974305152893,0.04232586920261383,0.6275177001953125,0.022673312574625015,-0.2716064453125,0.18136157095432281,-0.3559112548828125
image_2387.jpg,train,0.044769287109375,0.08633089065551758,0.4118615984916687,0.000331878662109375,0.6157204508781433,0.12078102678060532,-0.858306884765625,0.018523648381233215,-0.0873565673828125,0.05713336542248726,0.9456634521484375
image_2388.jpg,test,0.07019805908203125,0.029654277488589287,0.22419683635234833,0.03444671630859375,0.8394172787666321,0.06315470486879349,-2.828216552734375,,0.0,0.09512267261743546,2.828216552734375
image_2389.jpg,train,0.11400604248046875,0.04413625970482826,0.29833075404167175,0.058074951171875,0.8467152714729309,0.1299372762441635,-6.75811767578125,,0.0,0.07705359905958176,6.75811767578125
image_2390.jpg,train,0.1458740234375,0.053441185504198074,0.33022624254226685,0.0758819580078125,0.8500773310661316,0.22324702143669128,-9.203720092773438,,0.0186920166015625,0.057667188346385956,9.185028076171875
image_2391.jpg,train,0.13942337036132812,0.04993819072842598,0.3214108943939209,0.07196807861328125,0.8495731949806213,0.1816030591726303,-10.180282592773438,,0.0,0.05600927025079727,10.180282592773438
image_2392.jpg,train,0.10666275024414062,0.039558686316013336,0.2799384593963623,0.05475616455078125,0.8485926985740662,0.1169782429933548,-5.660247802734375,,0.038909912109375,0.08295058459043503,5.621337890625
image_2393.jpg,val,0.10435104370117188,0.04233294352889061,0.2890784740447998,0.050945281982421875,0.8419146537780762,0.09776321798563004,-3.9302825927734375,,0.0,0.12259511649608612,3.9302825927734375
image_2394.jpg,train,0.0465545654296875,0.045369334518909454,0.29923489689826965,0.010074615478515625,0.743269145488739,0.16474118828773499,-1.50299072265625,0.25,-0.000762939453125,0.019381264224648476,1.503753662109375
image_2395.jpg,train,0.04956817626953125,0.03819526731967926,0.26326659321784973,0.0148162841796875,0.777461051940918,0.24889792501926422,-1.763153076171875,,0.0,0.01846037060022354,1.763153076171875
image_2396.jpg,train,0.14743804931640625,0.053130071610212326,0.3317585289478302,0.07812118530273438,0.8523430824279785,0.17391878366470337,-7.373809814453125,,0.0,0.10119739919900894,7.373809814453125
image_2397.jpg,train,0.027496337890625,0.03971165418624878,0.28032517433166504,0.003795623779296875,0.6963324546813965,0.0758923664689064,-1.44195556640625,,0.0,0.009032842703163624,1.44195556640625
image_2398.jpg,train,0.0245819091796875,0.030057279393076897,0.2194654494524002,0.002208709716796875,0.6989441514015198,0.05093871057033539,1.0650634765625,,0.0,0.02040681056678295,-1.0650634765625
image_2399.jpg,train,0.028575897216796875,0.031710706651210785,0.22646184265613556,0.002979278564453125,0.7133054137229919,0.046327292919158936,0.8197784423828125,,0.0,0.023570949211716652,-0.8197784423828125
image_2400.jpg,test,0.042148590087890625,0.03867229074239731,0.27109676599502563,0.011020660400390625,0.7588093876838684,0.04280884191393852,0.9014129638671875,,0.0,0.04173174872994423,-0.9014129638671875
image_2401.jpg,train,0.03522491455078125,0.04126807302236557,0.28830960392951965,0.00299835205078125,0.7016216516494751,0.04379521310329437,0.53863525390625,,0.0,0.03079691343009472,-0.53863525390625
image_2402.jpg,train,0.043670654296875,0.04607750475406647,0.3077242076396942,0.00576019287109375,0.7158830165863037,0.06224924698472023,0.579071044921875,,0.0,0.03554588183760643,-0.579071044921875
image_2403.jpg,train,0.047359466552734375,0.03862456977367401,0.27613210678100586,0.0130767822265625,0.7620205879211426,0.07246038317680359,-1.6620635986328125,1.0,-0.012969970703125,0.02735193260014057,1.6750335693359375
image_2404.jpg,train,0.05344390869140625,0.08020646870136261,0.41978955268859863,0.002044677734375,0.6237058639526367,0.10111695528030396,-1.8405914306640625,0.013223308138549328,1.2508392333984375,0.33764877915382385,0.589752197265625
image_2405.jpg,train,0.10258102416992188,0.05514690279960632,0.35738083720207214,0.03731536865234375,0.7849829792976379,0.15623372793197632,-1.8085479736328125,0.019336765632033348,3.4275054931640625,0.6506960391998291,-1.61895751953125
image_2406.jpg,val,0.036998748779296875,0.05834526941180229,0.3590359687805176,0.001373291015625,0.6319736838340759,0.15049238502979279,-2.388763427734375,0.006733490154147148,1.5979766845703125,0.19816553592681885,0.7907867431640625
image_2407.jpg,train,0.041385650634765625,0.04957465082406998,0.33054909110069275,0.00347900390625,0.6711563467979431,0.28621408343315125,-3.199005126953125,0.005216468125581741,2.371978759765625,0.15138721466064453,0.8270263671875
image_2408.jpg,train,0.03133392333984375,0.04663468152284622,0.31264421343803406,0.00115966796875,0.6455569863319397,0.19090817868709564,-1.8695831298828125,0.005134505685418844,1.729583740234375,0.2611439824104309,0.1399993896484375
image_2409.jpg,train,0.0343017578125,0.042834341526031494,0.2935923635959625,0.002410888671875,0.6682544946670532,0.270372211933136,-2.70538330078125,0.0038437896873801947,2.25067138671875,0.16754966974258423,0.4547119140625
image_2410.jpg,train,0.041080474853515625,0.03192264586687088,0.23392239212989807,0.00982666015625,0.7611312866210938,0.021860629320144653,0.9746551513671875,,0.0,0.08969733119010925,-0.9746551513671875
image_2411.jpg,test,0.0374755859375,0.029951971024274826,0.22669264674186707,0.009540557861328125,0.7627858519554138,0.018309615552425385,0.76446533203125,,0.0,0.12169976532459259,-0.76446533203125
image_2412.jpg,train,0.06661605834960938,0.05008543282747269,0.3263368308544159,0.014736175537109375,0.7562769055366516,0.038082607090473175,1.2943267822265625,,0.0,0.1347043216228485,-1.2943267822265625
image_2413.jpg,train,0.0353240966796875,0.025407031178474426,0.18929417431354523,0.01019287109375,0.7762064933776855,0.02335861138999462,-0.450897216796875,,0.0,0.10455875098705292,0.450897216796875
image_2414.jpg,train,0.050182342529296875,0.030681591480970383,0.23096780478954315,0.0179595947265625,0.7967076897621155,0.031799353659152985,-0.2826690673828125,,0.0,0.14220257103443146,0.2826690673828125
image_2415.jpg,train,0.07414627075195312,0.05250324681401253,0.33168894052505493,0.0198974609375,0.7716403007507324,0.06692751497030258,-1.7726898193359375,,0.0,0.08994381129741669,1.7726898193359375
image_2416.jpg,train,0.043956756591796875,0.0320747084915638,0.2434503436088562,0.011188507080078125,0.767540693283081,0.025887269526720047,0.3688812255859375,,0.0,0.10719189792871475,-0.3688812255859375
image_2417.jpg,train,0.02735137939453125,0.01306094415485859,0.06490954011678696,0.013896942138671875,0.8437713980674744,0.011034872382879257,0.677490234375,,0.0,0.2521846890449524,-0.677490234375
image_2418.jpg,test,0.037128448486328125,0.057964224368333817,0.3594180643558502,0.001621246337890625,0.6381433010101318,0.14677704870700836,-0.6938934326171875,0.012300964444875717,0.572967529296875,0.33553174138069153,0.1209259033203125
image_2419.jpg,train,0.032985687255859375,0.04859200119972229,0.3166108727455139,0.001506805419921875,0.6536391377449036,0.1697571575641632,-1.5850067138671875,0.006945966277271509,1.5293121337890625,0.29362568259239197,0.055694580078125
image_2420.jpg,train,0.10195541381835938,0.05379152670502663,0.34325164556503296,0.0415496826171875,0.7981806993484497,0.45202547311782837,-4.01458740234375,0.011918633244931698,5.462646484375,0.6771933436393738,-1.44805908203125
image_2421.jpg,test,0.00276947021484375,0.002297694329172373,0.00031755492091178894,0.00069427490234375,0.7601024508476257,0.001333795953541994,0.012969970703125,,0.0,0.13899049162864685,-0.012969970703125
image_2422.jpg,train,0.008289337158203125,0.004257475957274437,0.002225887030363083,0.003887176513671875,0.8302621841430664,0.003882489399984479,0.0682830810546875,,0.0,0.21981307864189148,-0.0682830810546875
image_2423.jpg,train,0.0348968505859375,0.022046415135264397,0.1617068201303482,0.012622833251953125,0.7969244718551636,0.027464330196380615,-1.538848876953125,,0.0,0.11538808792829514,1.538848876953125
image_2424.jpg,train,0.013427734375,0.009352744556963444,0.028396328911185265,0.004421234130859375,0.7872265577316284,0.009037337265908718,-0.380706787109375,,0.0,0.10352187603712082,0.380706787109375
image_2425.jpg,train,0.019908905029296875,0.013550300151109695,0.06874986737966537,0.007022857666015625,0.792983889579773,0.010474998503923416,0.0057220458984375,,0.0,0.19042421877384186,-0.0057220458984375
image_2426.jpg,val,0.01897430419921875,0.013448407873511314,0.06915919482707977,0.00606536865234375,0.7814791202545166,0.0061770593747496605,0.739288330078125,,0.0,0.21078312397003174,-0.739288330078125
image_2427.jpg,val,0.006816864013671875,0.004199563525617123,0.0025455765426158905,0.002498626708984375,0.7999386191368103,0.003516171593219042,-0.0064849853515625,,0.0,0.15761353075504303,0.0064849853515625
image_2428.jpg,train,0.010379791259765625,0.007163115777075291,0.013747060671448708,0.003208160400390625,0.7848943471908569,0.006579783279448748,-0.2262115478515625,,0.0,0.10318075865507126,0.2262115478515625
image_2429.jpg,train,0.002063751220703125,0.001290172222070396,3.729388117790222e-05,0.00067901611328125,0.7931161522865295,0.0011483613634482026,-0.0217437744140625,,0.0,0.1364918202161789,0.0217437744140625
image_2430.jpg,train,0.00368499755859375,0.0019779070280492306,0.0001340918242931366,0.00157928466796875,0.8195957541465759,0.0020728332456201315,-0.043487548828125,,0.0,0.26118946075439453,0.043487548828125
image_2431.jpg,train,0.002471923828125,0.0021615009754896164,0.0002917647361755371,0.000522613525390625,0.7535045146942139,0.0007163324044086039,0.10528564453125,,0.0,0.18569131195545197,-0.10528564453125
image_2432.jpg,train,0.013317108154296875,0.009421348571777344,0.028136426582932472,0.003383636474609375,0.7670016288757324,0.009717272594571114,-0.5489349365234375,,0.0,0.12110481411218643,0.5489349365234375
image_2433.jpg,train,0.026012420654296875,0.021773792803287506,0.1584467887878418,0.006134033203125,0.7576364874839783,0.020979639142751694,-1.0158538818359375,,0.0,0.057462047785520554,1.0158538818359375
image_2434.jpg,test,0.005878448486328125,0.0034012726973742247,0.0012673549354076385,0.002719879150390625,0.8271470069885254,0.0022870521061122417,0.1377105712890625,,0.0,0.22805754840373993,-0.1377105712890625
image_2435.jpg,test,0.06507492065429688,0.04892195761203766,0.3240203261375427,0.016513824462890625,0.7428991794586182,0.14875085651874542,0.075531005859375,0.015659911558032036,1.6490936279296875,0.6504697799682617,-1.7246246337890625
image_2436.jpg,train,0.034183502197265625,0.055853016674518585,0.35305771231651306,0.00122833251953125,0.6255202293395996,0.16838401556015015,-1.708221435546875,0.007909680716693401,1.3851165771484375,0.258220911026001,0.3231048583984375
image_2437.jpg,train,0.00240325927734375,0.0023464837577193975,0.0010752901434898376,0.000331878662109375,0.7172408103942871,0.125,0.0030517578125,0.07723214477300644,0.104522705078125,0.0017545479349792004,-0.107574462890625
image_2438.jpg,train,0.00045013427734375,0.0006716982461512089,0.0011352114379405975,0.000133514404296875,0.7554706931114197,0.3333333432674408,-0.0003814697265625,0.16795866191387177,-0.0049591064453125,0.00019865980721078813,0.005340576171875
image_2439.jpg,train,0.020904541015625,0.025335632264614105,0.1975092589855194,0.001964569091796875,0.6928092837333679,0.27586206793785095,0.0152587890625,0.1356082409620285,-0.855255126953125,0.00699976459145546,0.839996337890625
image_2440.jpg,train,0.0,4.3999921217618976e-07,1.1920928955078125e-07,0.0,,0.0,0.0,,0.0,,0.0
image_2441.jpg,train,0.0,1.6268768376903608e-07,1.1920928955078125e-07,0.0,,0.0,0.0,,0.0,,0.0
image_2442.jpg,train,0.0,1.354578671453055e-07,0.0,0.0,,0.0,0.0,,0.0,,0.0
image_2443.jpg,train,0.00899505615234375,0.0060644615441560745,0.0027721188962459564,0.001667022705078125,0.758564829826355,0.007014243397861719,-0.5008697509765625,0.0833333358168602,0.0057220458984375,0.3188928961753845,0.495147705078125
image_2444.jpg,train,0.00911712646484375,0.020240791141986847,0.11703154444694519,0.000499725341796875,0.6675488352775574,0.4931034445762634,0.275421142578125,0.061204973608255386,0.234222412109375,0.007289302535355091,-0.5096435546875
image_2445.jpg,train,0.0343017578125,0.03936923295259476,0.26284921169281006,0.00339508056640625,0.7194951176643372,0.3646644055843353,0.820159912109375,0.08509141951799393,0.347137451171875,0.0241340771317482,-1.16729736328125
image_2446.jpg,train,0.0648040771484375,0.057522520422935486,0.33597037196159363,0.014125823974609375,0.7521958351135254,0.30577850341796875,-1.7597198486328125,0.08262281864881516,0.3398895263671875,0.029915709048509598,1.419830322265625
image_2447.jpg,train,0.16263580322265625,0.08340750634670258,0.39164841175079346,0.07303619384765625,0.8267419934272766,0.3835147023200989,-0.7549285888671875,0.407728374004364,-3.6151885986328125,0.07980873435735703,4.3701171875
image_2448.jpg,val,0.015216827392578125,0.017072120681405067,0.10849092155694962,0.0015411376953125,0.7071540355682373,0.45137158036231995,0.189971923828125,0.08528080582618713,0.247955322265625,0.010175656527280807,-0.43792724609375
image_2449.jpg,train,0.012088775634765625,0.0179953183978796,0.10365422815084457,0.000972747802734375,0.6898189187049866,0.28042328357696533,0.3627777099609375,0.0715029165148735,0.2410888671875,0.0094226635992527,-0.6038665771484375
image_2450.jpg,train,0.006320953369140625,0.005749538540840149,0.010211128741502762,0.002353668212890625,0.7876469492912292,0.5751445293426514,-0.299835205078125,0.07085643708705902,0.1499176025390625,0.0024503523018211126,0.1499176025390625
image_2451.jpg,train,0.001186370849609375,0.0015819420805200934,0.0013897866010665894,0.000152587890625,0.7181318998336792,1.0,-0.000762939453125,0.13124999403953552,0.0377655029296875,0.0007805863860994577,-0.0370025634765625
image_2452.jpg,train,0.0007781982421875,0.0021735122427344322,0.005112074315547943,5.340576171875e-05,0.673798680305481,0.1875,0.022125244140625,0.14027149975299835,0.020599365234375,0.000603415013756603,-0.042724609375
image_2453.jpg,train,0.001071929931640625,0.0027529699727892876,0.007124900817871094,0.000263214111328125,0.763924241065979,0.9841269850730896,-0.0186920166015625,0.08536585420370102,0.046539306640625,0.0006766339647583663,-0.0278472900390625
image_2454.jpg,train,0.08182525634765625,0.0740928202867508,0.38204944133758545,0.01424407958984375,0.733843982219696,0.14824461936950684,-1.3671875,0.062263768166303635,0.518798828125,0.05659710243344307,0.848388671875
image_2455.jpg,val,0.13927841186523438,0.1013413518667221,0.4163682460784912,0.034183502197265625,0.7589242458343506,0.20195791125297546,2.90374755859375,0.049329183995723724,0.6439208984375,0.1271371841430664,-3.54766845703125
image_2456.jpg,train,0.030025482177734375,0.029983051121234894,0.21861468255519867,0.004589080810546875,0.7260867953300476,0.31057053804397583,-0.4673004150390625,0.0821465402841568,0.2349853515625,0.014820863492786884,0.2323150634765625
image_2457.jpg,test,0.003376007080078125,0.0039497786201536655,0.007146179676055908,0.000354766845703125,0.7299876809120178,0.2530612349510193,0.0789642333984375,0.11425402015447617,0.054168701171875,0.0023722010664641857,-0.1331329345703125
image_2458.jpg,train,0.018566131591796875,0.013786164112389088,0.06868268549442291,0.00518035888671875,0.7676754593849182,0.011869067326188087,-0.3993988037109375,,0.0,0.14682142436504364,0.3993988037109375
image_2459.jpg,train,0.051418304443359375,0.03449695184826851,0.25320976972579956,0.015380859375,0.7817742824554443,0.0399664044380188,-1.538848876953125,0.10000000149011612,0.0019073486328125,0.1096886619925499,1.5369415283203125
image_2460.jpg,train,0.01796722412109375,0.013055817224085331,0.06367096304893494,0.005023956298828125,0.7763041257858276,0.012078848667442799,-0.452423095703125,,0.0,0.0974503606557846,0.452423095703125
image_2461.jpg,train,0.020214080810546875,0.012939544394612312,0.06202138960361481,0.006572723388671875,0.7900093793869019,0.015208517201244831,-0.8068084716796875,,0.0,0.08652643859386444,0.8068084716796875
image_2462.jpg,train,0.06002044677734375,0.050535377115011215,0.31653785705566406,0.010501861572265625,0.7471064925193787,0.05515614524483681,2.23846435546875,,0.0,0.06253944337368011,-2.23846435546875
image_2463.jpg,train,0.07175827026367188,0.06156504899263382,0.349937379360199,0.012542724609375,0.7463222742080688,0.2639719247817993,4.0767669677734375,,0.0,0.059771597385406494,-4.0767669677734375
image_2464.jpg,train,0.03730010986328125,0.03716118633747101,0.267182320356369,0.003864288330078125,0.7159861922264099,0.023746859282255173,0.384521484375,,0.0,0.06959787011146545,-0.384521484375
image_2465.jpg,train,0.04347991943359375,0.05148421972990036,0.3094688355922699,0.0061492919921875,0.7203545570373535,,4.347991943359375,,0.0,0.04347991943359375,-4.347991943359375
image_2466.jpg,train,0.04581451416015625,0.05551628768444061,0.32661202549934387,0.006748199462890625,0.7205168008804321,0.2986144423484802,3.627777099609375,,0.0,0.04171221703290939,-3.627777099609375
image_2467.jpg,train,0.065521240234375,0.057087838649749756,0.33574816584587097,0.010955810546875,0.7439152598381042,0.0518813319504261,2.65350341796875,,0.0,0.07373052090406418,-2.65350341796875
image_2468.jpg,train,0.044376373291015625,0.036711618304252625,0.26544103026390076,0.008464813232421875,0.7491429448127747,0.014761180616915226,2.3860931396484375,,0.0,0.1118321493268013,-2.3860931396484375
image_2469.jpg,train,0.08041000366210938,0.06603898108005524,0.36156755685806274,0.02014923095703125,0.761003851890564,0.11211825162172318,-2.3868560791015625,,0.0,0.05284625291824341,2.3868560791015625
image_2470.jpg,train,0.000804901123046875,0.0007299034623429179,3.3020973205566406e-05,0.000148773193359375,0.7319083213806152,0.0003863899037241936,0.0034332275390625,,0.0,0.14666666090488434,-0.0034332275390625
image_2471.jpg,train,0.07337570190429688,0.06047947704792023,0.35359662771224976,0.014369964599609375,0.7490896582603455,0.05785396322607994,-0.8327484130859375,,0.0,0.11066978424787521,0.8327484130859375
image_2472.jpg,val,0.044445037841796875,0.03218292444944382,0.23455379903316498,0.01238250732421875,0.7755788564682007,0.030968960374593735,0.0911712646484375,,0.0,0.07632068544626236,-0.0911712646484375
image_2473.jpg,train,0.0447845458984375,0.02969714254140854,0.22091135382652283,0.0142364501953125,0.7880057692527771,0.03919462859630585,-0.839996337890625,,0.0,0.056579820811748505,0.839996337890625
image_2474.jpg,train,0.039031982421875,0.02584170550107956,0.20183153450489044,0.01055145263671875,0.7739090919494629,0.023621466010808945,0.00152587890625,,0.0,0.11212373524904251,-0.00152587890625
image_2475.jpg,train,0.00072479248046875,0.0004672961658798158,4.0531158447265625e-06,0.000270843505859375,0.7964372038841248,0.00042414330528117716,-0.01220703125,,0.0,0.17954544723033905,0.01220703125
image_2476.jpg,train,0.001708984375,0.0011253367410972714,3.3855438232421875e-05,0.00060272216796875,0.8027764558792114,0.0008972323848865926,-0.00762939453125,,0.0,0.15946348011493683,0.00762939453125
image_2477.jpg,train,0.0081329345703125,0.00682268338277936,0.013300569728016853,0.002384185791015625,0.7713861465454102,0.005776631645858288,-0.318145751953125,,0.0,0.11974170058965683,0.318145751953125
image_2478.jpg,train,0.013641357421875,0.008899755775928497,0.025096897035837173,0.0048828125,0.7967403531074524,0.011473461054265499,-0.852203369140625,,0.0,0.07496368885040283,0.852203369140625
image_2479.jpg,train,0.09567642211914062,0.06857055425643921,0.3696703612804413,0.02573394775390625,0.7719820737838745,0.20408380031585693,-3.6319732666015625,,0.0,0.04386311024427414,3.6319732666015625
image_2480.jpg,train,0.03156280517578125,0.02268005907535553,0.17555268108844757,0.0065155029296875,0.758522093296051,0.021705172955989838,-0.59661865234375,,0.0,0.09446446597576141,0.59661865234375
image_2481.jpg,val,0.0536956787109375,0.04737962782382965,0.31619951128959656,0.009845733642578125,0.7411357760429382,0.03450954332947731,0.691986083984375,,0.0,0.0940425917506218,-0.691986083984375
image_2482.jpg,val,0.06499862670898438,0.050781358033418655,0.32095471024513245,0.017269134521484375,0.7697274088859558,0.05197550728917122,0.8724212646484375,,0.0,0.08037028461694717,-0.8724212646484375
image_2483.jpg,train,0.033931732177734375,0.03825221210718155,0.2889094948768616,0.002803802490234375,0.6910929679870605,0.57170170545578,0.299835205078125,0.1159239187836647,-0.0255584716796875,0.020947054028511047,-0.2742767333984375
image_2484.jpg,train,0.044620513916015625,0.05802944675087929,0.35490739345550537,0.002353668212890625,0.6774591207504272,0.1709090918302536,0.1552581787109375,0.10492478311061859,-0.807952880859375,0.025094324722886086,0.6526947021484375
image_2485.jpg,train,0.033725738525390625,0.04054184630513191,0.30004093050956726,0.002506256103515625,0.6885687708854675,0.48520711064338684,-0.0392913818359375,0.12472442537546158,-0.16021728515625,0.018406512215733528,0.1995086669921875
image_2486.jpg,train,0.02783203125,0.03471732139587402,0.270011305809021,0.001972198486328125,0.6858590245246887,0.30927833914756775,0.0118255615234375,0.11265575140714645,0.049591064453125,0.016118336468935013,-0.0614166259765625
image_2487.jpg,train,0.035064697265625,0.04122743010520935,0.29772499203681946,0.00359344482421875,0.6979019045829773,0.5110114216804504,-0.0762939453125,0.12284836173057556,-0.5092620849609375,0.016894297674298286,0.5855560302734375
image_2488.jpg,train,0.024509429931640625,0.028068900108337402,0.21662971377372742,0.003070831298828125,0.7068876624107361,0.864242434501648,-0.1552581787109375,0.1024206131696701,0.26092529296875,0.014064054004848003,-0.1056671142578125
image_2489.jpg,train,0.0304107666015625,0.03994148224592209,0.29237863421440125,0.001575469970703125,0.6762909889221191,0.17424242198467255,0.23651123046875,0.11230200529098511,-0.457000732421875,0.016485821455717087,0.220489501953125
image_2490.jpg,train,0.033504486083984375,0.04164447262883186,0.30209535360336304,0.002613067626953125,0.686782717704773,0.14705882966518402,0.266265869140625,0.11428045481443405,-0.2414703369140625,0.019731702283024788,-0.0247955322265625
image_2491.jpg,train,0.036991119384765625,0.03632696717977524,0.2711799144744873,0.008941650390625,0.7466723322868347,0.5438090562820435,-1.1135101318359375,0.09442215412855148,0.23345947265625,0.016167333349585533,0.8800506591796875
image_2492.jpg,train,0.03061676025390625,0.039383646100759506,0.29121720790863037,0.0023040771484375,0.6852325797080994,0.2467532455921173,0.0209808349609375,0.09817840903997421,-0.322723388671875,0.01661059260368347,0.3017425537109375
image_2493.jpg,train,0.022930145263671875,0.018810134381055832,0.10964304208755493,0.0067596435546875,0.790566086769104,0.8349534869194031,-1.12152099609375,0.21179525554180145,-0.03509521484375,0.005845726002007723,1.1566162109375
image_2494.jpg,train,0.01056671142578125,0.014526152983307838,0.07954668253660202,0.000591278076171875,0.6787564754486084,0.2666666805744171,0.115203857421875,0.12483726441860199,0.279998779296875,0.007456428837031126,-0.39520263671875
image_2495.jpg,val,3.0517578125e-05,3.8700045479345135e-07,1.1920928955078125e-07,3.0517578125e-05,0.9997854828834534,0.0,0.0030517578125,,0.0,1.0,-0.0030517578125
image_2496.jpg,train,9.5367431640625e-05,7.157491199905053e-05,1.1920928955078125e-07,4.57763671875e-05,0.8423767685890198,9.5367431640625e-05,-0.0095367431640625,,0.0,,0.0095367431640625
image_2497.jpg,train,0.0,1.2703753782261629e-07,0.0,0.0,,0.0,0.0,,0.0,,0.0
image_2498.jpg,val,0.0,1.1252177500864491e-07,0.0,0.0,,0.0,0.0,,0.0,,0.0
image_2499.jpg,train,0.0,5.2596533350879326e-08,0.0,0.0,,0.0,0.0,,0.0,,0.0
image_2500.jpg,train,0.0,6.760433279850986e-08,0.0,0.0,,0.0,0.0,,0.0,,0.0
image_2501.jpg,test,0.11831283569335938,0.09044149518013,0.39388400316238403,0.024562835693359375,0.760441780090332,0.09665310382843018,4.1309356689453125,,0.0,0.1326536387205124,-4.1309356689453125
image_2502.jpg,train,0.07110977172851562,0.07159054279327393,0.38654038310050964,0.010738372802734375,0.7146191000938416,0.0779493898153305,-0.020599365234375,0.06358441710472107,-0.750732421875,0.06797412037849426,0.771331787109375
image_2503.jpg,train,0.0682525634765625,0.06657671183347702,0.37513381242752075,0.011631011962890625,0.7205604314804077,0.06978677958250046,0.601959228515625,0.062279071658849716,-0.9342193603515625,0.06987548619508743,0.3322601318359375
image_2504.jpg,test,0.061595916748046875,0.05929957330226898,0.3561311960220337,0.0118560791015625,0.7319472432136536,0.10186947137117386,-0.1567840576171875,0.0762663334608078,-0.2681732177734375,0.04279904440045357,0.424957275390625
image_2505.jpg,train,0.060260772705078125,0.055851567536592484,0.3423607647418976,0.01421356201171875,0.747249186038971,0.08553479611873627,-1.153564453125,0.07681773602962494,-0.2960205078125,0.04009435698390007,1.4495849609375
image_2506.jpg,train,0.056182861328125,0.04987179860472679,0.333690881729126,0.011470794677734375,0.7365344762802124,0.03604410961270332,0.7472991943359375,0.0743880569934845,-0.7152557373046875,0.09321188181638718,-0.03204345703125
image_2507.jpg,train,0.0456390380859375,0.03933683782815933,0.27762314677238464,0.01270294189453125,0.7635177373886108,0.2947874367237091,-0.415802001953125,0.10429420322179794,-0.6587982177734375,0.020268267020583153,1.0746002197265625
image_2508.jpg,val,0.06215667724609375,0.07136642932891846,0.39923134446144104,0.0049896240234375,0.6735449433326721,0.07088091224431992,2.4265289306640625,0.02161276526749134,-0.3826141357421875,0.24407488107681274,-2.043914794921875
image_2509.jpg,train,0.040027618408203125,0.038189761340618134,0.27277931571006775,0.00887298583984375,0.7458086013793945,0.035977501422166824,-0.3063201904296875,,0.0,0.04607396572828293,0.3063201904296875
image_2510.jpg,test,0.032199859619140625,0.028990335762500763,0.2128152847290039,0.007282257080078125,0.7517634034156799,0.01752912811934948,0.6397247314453125,,0.0,0.07309848815202713,-0.6397247314453125
image_2511.jpg,train,0.0298004150390625,0.027994081377983093,0.20554862916469574,0.006816864013671875,0.7482302784919739,0.021484479308128357,-0.064849853515625,,0.0,0.05002487450838089,0.064849853515625
image_2512.jpg,train,0.034130096435546875,0.036943335086107254,0.2717723250389099,0.005573272705078125,0.7109748125076294,0.015954183414578438,1.1310577392578125,0.02706054225564003,-0.5313873291015625,0.1397262066602707,-0.59967041015625
image_2513.jpg,train,0.017261505126953125,0.016703356057405472,0.09964187443256378,0.00397491455078125,0.7452988028526306,0.0083649642765522,0.275421142578125,0.08120530843734741,-0.144195556640625,0.06242016702890396,-0.1312255859375
image_2514.jpg,train,0.060504913330078125,0.05759366601705551,0.3616124987602234,0.010158538818359375,0.7122026085853577,0.04059061408042908,1.9565582275390625,0.02610275149345398,-0.1796722412109375,0.26279717683792114,-1.776885986328125
image_2515.jpg,train,0.034252166748046875,0.0317533016204834,0.24317529797554016,0.006931304931640625,0.7338718771934509,0.019639456644654274,0.12359619140625,0.05665095895528793,-0.3749847412109375,0.09134296327829361,0.2513885498046875
image_2516.jpg,train,0.042575836181640625,0.04406203329563141,0.31491294503211975,0.00634765625,0.7020323276519775,0.013969765976071358,1.879119873046875,0.043790098279714584,-1.2302398681640625,0.23334001004695892,-0.6488800048828125
image_2517.jpg,test,0.0356292724609375,0.0308977197855711,0.23561201989650726,0.006984710693359375,0.7438288927078247,0.03481923043727875,-1.2939453125,,0.0,0.03749653324484825,1.2939453125
image_2518.jpg,train,0.025989532470703125,0.02609257772564888,0.1936013549566269,0.005054473876953125,0.7358222603797913,0.017975185066461563,-0.2681732177734375,,0.0,0.05755680426955223,0.2681732177734375
image_2519.jpg,train,0.04483795166015625,0.041018616408109665,0.2885727286338806,0.01026153564453125,0.748517632484436,0.04151079058647156,-0.443267822265625,,0.0,0.04969503730535507,0.443267822265625
image_2520.jpg,train,0.027618408203125,0.027743898332118988,0.20903252065181732,0.0048370361328125,0.7311815023422241,0.016949232667684555,0.049591064453125,,0.0,0.07032442837953568,-0.049591064453125
image_2521.jpg,train,0.013622283935546875,0.014310633763670921,0.07577969878911972,0.00212860107421875,0.7259761691093445,0.007365067023783922,0.0095367431640625,,0.0,0.08396768569946289,-0.0095367431640625
image_2522.jpg,train,0.02188873291015625,0.021291609853506088,0.15158885717391968,0.004261016845703125,0.7375858426094055,0.013822248205542564,-0.096893310546875,,0.0,0.0604071207344532,0.096893310546875
image_2523.jpg,train,0.03641510009765625,0.04133375361561775,0.29946890473365784,0.00336456298828125,0.6929500699043274,0.024367965757846832,-0.0148773193359375,0.053054843097925186,-0.2429962158203125,0.05745485797524452,0.25787353515625
image_2524.jpg,val,0.0400390625,0.03907163068652153,0.27999165654182434,0.007694244384765625,0.7360684871673584,0.025133425369858742,0.432586669921875,,0.0,0.07661598175764084,-0.432586669921875
image_2525.jpg,train,0.0368194580078125,0.026744859293103218,0.20809780061244965,0.01088714599609375,0.7726097702980042,0.009370912797749043,2.075958251953125,0.08285164088010788,-0.0064849853515625,0.1958521157503128,-2.0694732666015625
image_2526.jpg,test,0.02854156494140625,0.0326518677175045,0.2247723639011383,0.004093170166015625,0.7226200699806213,0.15421904623508453,-0.009918212890625,,0.0,0.01567690819501877,0.009918212890625
image_2527.jpg,train,0.045269012451171875,0.0540865994989872,0.3250543177127838,0.00331878662109375,0.7021704912185669,0.17111174762248993,-3.2901763916015625,,0.0,0.008014238439500332,3.2901763916015625
image_2528.jpg,train,0.047756195068359375,0.0670899748802185,0.3903532028198242,0.002330780029296875,0.6421992182731628,0.2272929549217224,-3.2958984375,0.008405015803873539,2.3044586181640625,0.16672120988368988,0.9914398193359375
image_2529.jpg,train,0.011981964111328125,0.018317878246307373,0.11415593326091766,0.00109100341796875,0.6896949410438538,0.8648648858070374,0.0091552734375,0.08690712600946426,0.2704620361328125,0.007701553869992495,-0.2796173095703125
image_2530.jpg,val,0.0706787109375,0.05215955153107643,0.3314265012741089,0.019596099853515625,0.7721829414367676,0.05672462284564972,-0.83770751953125,,0.0,0.1027531698346138,0.83770751953125
image_2531.jpg,val,0.11733245849609375,0.12254372239112854,0.44117408990859985,0.015201568603515625,0.7049416303634644,0.1227966770529747,3.568267822265625,0.07315241545438766,0.75531005859375,0.15060944855213165,-4.323577880859375
image_2532.jpg,train,0.001865386962890625,0.0006256504566408694,3.159046173095703e-05,0.00118255615234375,0.8851555585861206,0.0006654734024778008,0.0537872314453125,,0.0,0.4659763276576996,-0.0537872314453125
image_2533.jpg,train,0.004497528076171875,0.0032306937500834465,0.0006591491401195526,0.001369476318359375,0.7664352655410767,0.002220321912318468,-0.06256103515625,0.012008128687739372,0.1110076904296875,0.30226144194602966,-0.0484466552734375
image_2534.jpg,train,0.012783050537109375,0.007423562929034233,0.013970701023936272,0.005039215087890625,0.8106139302253723,0.007366504520177841,-0.1415252685546875,,0.0,0.15661130845546722,0.1415252685546875
image_2535.jpg,train,0.1055145263671875,0.09303019940853119,0.42478838562965393,0.013126373291015625,0.7050431370735168,0.07849340885877609,2.0702362060546875,0.020491948351264,3.3458709716796875,0.3573386073112488,-5.416107177734375
image_2536.jpg,train,0.015346527099609375,0.0067527214996516705,0.010061699897050858,0.008190155029296875,0.8532492518424988,0.00888501200824976,-0.1827239990234375,,0.0,0.20145520567893982,0.1827239990234375
image_2537.jpg,train,0.008453369140625,0.005512048490345478,0.004457596689462662,0.002857208251953125,0.7840198278427124,0.004989576991647482,-0.1209259033203125,0.023509297519922256,0.026702880859375,0.16481806337833405,0.0942230224609375
image_2538.jpg,test,0.00388336181640625,0.0012416887329891324,1.1920928955078125e-05,0.002407073974609375,0.8819748163223267,0.0013252919306978583,0.1251220703125,,0.0,0.36896929144859314,-0.1251220703125
image_2539.jpg,train,0.002613067626953125,0.0008770662243478,7.271766662597656e-06,0.0015869140625,0.8739429712295532,0.0006480831652879715,0.128173828125,0.07446808367967606,0.01983642578125,0.42291492223739624,-0.14801025390625
image_2540.jpg,test,0.00305938720703125,0.0008861239766702056,2.086162567138672e-05,0.001987457275390625,0.8930215239524841,0.000617435434833169,0.18310546875,,0.0,0.46181556582450867,-0.18310546875
image_2541.jpg,train,0.00337982177734375,0.0011094649089500308,4.1604042053222656e-05,0.00215911865234375,0.8878636956214905,0.0007574126357212663,0.18768310546875,,0.0,0.33642578125,-0.18768310546875
image_2542.jpg,train,0.001476287841796875,0.00031944867805577815,5.7220458984375e-06,0.00115966796875,0.9324728846549988,0.00021024384477641433,0.1056671142578125,,0.0,0.6114180684089661,-0.1056671142578125
image_2543.jpg,train,0.007320404052734375,0.0045575667172670364,0.0027827471494674683,0.002826690673828125,0.805344820022583,0.0020334767177700996,0.3429412841796875,,0.0,0.12422852963209152,-0.3429412841796875
image_2544.jpg,train,0.00148773193359375,0.00108314398676157,2.1219253540039062e-05,0.000362396240234375,0.7657037377357483,0.0011026709107682109,-0.070953369140625,,0.0,0.10625000298023224,0.070953369140625
image_2545.jpg,test,0.008968353271484375,0.004832991398870945,0.0030038319528102875,0.004024505615234375,0.8267194032669067,0.004638588055968285,-0.0102996826171875,,0.0,0.19979366660118103,0.0102996826171875
image_2546.jpg,train,0.010906219482421875,0.0058679403737187386,0.006532993167638779,0.00469970703125,0.8191074728965759,0.0026972407940775156,0.5756378173828125,0.0714285746216774,0.0026702880859375,0.17860358953475952,-0.57830810546875
image_2547.jpg,train,0.005558013916015625,0.0027726851403713226,0.00048587843775749207,0.00283050537109375,0.8460392355918884,0.002891519572585821,-0.0125885009765625,,0.0,0.1584334671497345,0.0125885009765625
image_2548.jpg,train,0.026454925537109375,0.034301914274692535,0.21112652122974396,0.003185272216796875,0.7318909764289856,,2.6454925537109375,,0.0,0.026454925537109375,-2.6454925537109375
image_2549.jpg,train,0.013500213623046875,0.007791681680828333,0.017138727009296417,0.004978179931640625,0.8007838129997253,0.009096446447074413,-0.3589630126953125,,0.0,0.08172895759344101,0.3589630126953125
image_2550.jpg,val,0.01006317138671875,0.006024066358804703,0.009694689884781837,0.00406646728515625,0.8123689889907837,0.005174193996936083,0.01983642578125,,0.0,0.10979592055082321,-0.01983642578125
image_2551.jpg,val,0.0081939697265625,0.005901447497308254,0.008928876370191574,0.002758026123046875,0.7879672646522522,0.00527440058067441,-0.188446044921875,,0.0,0.07075028121471405,0.188446044921875
image_2552.jpg,test,0.002105712890625,0.0006245597032830119,7.748603820800781e-06,0.001255035400390625,0.8765787482261658,0.00046671947347931564,0.11749267578125,,0.0,0.5771812200546265,-0.11749267578125
image_2553.jpg,train,0.00012969970703125,0.00036303576780483127,0.0008779801428318024,6.4849853515625e-05,0.8462796807289124,1.0,-0.0003814697265625,0.395061731338501,-0.0118255615234375,3.815890977421077e-06,0.01220703125
image_2554.jpg,val,0.0131683349609375,0.015495351515710354,0.09630720317363739,0.001277923583984375,0.7011804580688477,0.2926829159259796,0.014495849609375,0.07240456342697144,0.5092620849609375,0.009729533456265926,-0.5237579345703125
image_2555.jpg,val,0.003505706787109375,0.0028606285341084003,0.000518500804901123,0.0006256103515625,0.740712583065033,,0.0,0.07650861889123917,0.2422332763671875,0.002985154977068305,-0.2422332763671875
image_2556.jpg,train,0.00189208984375,0.0014711485709995031,0.0004951953887939453,0.000598907470703125,0.7809604406356812,1.0,-0.0141143798828125,0.1655462235212326,0.0240325927734375,0.0010003219358623028,-0.009918212890625
image_2557.jpg,train,0.036197662353515625,0.04128781706094742,0.27523815631866455,0.00603485107421875,0.7315735220909119,0.3812010586261749,0.6084442138671875,0.1586027890443802,-1.5350341796875,0.015565729700028896,0.9265899658203125
image_2558.jpg,train,0.044818878173828125,0.036575138568878174,0.2663843333721161,0.00872039794921875,0.7473001480102539,0.0504518523812294,-0.183868408203125,0.1510416716337204,0.0011444091796875,0.03984255716204643,0.1827239990234375
image_2559.jpg,train,0.00749969482421875,0.005802609957754612,0.006528284400701523,0.00177001953125,0.763037919998169,0.005466703791171312,-0.3265380859375,,0.0,0.13751238584518433,0.3265380859375
image_2560.jpg,train,0.009258270263671875,0.01131599210202694,0.045874208211898804,0.00067138671875,0.6911433339118958,0.22727273404598236,0.0030517578125,0.09779727458953857,0.1033782958984375,0.005382572766393423,-0.1064300537109375
image_2561.jpg,train,0.02368927001953125,0.020234989002346992,0.13768261671066284,0.005115509033203125,0.7537747621536255,0.3025188446044922,-0.32501220703125,,0.0,0.010695806704461575,0.32501220703125
image_2562.jpg,train,0.010944366455078125,0.010117610916495323,0.03859248757362366,0.003009796142578125,0.7718531489372253,0.37782806158065796,0.3299713134765625,,0.0,0.00719482684507966,-0.3299713134765625
image_2563.jpg,train,0.06686782836914062,0.048634640872478485,0.30833613872528076,0.02010345458984375,0.7797424793243408,0.10575766861438751,-1.5659332275390625,,0.0,0.041985951364040375,1.5659332275390625
image_2564.jpg,train,0.016284942626953125,0.013189749792218208,0.061187148094177246,0.003482818603515625,0.7569074630737305,0.39564111828804016,-0.2689361572265625,,0.0,0.006964800879359245,0.2689361572265625
image_2565.jpg,train,0.00170135498046875,0.004075284115970135,0.011012785136699677,0.000316619873046875,0.7485516667366028,1.0,0.167083740234375,,0.0,0.0016861219191923738,-0.167083740234375
image_2566.jpg,train,0.0005645751953125,0.0016198791563510895,0.0026301778852939606,0.0,0.6466596722602844,0.011917660012841225,0.048065185546875,,0.0,0.0005244601052254438,-0.048065185546875
image_2567.jpg,train,0.000293731689453125,0.0011809160932898521,0.002928953617811203,0.0002899169921875,0.9412075877189636,1.0,-0.0293731689453125,,0.0,0.0,0.0293731689453125
image_2568.jpg,train,0.015834808349609375,0.011591475456953049,0.04538879543542862,0.00537872314453125,0.7902514934539795,0.65398770570755,-0.8563995361328125,,0.0,0.0037045099306851625,0.8563995361328125
image_2569.jpg,train,0.023326873779296875,0.01804235205054283,0.1145198792219162,0.00635528564453125,0.7748954892158508,0.2708936035633087,-0.383758544921875,0.0,0.0011444091796875,0.010265348479151726,0.3826141357421875
image_2570.jpg,test,0.011974334716796875,0.007453782483935356,0.021610800176858902,0.00493621826171875,0.8271384835243225,0.5224618315696716,-0.5771636962890625,,0.0,0.0031549290288239717,0.5771636962890625
image_2571.jpg,train,0.0136260986328125,0.01016891561448574,0.037151940166950226,0.002227783203125,0.7576744556427002,0.40280064940452576,0.989532470703125,,0.0,0.011815429665148258,-0.989532470703125
image_2572.jpg,train,0.023380279541015625,0.015397618524730206,0.08288843929767609,0.008434295654296875,0.7960011959075928,0.261142373085022,-0.7419586181640625,,0.0,0.008480451069772243,0.7419586181640625
image_2573.jpg,val,0.001461029052734375,0.0034690815955400467,0.007680803537368774,2.288818359375e-05,0.6933993697166443,1.0,0.1422882080078125,,0.0,0.0014419830404222012,-0.1422882080078125
image_2574.jpg,train,0.004367828369140625,0.003955849912017584,0.004191946238279343,0.001194000244140625,0.7615125775337219,0.002374884905293584,-0.0331878662109375,,0.0,0.1914585530757904,0.0331878662109375
image_2575.jpg,train,0.002288818359375,0.0018522865138947964,0.0007030777633190155,0.000820159912109375,0.7908463478088379,0.00122264854144305,-0.014495849609375,,0.0,0.2275303602218628,0.014495849609375
image_2576.jpg,train,0.001617431640625,0.0014921841211616993,0.0007790140807628632,0.0001983642578125,0.7388550639152527,0.0011512453202158213,-0.067901611328125,,0.0,0.17877906560897827,0.067901611328125
image_2577.jpg,train,0.000644683837890625,0.0005416750791482627,6.614252924919128e-05,0.0001678466796875,0.7685168385505676,0.00030194391729310155,0.0041961669921875,,0.0,0.17786560952663422,-0.0041961669921875
image_2578.jpg,train,0.002532958984375,0.00297945667989552,0.002554040402173996,0.0002899169921875,0.7203525304794312,0.0011901333928108215,0.01678466796875,,0.0,0.21210305392742157,-0.01678466796875
image_2579.jpg,train,0.001922607421875,0.001062116352841258,0.0002626776695251465,0.001247406005859375,0.8833360075950623,0.0003677949425764382,0.1190185546875,,0.0,0.36138173937797546,-0.1190185546875
image_2580.jpg,val,0.00052642822265625,0.0006630278076045215,0.0002740025520324707,8.0108642578125e-05,0.72779381275177,0.0004083299427293241,-0.02899169921875,,0.0,0.30693069100379944,0.02899169921875
image_2581.jpg,train,0.00327301025390625,0.0009290452580899,0.00017696619033813477,0.002483367919921875,0.9202913641929626,0.0006281599635258317,0.202178955078125,,0.0,0.652255654335022,-0.202178955078125
image_2582.jpg,train,0.00457763671875,0.0020145713351666927,0.0009559988975524902,0.002471923828125,0.8577525019645691,0.0029095474164932966,-0.1220703125,,0.0,0.47058823704719543,0.1220703125
image_2583.jpg,train,0.01043701171875,0.006327855866402388,0.0022654421627521515,0.002368927001953125,0.7797504663467407,0.010234007611870766,-1.0009765625,,0.0,0.20588235557079315,1.0009765625
image_2584.jpg,train,0.000904083251953125,0.0011751193087548018,0.0009837150573730469,0.00020599365234375,0.7214614748954773,0.0004898527986370027,-0.0072479248046875,,0.0,0.12960760295391083,0.0072479248046875
image_2585.jpg,train,0.00982666015625,0.008888915181159973,0.027094624936580658,0.00214385986328125,0.7495453953742981,0.004120573401451111,0.177001953125,,0.0,0.2589879035949707,-0.177001953125
image_2586.jpg,train,0.010562896728515625,0.00583150377497077,0.013688016682863235,0.0054931640625,0.8477179408073425,0.0026489808224141598,0.5352020263671875,,0.0,0.4841030538082123,-0.5352020263671875
image_2587.jpg,train,0.00586700439453125,0.004159043077379465,0.006359796971082687,0.002643585205078125,0.8233150243759155,0.003222677856683731,-0.049591064453125,,0.0,0.20996123552322388,0.049591064453125
image_2588.jpg,train,0.01372528076171875,0.007022126577794552,0.014982007443904877,0.00641632080078125,0.8327128887176514,0.0027619770262390375,0.833892822265625,,0.0,0.4428790211677551,-0.833892822265625
image_2589.jpg,train,0.01247406005859375,0.013244223780930042,0.06360086798667908,0.002185821533203125,0.7303181886672974,0.009688908234238625,-0.630950927734375,,0.0,0.10051001608371735,0.630950927734375
image_2590.jpg,train,0.00043487548828125,0.00020005484111607075,1.430511474609375e-06,0.00025177001953125,0.8528470396995544,7.253846706589684e-05,0.02899169921875,,0.0,0.44392523169517517,-0.02899169921875
image_2591.jpg,train,0.00154876708984375,0.0009211187716573477,2.7060508728027344e-05,0.000621795654296875,0.814073383808136,0.0010977116180583835,-0.0640869140625,,0.0,0.17221418023109436,0.0640869140625
image_2592.jpg,train,0.046352386474609375,0.028918631374835968,0.21468868851661682,0.013011932373046875,0.7832776308059692,0.02660774067044258,0.3955841064453125,,0.0,0.12372642755508423,-0.3955841064453125
image_2593.jpg,test,0.04134368896484375,0.03237111121416092,0.246010422706604,0.009876251220703125,0.759597659111023,0.025846296921372414,-0.02593994140625,,0.0,0.1052456721663475,0.02593994140625
image_2594.jpg,train,0.060070037841796875,0.04767802357673645,0.32223275303840637,0.010662078857421875,0.7441862225532532,0.03695756196975708,1.5918731689453125,,0.0,0.09435481578111649,-1.5918731689453125
image_2595.jpg,train,0.022216796875,0.019204042851924896,0.12674668431282043,0.0053863525390625,0.7584749460220337,0.013167643919587135,-0.205230712890625,,0.0,0.1285068243741989,0.205230712890625
image_2596.jpg,train,0.045482635498046875,0.03790658339858055,0.2819041609764099,0.008853912353515625,0.7421891093254089,0.03775359317660332,-0.4138946533203125,,0.0,0.06029887869954109,0.4138946533203125
image_2597.jpg,test,0.032184600830078125,0.026148667559027672,0.19526830315589905,0.00650787353515625,0.7515939474105835,0.021602625027298927,-0.2986907958984375,,0.0,0.07851222902536392,0.2986907958984375
image_2598.jpg,test,0.044040679931640625,0.034630659967660904,0.2535232603549957,0.008808135986328125,0.7528432607650757,0.025123344734311104,0.8609771728515625,,0.0,0.08928017318248749,-0.8609771728515625
image_2599.jpg,train,0.06352996826171875,0.05451580882072449,0.33575209975242615,0.012622833251953125,0.7467767596244812,0.048682425171136856,1.15203857421875,,0.0,0.08055587112903595,-1.15203857421875
image_2600.jpg,train,0.042926788330078125,0.033701710402965546,0.24428795278072357,0.01102447509765625,0.7667784094810486,0.03118847869336605,-0.5298614501953125,,0.0,0.08292838931083679,0.5298614501953125
image_2601.jpg,test,0.00998687744140625,0.006086230278015137,0.015511538833379745,0.004352569580078125,0.8236674666404724,0.0029319562017917633,0.48065185546875,,0.0,0.06345310807228088,-0.48065185546875
image_2602.jpg,train,0.022968292236328125,0.016742659732699394,0.09755916148424149,0.00782012939453125,0.7911896705627441,0.007653288543224335,0.9212493896484375,,0.0,0.15881621837615967,-0.9212493896484375
image_2603.jpg,train,0.010242462158203125,0.011096173897385597,0.046830084174871445,0.0024871826171875,0.7545883059501648,0.005172658711671829,0.2162933349609375,0.8888888955116272,-0.0030517578125,0.027879955247044563,-0.2132415771484375
image_2604.jpg,train,0.022159576416015625,0.02274695783853531,0.146125927567482,0.0051727294921875,0.7520186901092529,0.016911663115024567,-0.2048492431640625,,0.0,0.03537210449576378,0.2048492431640625
image_2605.jpg,train,0.06292724609375,0.05458192899823189,0.332379549741745,0.01549530029296875,0.7562353014945984,0.04410228878259659,1.14593505859375,0.0049878936260938644,0.1483917236328125,0.10579123347997665,-1.2943267822265625
image_2606.jpg,train,0.01593017578125,0.016208089888095856,0.08673620223999023,0.003520965576171875,0.7431079149246216,0.00970921479165554,-0.01220703125,0.04389160871505737,-0.0995635986328125,0.03480272740125656,0.1117706298828125
image_2607.jpg,train,0.031398773193359375,0.03045007772743702,0.2168336808681488,0.00690460205078125,0.7364084124565125,0.010699386708438396,1.5472412109375,0.022394448518753052,-0.179290771484375,0.134804829955101,-1.367950439453125
image_2608.jpg,train,0.014621734619140625,0.01259356178343296,0.058287568390369415,0.00318145751953125,0.7448413968086243,0.009587215259671211,0.0087738037109375,0.0018192330608144403,0.5809783935546875,0.20365183055400848,-0.589752197265625
image_2609.jpg,val,0.03005218505859375,0.02590056322515011,0.18035154044628143,0.008636474609375,0.7730152010917664,0.01665063202381134,0.258636474609375,,0.0,0.09312957525253296,-0.258636474609375
image_2610.jpg,train,0.01755523681640625,0.01731899194419384,0.09817623347043991,0.004329681396484375,0.7599760293960571,0.011354433372616768,0.1190185546875,,0.0,0.03355136513710022,-0.1190185546875
image_2611.jpg,train,0.020130157470703125,0.020012440159916878,0.13709279894828796,0.003566741943359375,0.7287417054176331,0.01426443737000227,-0.0225067138671875,0.003472761483862996,0.7671356201171875,0.14160075783729553,-0.74462890625
image_2612.jpg,train,0.01625823974609375,0.02244354411959648,0.12412092089653015,0.00363922119140625,0.7437995672225952,0.013213488273322582,0.614166259765625,,0.0,0.018146757036447525,-0.614166259765625
image_2613.jpg,val,0.034870147705078125,0.0315311998128891,0.22300606966018677,0.009212493896484375,0.7633457779884338,0.017249224707484245,0.8838653564453125,,0.0,0.08904535323381424,-0.8838653564453125
image_2614.jpg,train,0.00112152099609375,0.0009958320297300816,0.0001041702926158905,0.000335693359375,0.7747385501861572,0.00033452975912950933,0.04730224609375,,0.0,0.025943396613001823,-0.04730224609375
image_2615.jpg,train,0.0247039794921875,0.023267626762390137,0.15554529428482056,0.005840301513671875,0.7564665079116821,0.01254289224743843,0.65765380859375,,0.0,0.05638528987765312,-0.65765380859375
image_2616.jpg,train,0.010486602783203125,0.011394955217838287,0.048369117081165314,0.0025177001953125,0.7462360858917236,0.0032822892535477877,0.4398345947265625,,0.0,0.10257083922624588,-0.4398345947265625
image_2617.jpg,train,0.007999420166015625,0.006100332364439964,0.011095987632870674,0.002765655517578125,0.7854966521263123,0.0014362330548465252,0.4650115966796875,0.0061662690714001656,0.0743865966796875,0.10840782523155212,-0.539398193359375
image_2618.jpg,test,0.025714874267578125,0.020906001329421997,0.1386297047138214,0.009639739990234375,0.796138346195221,0.010132277384400368,0.8533477783203125,,0.0,0.11255139857530594,-0.8533477783203125
image_2619.jpg,train,0.051647186279296875,0.05602520331740379,0.3186566233634949,0.011478424072265625,0.7484721541404724,0.04570561274886131,1.3515472412109375,,0.0,0.055899523198604584,-1.3515472412109375
image_2620.jpg,train,0.08672332763671875,0.0773492306470871,0.4051835536956787,0.014789581298828125,0.7126747965812683,0.0573999248445034,3.399658203125,0.031103644520044327,0.82550048828125,0.15767733752727509,-4.22515869140625
image_2621.jpg,val,0.03647613525390625,0.030713148415088654,0.21417850255966187,0.0117645263671875,0.7817408442497253,0.0212196484208107,0.447845458984375,,0.0,0.08322867751121521,-0.447845458984375
image_2622.jpg,train,0.046192169189453125,0.04094233363866806,0.27483639121055603,0.011142730712890625,0.7584168910980225,0.023754166439175606,0.9166717529296875,0.1975308656692505,-0.00457763671875,0.12534192204475403,-0.9120941162109375
image_2623.jpg,val,0.06333160400390625,0.07145753502845764,0.35560035705566406,0.012096405029296875,0.7384456992149353,0.07124964147806168,2.3174285888671875,1.0,-0.0011444091796875,0.060210954397916794,-2.3162841796875
image_2624.jpg,train,0.01978302001953125,0.013286247849464417,0.06335848569869995,0.007640838623046875,0.8034338355064392,0.00756112951785326,0.70343017578125,0.004646691028028727,0.1972198486328125,0.22171945869922638,-0.9006500244140625
image_2625.jpg,train,0.0452117919921875,0.03788217157125473,0.2743861973285675,0.0109100341796875,0.7508636713027954,0.021528514102101326,1.0242462158203125,0.08091972768306732,0.211334228515625,0.14104272425174713,-1.2355804443359375
image_2626.jpg,train,0.017681121826171875,0.021863101050257683,0.13328634202480316,0.00296783447265625,0.716048538684845,0.018872909247875214,0.4550933837890625,0.000997447408735752,0.284576416015625,0.033405229449272156,-0.7396697998046875
image_2627.jpg,train,0.015613555908203125,0.01589537411928177,0.0816878005862236,0.004604339599609375,0.7753620743751526,0.017606982961297035,0.1239776611328125,,0.0,0.014238660223782063,-0.1239776611328125
image_2628.jpg,train,0.003215789794921875,0.004050098359584808,0.0062860287725925446,0.000621795654296875,0.7364135980606079,0.0016411422984674573,0.0110626220703125,,0.0,0.030821433290839195,-0.0110626220703125
image_2629.jpg,train,0.05994415283203125,0.0670594647526741,0.35797253251075745,0.00701904296875,0.7114793062210083,0.043455373495817184,0.5283355712890625,0.003292978275567293,0.18463134765625,0.1078382357954979,-0.7129669189453125
image_2630.jpg,train,0.020008087158203125,0.014803068712353706,0.08013563603162766,0.007110595703125,0.7961324453353882,0.0077311755158007145,0.5641937255859375,0.05128205195069313,0.0041961669921875,0.18243832886219025,-0.568389892578125
image_2631.jpg,val,0.03096771240234375,0.021555215120315552,0.15185612440109253,0.0080413818359375,0.7530513405799866,0.010960107669234276,1.2523651123046875,0.002533120568841696,0.6381988525390625,0.14117619395256042,-1.89056396484375
image_2632.jpg,train,0.02220916748046875,0.0181185994297266,0.1141652837395668,0.006153106689453125,0.7649185061454773,0.0077963522635400295,0.908660888671875,,0.0,0.09877672791481018,-0.908660888671875
image_2633.jpg,train,0.06553268432617188,0.06681466847658157,0.3440154194831848,0.015201568603515625,0.7556880116462708,0.14972804486751556,0.019073486328125,0.699999988079071,-0.0026702880859375,0.04201368987560272,-0.0164031982421875
image_2634.jpg,train,0.02620697021484375,0.01827646605670452,0.11268526315689087,0.010524749755859375,0.809988796710968,0.01266417559236288,0.461578369140625,,0.0,0.10444944351911545,-0.461578369140625
image_2635.jpg,train,0.0406036376953125,0.04037358611822128,0.2724379301071167,0.0084991455078125,0.7443008422851562,0.02278461866080761,0.60882568359375,,0.0,0.09624306112527847,-0.60882568359375
image_2636.jpg,train,0.15862655639648438,0.11983542889356613,0.43346983194351196,0.0350341796875,0.747856616973877,0.14080114662647247,3.3229827880859375,,0.0,0.17293621599674225,-3.3229827880859375
image_2637.jpg,train,0.149749755859375,0.12248802185058594,0.43495699763298035,0.023609161376953125,0.7304673194885254,0.26381388306617737,-3.1208038330078125,0.23992674052715302,-0.025177001953125,0.09002314507961273,3.1459808349609375
image_2638.jpg,train,0.052642822265625,0.05700363591313362,0.32358428835868835,0.011272430419921875,0.7432448267936707,0.04314885661005974,1.581573486328125,0.0263894721865654,0.0820159912109375,0.06199360266327858,-1.6635894775390625
image_2639.jpg,test,0.0673675537109375,0.07743625342845917,0.37004077434539795,0.014606475830078125,0.7393108606338501,0.09637000411748886,2.080535888671875,0.18224549293518066,-0.334930419921875,0.05450960248708725,-1.74560546875
image_2640.jpg,train,0.03168487548828125,0.03161131590604782,0.2282627671957016,0.00713348388671875,0.7368934154510498,0.019454440101981163,0.2788543701171875,0.026408012956380844,0.189208984375,0.09034877270460129,-0.4680633544921875
image_2641.jpg,test,0.013469696044921875,0.0072031039744615555,0.02203717827796936,0.007785797119140625,0.8632318377494812,0.004011388402432203,0.6504058837890625,,0.0,0.07579179108142853,-0.6504058837890625
image_2642.jpg,train,0.032657623291015625,0.032267358154058456,0.22353693842887878,0.00801849365234375,0.7546215653419495,0.021915016695857048,-0.1956939697265625,,0.0,0.07300832867622375,0.1956939697265625
image_2643.jpg,train,0.02869415283203125,0.023532556369900703,0.16497759521007538,0.007965087890625,0.7626997828483582,0.016449593007564545,0.4261016845703125,0.04154786840081215,0.0,0.2523956298828125,-0.4261016845703125
image_2644.jpg,train,0.01717376708984375,0.016298532485961914,0.0905257910490036,0.004604339599609375,0.7687320709228516,0.006059277802705765,0.768280029296875,,0.0,0.057319797575473785,-0.768280029296875
image_2645.jpg,train,0.02477264404296875,0.022597230970859528,0.15578319132328033,0.0052642822265625,0.7441186308860779,0.011654290370643139,0.611114501953125,0.0042638168670237064,0.4268646240234375,0.13077515363693237,-1.0379791259765625
image_2646.jpg,train,0.0103759765625,0.010973343625664711,0.04504704475402832,0.00301361083984375,0.7718563675880432,0.007509483024477959,-0.07781982421875,0.06329113990068436,0.0064849853515625,0.018574750050902367,0.0713348388671875
image_2647.jpg,test,0.01300048828125,0.014511916786432266,0.07123846560716629,0.003559112548828125,0.7574964165687561,0.008268418721854687,0.15716552734375,0.007808249909430742,0.0896453857421875,0.024276984855532646,-0.2468109130859375
image_2648.jpg,train,0.035312652587890625,0.034897513687610626,0.24854516983032227,0.00827789306640625,0.753894031047821,0.023023074492812157,0.8037567138671875,,0.0,0.05316988751292229,-0.8037567138671875
image_2649.jpg,train,0.00560760498046875,0.010261127725243568,0.04109460860490799,0.001132965087890625,0.7332969903945923,0.0029257165733724833,0.020599365234375,,0.0,0.037812624126672745,-0.020599365234375
image_2650.jpg,train,0.06653976440429688,0.062037304043769836,0.3529796302318573,0.013774871826171875,0.7365776896476746,0.04125726595520973,1.0868072509765625,0.09520173817873001,-0.030517578125,0.10645319521427155,-1.0562896728515625
image_2651.jpg,train,0.058177947998046875,0.0643942803144455,0.3298768401145935,0.014278411865234375,0.7574476003646851,0.0945160761475563,1.3996124267578125,,0.0,0.0470941998064518,-1.3996124267578125
image_2652.jpg,train,0.03525543212890625,0.030959244817495346,0.20668654143810272,0.01218414306640625,0.7879186868667603,0.02366122417151928,0.543212890625,,0.0,0.055015113204717636,-0.543212890625
image_2653.jpg,train,0.09424591064453125,0.0810297280550003,0.3870116174221039,0.020496368408203125,0.7492203116416931,0.06088916212320328,3.34320068359375,,0.0,0.12752030789852142,-3.34320068359375
image_2654.jpg,train,0.03673553466796875,0.03259381651878357,0.24845294654369354,0.00656890869140625,0.7287904024124146,0.01660081371665001,0.84991455078125,0.056375402957201004,0.446319580078125,0.21242044866085052,-1.296234130859375
image_2655.jpg,train,0.06786346435546875,0.05853325128555298,0.33883801102638245,0.015399932861328125,0.7551034688949585,0.03659606724977493,2.14080810546875,,0.0,0.12219089269638062,-2.14080810546875
image_2656.jpg,train,0.021595001220703125,0.020454099401831627,0.1226319968700409,0.00598907470703125,0.7717517614364624,0.009926876984536648,0.5779266357421875,,0.0,0.0672956109046936,-0.5779266357421875
image_2657.jpg,val,0.06763458251953125,0.06752841174602509,0.3508523404598236,0.013301849365234375,0.7452546954154968,0.1335635930299759,-0.37689208984375,1.0,-0.0034332275390625,0.04354118928313255,0.3803253173828125
image_2658.jpg,val,0.019443511962890625,0.013976939022541046,0.07199136912822723,0.007228851318359375,0.7987270951271057,0.00537406699731946,0.9471893310546875,,0.0,0.20011615753173828,-0.9471893310546875
image_2659.jpg,train,0.01570892333984375,0.01750090718269348,0.10522156953811646,0.003200531005859375,0.7440735101699829,0.006667993497103453,0.5016326904296875,0.003284691134467721,0.2750396728515625,0.06321083754301071,-0.77667236328125
image_2660.jpg,train,0.098419189453125,0.08537916839122772,0.397733211517334,0.01935577392578125,0.7427894473075867,0.06722252070903778,1.35345458984375,,0.0,0.15185131132602692,-1.35345458984375
image_2661.jpg,val,0.01337432861328125,0.01601460389792919,0.09115632623434067,0.002017974853515625,0.7203794717788696,0.004784155171364546,0.4604339599609375,0.011771630495786667,0.124359130859375,0.15078753232955933,-0.5847930908203125
image_2662.jpg,train,0.008136749267578125,0.008308551274240017,0.027782384306192398,0.002471923828125,0.773288905620575,0.005462346598505974,0.0026702880859375,,0.0,0.015842698514461517,-0.0026702880859375
image_2663.jpg,train,0.056293487548828125,0.04719112068414688,0.30384546518325806,0.01499176025390625,0.768194317817688,0.03301658481359482,1.4118194580078125,,0.0,0.09744174778461456,-1.4118194580078125
image_2664.jpg,train,0.0270843505859375,0.026363003998994827,0.1920619159936905,0.005931854248046875,0.7425379157066345,0.013573079369962215,0.189971923828125,,0.0,0.200559601187706,-0.189971923828125
image_2665.jpg,train,0.1067047119140625,0.09637302905321121,0.4119143784046173,0.02005767822265625,0.7357033491134644,0.22072915732860565,0.637054443359375,0.058352816849946976,-0.2681732177734375,0.08036597818136215,-0.3688812255859375
image_2666.jpg,train,0.053730010986328125,0.05126495659351349,0.3030552566051483,0.014766693115234375,0.7673612833023071,0.04711418226361275,1.1165618896484375,1.0,-0.00152587890625,0.059150855988264084,-1.1150360107421875
image_2667.jpg,train,0.0914306640625,0.07629424333572388,0.3774833679199219,0.022403717041015625,0.7597455978393555,0.15051600337028503,-1.290130615234375,0.37278106808662415,-0.0415802001953125,0.05966002121567726,1.3317108154296875
image_2668.jpg,val,0.025081634521484375,0.025803619995713234,0.16983401775360107,0.0072174072265625,0.7682674527168274,0.013360656797885895,0.4985809326171875,,0.0,0.06063263490796089,-0.4985809326171875
image_2669.jpg,train,0.082977294921875,0.07919685542583466,0.3717954456806183,0.017303466796875,0.749872088432312,0.12928512692451477,0.710296630859375,,0.0,0.06374546885490417,-0.710296630859375
image_2670.jpg,train,0.017425537109375,0.012393387034535408,0.0568954199552536,0.006450653076171875,0.8001001477241516,0.0047433399595320225,0.8514404296875,,0.0,0.21378269791603088,-0.8514404296875
image_2671.jpg,train,0.018230438232421875,0.014699681662023067,0.07522070407867432,0.006587982177734375,0.7844933867454529,0.00566799147054553,0.6717681884765625,0.0684066116809845,-0.17852783203125,0.05259522423148155,-0.4932403564453125
image_2672.jpg,test,0.0708770751953125,0.05379071831703186,0.3489985167980194,0.01776885986328125,0.7547054290771484,0.08996875584125519,0.5035400390625,0.001348941121250391,1.6094207763671875,0.2799754738807678,-2.1129608154296875
image_2673.jpg,train,0.09112167358398438,0.08808071911334991,0.39145541191101074,0.016803741455078125,0.7417868375778198,0.17435817420482635,3.1223297119140625,,0.0,0.07385913282632828,-3.1223297119140625
image_2674.jpg,train,0.004947662353515625,0.004910620395094156,0.008019527420401573,0.001781463623046875,0.7924156785011292,0.0017465712735429406,0.1537322998046875,,0.0,0.13678789138793945,-0.1537322998046875
image_2675.jpg,train,0.0872802734375,0.10293920338153839,0.4114169180393219,0.011287689208984375,0.7098981142044067,0.18170149624347687,0.196075439453125,,0.0,0.058310650289058685,-0.196075439453125
image_2676.jpg,train,0.0166015625,0.009782591834664345,0.0385890007019043,0.00833892822265625,0.8402611613273621,0.00455003185197711,0.815582275390625,,0.0,0.1721576750278473,-0.815582275390625
image_2677.jpg,train,0.13608551025390625,0.11755603551864624,0.43278613686561584,0.0185089111328125,0.7206798195838928,0.19828100502490997,0.9185791015625,,0.0,0.1068170890212059,-0.9185791015625
image_2678.jpg,train,0.017543792724609375,0.021196521818637848,0.13993485271930695,0.00323486328125,0.7361034750938416,0.007998805493116379,0.3643035888671875,,0.0,0.0808207243680954,-0.3643035888671875
image_2679.jpg,train,0.00841522216796875,0.012435266748070717,0.055486276745796204,0.0023040771484375,0.7641170620918274,0.007467697374522686,-0.13427734375,,0.0,0.010201049968600273,0.13427734375
image_2680.jpg,train,0.07619476318359375,0.06301525235176086,0.352765828371048,0.0181884765625,0.7580031156539917,0.030199013650417328,3.20281982421875,,0.0,0.2013513296842575,-3.20281982421875
image_2681.jpg,train,0.033233642578125,0.037262797355651855,0.2488241195678711,0.00557708740234375,0.7329645156860352,0.01762974075973034,0.2254486083984375,0.21917808055877686,-0.0640869140625,0.129797101020813,-0.1613616943359375
image_2682.jpg,train,0.01648712158203125,0.013366268947720528,0.0642087459564209,0.00437164306640625,0.7686180472373962,0.007762197870761156,0.225830078125,,0.0,0.11230973154306412,-0.225830078125
image_2683.jpg,val,0.11925888061523438,0.08697545528411865,0.39473485946655273,0.035388946533203125,0.774017870426178,0.0835924968123436,3.5999298095703125,,0.0,0.15464231371879578,-3.5999298095703125
image_2684.jpg,train,0.05368804931640625,0.046155981719493866,0.3014214336872101,0.012889862060546875,0.7503657341003418,0.03294438123703003,1.1707305908203125,0.021924655884504318,1.0944366455078125,0.5163443088531494,-2.265167236328125
image_2685.jpg,test,0.012294769287109375,0.010458975099027157,0.042746465653181076,0.004940032958984375,0.8046099543571472,0.007526512257754803,-0.0408172607421875,,0.0,0.038068708032369614,0.0408172607421875
image_2686.jpg,train,0.07686614990234375,0.07230402529239655,0.37596315145492554,0.014278411865234375,0.7362909913063049,0.1685638129711151,1.314544677734375,,0.0,0.05549493059515953,-1.314544677734375
image_2687.jpg,test,0.14893341064453125,0.07761558890342712,0.3973780870437622,0.0667266845703125,0.8142098784446716,0.08848915994167328,11.083602905273438,0.02408785931766033,0.9006500244140625,0.21965551376342773,-11.9842529296875
image_2688.jpg,train,0.018299102783203125,0.020179662853479385,0.10924285650253296,0.00506591796875,0.7704191207885742,0.016013536602258682,-1.0005950927734375,,0.0,0.035680290311574936,1.0005950927734375
image_2689.jpg,train,0.02252197265625,0.03987443074584007,0.24672746658325195,0.0029144287109375,0.7032735347747803,0.006665506400167942,1.375579833984375,,0.0,0.05297223851084709,-1.375579833984375
image_2690.jpg,test,0.066192626953125,0.06390222907066345,0.3489949405193329,0.014705657958984375,0.7505720257759094,0.061433203518390656,1.33056640625,,0.0,0.06978955864906311,-1.33056640625
image_2691.jpg,train,0.050403594970703125,0.052298612892627716,0.3164353668689728,0.010738372802734375,0.7423548698425293,0.11384817212820053,1.0684967041015625,0.003292978275567293,0.1308441162109375,0.041117969900369644,-1.1993408203125
image_2692.jpg,train,0.0077972412109375,0.00813538022339344,0.02738155983388424,0.002349853515625,0.7727051973342896,0.0027350164018571377,0.319671630859375,,0.0,0.03458123281598091,-0.319671630859375
image_2693.jpg,train,0.022960662841796875,0.02509596198797226,0.16472387313842773,0.004116058349609375,0.7364286184310913,0.02903655730187893,-0.0812530517578125,0.0,0.002288818359375,0.018750201910734177,0.0789642333984375
image_2694.jpg,train,0.04412841796875,0.048358820378780365,0.31567925214767456,0.006473541259765625,0.719977617263794,0.016330527141690254,1.854705810546875,,0.0,0.14457173645496368,-1.854705810546875
image_2695.jpg,train,0.049716949462890625,0.034218352288007736,0.25715914368629456,0.014011383056640625,0.7680222988128662,0.039083946496248245,-0.8686065673828125,0.009498601779341698,1.9805908203125,0.16920247673988342,-1.1119842529296875
image_2696.jpg,val,0.02605438232421875,0.025678277015686035,0.17338252067565918,0.006694793701171875,0.7618643641471863,0.01896359585225582,-0.0827789306640625,1.0,-0.0011444091796875,0.04326646029949188,0.08392333984375
image_2697.jpg,train,0.012027740478515625,0.014651983976364136,0.07218654453754425,0.00302886962890625,0.7553566098213196,0.010325303301215172,-0.1300811767578125,,0.0,0.015126737765967846,0.1300811767578125
image_2698.jpg,train,0.0197906494140625,0.027140820398926735,0.17578232288360596,0.002559661865234375,0.7174670100212097,0.00903448835015297,0.312042236328125,,0.0,0.14798206090927124,-0.312042236328125
image_2699.jpg,train,0.00811004638671875,0.007975111715495586,0.02274797298014164,0.00193023681640625,0.7639952898025513,0.002745453966781497,0.446319580078125,,0.0,0.01871918886899948,-0.446319580078125
image_2700.jpg,train,0.048374176025390625,0.023939132690429688,0.1667167991399765,0.023357391357421875,0.8396126627922058,0.007908434607088566,3.4267425537109375,,0.0,0.3821755051612854,-3.4267425537109375
image_2701.jpg,train,0.018497467041015625,0.016751259565353394,0.10460636019706726,0.004497528076171875,0.7602748274803162,0.005530182272195816,0.8289337158203125,,0.0,0.17382048070430756,-0.8289337158203125
image_2702.jpg,train,0.01923370361328125,0.020160755142569542,0.12869952619075775,0.004352569580078125,0.7506970763206482,0.010125700384378433,0.2384185791015625,0.06578947603702545,0.00152587890625,0.06428230553865433,-0.2399444580078125
image_2703.jpg,train,0.02918243408203125,0.027416815981268883,0.1911373883485794,0.007045745849609375,0.7460218667984009,0.015361170284450054,0.6557464599609375,0.012384671717882156,0.5886077880859375,0.19206057488918304,-1.244354248046875
image_2704.jpg,train,0.017852783203125,0.010319923982024193,0.038131583482027054,0.007312774658203125,0.8191179037094116,0.007073802407830954,0.5458831787109375,0.0023728813976049423,0.0743865966796875,0.21531884372234344,-0.620269775390625
image_2705.jpg,train,0.01799774169921875,0.02160823903977871,0.1304410845041275,0.00441741943359375,0.7536923885345459,0.011662480421364307,0.45013427734375,1.0,-0.0003814697265625,0.02668839320540428,-0.4497528076171875
image_2706.jpg,train,0.023651123046875,0.015627196058630943,0.08331020921468735,0.009632110595703125,0.8105587363243103,0.008851872757077217,0.67596435546875,0.15735498070716858,-0.1262664794921875,0.3123628497123718,-0.5496978759765625
image_2707.jpg,train,0.050212860107421875,0.057474736124277115,0.33843371272087097,0.008991241455078125,0.7269001007080078,0.06912433356046677,2.4105072021484375,,0.0,0.0458100363612175,-2.4105072021484375
image_2708.jpg,test,0.0248565673828125,0.027191219851374626,0.18745483458042145,0.005252838134765625,0.7423411011695862,0.015046395361423492,0.200653076171875,,0.0,0.05580650642514229,-0.200653076171875
image_2709.jpg,train,0.01450347900390625,0.015524162910878658,0.08159567415714264,0.003772735595703125,0.7608401775360107,0.008666104637086391,-0.055694580078125,,0.0,0.05320139601826668,0.055694580078125
image_2710.jpg,train,0.0515899658203125,0.0486423596739769,0.30990445613861084,0.010601043701171875,0.7443839907646179,0.0684865415096283,-1.497650146484375,0.22835633158683777,-0.0415802001953125,0.03471481055021286,1.5392303466796875
image_2711.jpg,train,0.030384063720703125,0.020968683063983917,0.13402414321899414,0.011322021484375,0.7988150119781494,0.008406147360801697,1.5445709228515625,0.08668143302202225,-0.293731689453125,0.11070661246776581,-1.2508392333984375
image_2712.jpg,train,0.09222793579101562,0.08308190852403641,0.38914212584495544,0.0176849365234375,0.7423582077026367,0.12187664955854416,1.1997222900390625,0.0030508474446833134,0.125885009765625,0.08781199902296066,-1.3256072998046875
image_2713.jpg,train,0.0218505859375,0.021759286522865295,0.15573818981647491,0.004451751708984375,0.7425795197486877,0.007957029156386852,0.818634033203125,,0.0,0.1062331348657608,-0.818634033203125
image_2714.jpg,train,0.02002716064453125,0.01322890818119049,0.06061737984418869,0.007236480712890625,0.7919994592666626,0.0088278753682971,0.3467559814453125,0.1414695531129837,-0.6191253662109375,0.09536554664373398,0.272369384765625
image_2715.jpg,train,0.075164794921875,0.0649661272764206,0.37490957975387573,0.01514434814453125,0.7297985553741455,0.05925658345222473,1.4163970947265625,0.015524783171713352,1.2210845947265625,0.18108026683330536,-2.637481689453125
image_2716.jpg,test,0.07996368408203125,0.08037275075912476,0.3849734663963318,0.017078399658203125,0.7427478432655334,0.062380481511354446,4.064178466796875,,0.0,0.0880560576915741,-4.064178466796875
image_2717.jpg,test,0.014110565185546875,0.01139493752270937,0.05138041079044342,0.007282257080078125,0.8361380100250244,0.00440538115799427,0.6320953369140625,,0.0,0.08814429491758347,-0.6320953369140625
image_2718.jpg,train,0.011898040771484375,0.013448920100927353,0.06435328722000122,0.003307342529296875,0.7697657346725464,0.00667223148047924,0.2811431884765625,,0.0,0.023050345480442047,-0.2811431884765625
image_2719.jpg,train,0.010040283203125,0.010261133313179016,0.04323848709464073,0.003299713134765625,0.7860873937606812,0.004858857486397028,0.21820068359375,,0.0,0.03193780034780502,-0.21820068359375
image_2720.jpg,train,0.007049560546875,0.0038989288732409477,0.0026779212057590485,0.002410888671875,0.8011234402656555,0.0021543290931731462,0.28076171875,,0.0,0.31830501556396484,-0.28076171875
image_2721.jpg,train,0.11641311645507812,0.10846824198961258,0.4224576950073242,0.01888275146484375,0.7271334528923035,0.1643449366092682,-0.5947113037109375,0.039193134754896164,0.0812530517578125,0.09746446460485458,0.513458251953125
image_2722.jpg,test,0.0129852294921875,0.012786513194441795,0.057506971061229706,0.00433349609375,0.7834382057189941,0.006315825041383505,0.440216064453125,,0.0,0.027124494314193726,-0.440216064453125
image_2723.jpg,train,0.0205078125,0.012998041696846485,0.06755664944648743,0.008831024169921875,0.8192560076713562,0.0039792428724467754,1.3202667236328125,0.050847455859184265,0.012969970703125,0.20498885214328766,-1.3332366943359375
image_2724.jpg,test,0.0527801513671875,0.04292028397321701,0.2947171628475189,0.013614654541015625,0.7611533403396606,0.018799591809511185,2.248382568359375,,0.0,0.19375048577785492,-2.248382568359375
image_2725.jpg,train,0.0076904296875,0.007696118205785751,0.020574096590280533,0.00183868408203125,0.7513071894645691,0.0015416089445352554,0.484466552734375,,0.0,0.0813809484243393,-0.484466552734375
image_2726.jpg,train,0.0127105712890625,0.008746997453272343,0.02487080916762352,0.0040130615234375,0.7893990278244019,0.005504191387444735,0.258636474609375,,0.0,0.09522678703069687,-0.258636474609375
image_2727.jpg,train,0.07935714721679688,0.06510981917381287,0.33901721239089966,0.0245819091796875,0.7857593894004822,0.07885025441646576,5.223846435546875,0.8275862336158752,-0.008392333984375,0.07936222851276398,-5.2154541015625
image_2728.jpg,train,0.0554351806640625,0.06614987552165985,0.33332332968711853,0.011402130126953125,0.7427223920822144,0.08589237183332443,1.52740478515625,,0.0,0.04614204913377762,-1.52740478515625
image_2729.jpg,train,0.044475555419921875,0.048860661685466766,0.30977752804756165,0.008853912353515625,0.7345513701438904,0.05305323377251625,0.3955841064453125,,0.0,0.03917623683810234,-0.3955841064453125
image_2730.jpg,train,0.036823272705078125,0.03757959604263306,0.2372104376554489,0.011592864990234375,0.7790408134460449,0.031329091638326645,0.177764892578125,0.8181818127632141,-0.009918212890625,0.04352964460849762,-0.1678466796875
image_2731.jpg,train,0.02407073974609375,0.022979872301220894,0.16278424859046936,0.005168914794921875,0.7464039325714111,0.01627727411687374,-0.1773834228515625,0.02160702273249626,0.208282470703125,0.05834417790174484,-0.0308990478515625
image_2732.jpg,val,0.059833526611328125,0.05485151708126068,0.3298816978931427,0.01374053955078125,0.751859188079834,0.029384680092334747,2.2556304931640625,0.35353535413742065,-0.0080108642578125,0.11227894574403763,-2.24761962890625
image_2733.jpg,train,0.11643600463867188,0.08036954700946808,0.4168003797531128,0.02695465087890625,0.7388239502906799,0.06791935861110687,6.638336181640625,0.03609450161457062,0.2811431884765625,0.2606213092803955,-6.9194793701171875
image_2734.jpg,train,0.02741241455078125,0.024245014414191246,0.16564467549324036,0.007816314697265625,0.769814670085907,0.009756965562701225,1.1932373046875,0.0,0.002288818359375,0.09518096596002579,-1.195526123046875
image_2735.jpg,train,0.01937103271484375,0.02311643585562706,0.14050012826919556,0.004241943359375,0.7450723052024841,0.008783211931586266,0.5031585693359375,1.0,-0.0011444091796875,0.06615760177373886,-0.50201416015625
image_2736.jpg,train,0.08272933959960938,0.05973683297634125,0.34963563084602356,0.0258331298828125,0.781252920627594,0.027413785457611084,4.1294097900390625,,0.0,0.2538730502128601,-4.1294097900390625
image_2737.jpg,test,0.00243377685546875,0.0032221097499132156,0.006371689960360527,0.000545501708984375,0.7489161491394043,0.0007589783053845167,0.11138916015625,,0.0,0.013594105839729309,-0.11138916015625
image_2738.jpg,train,0.0271759033203125,0.028905147686600685,0.1805819869041443,0.007663726806640625,0.7687498331069946,0.022607389837503433,0.006866455078125,,0.0,0.03401502966880798,-0.006866455078125
image_2739.jpg,train,0.03675079345703125,0.040262192487716675,0.24980080127716064,0.01007080078125,0.7643517851829529,0.035484977066516876,-0.5893707275390625,0.3466666638851166,-0.0072479248046875,0.03842959925532341,0.59661865234375
image_2740.jpg,train,0.02216339111328125,0.02559780329465866,0.15225006639957428,0.00577545166015625,0.7610683441162109,0.016490474343299866,0.96435546875,,0.0,0.025634560734033585,-0.96435546875
image_2741.jpg,train,0.057514190673828125,0.05060546472668648,0.33201929926872253,0.0135040283203125,0.7348461151123047,0.03603701293468475,1.5552520751953125,0.042734354734420776,-0.2910614013671875,0.19791701436042786,-1.264190673828125
image_2742.jpg,train,0.054836273193359375,0.05636986717581749,0.3244611322879791,0.011447906494140625,0.7449285984039307,0.04005854204297066,1.9962310791015625,,0.0,0.06622713059186935,-1.9962310791015625
image_2743.jpg,train,0.01663970947265625,0.012891765683889389,0.06243409961462021,0.00555419921875,0.788845956325531,0.003919345326721668,0.936126708984375,,0.0,0.18189582228660583,-0.936126708984375
image_2744.jpg,test,0.04779052734375,0.049129292368888855,0.2986936569213867,0.0109405517578125,0.7508421540260315,0.038659702986478806,1.4923095703125,1.0,-0.000762939453125,0.05452651530504227,-1.491546630859375
image_2745.jpg,train,0.012725830078125,0.01500839926302433,0.07594701647758484,0.0040435791015625,0.7730107307434082,0.010735652409493923,0.140380859375,,0.0,0.01494596991688013,-0.140380859375
image_2746.jpg,train,0.0076751708984375,0.006895390804857016,0.01637483760714531,0.002239227294921875,0.7742090821266174,0.0028869034722447395,0.220489501953125,,0.0,0.09396995604038239,-0.220489501953125
image_2747.jpg,train,0.0424346923828125,0.04375206306576729,0.2925407290458679,0.00664520263671875,0.7277430295944214,0.028869017958641052,0.492095947265625,,0.0,0.06759744137525558,-0.492095947265625
image_2748.jpg,train,0.0035858154296875,0.00206368463113904,0.0003434419631958008,0.0015716552734375,0.8175987005233765,0.0011753160506486893,0.127410888671875,,0.0,0.1467403769493103,-0.127410888671875
image_2749.jpg,train,0.01491546630859375,0.013185398653149605,0.05994381755590439,0.004528045654296875,0.7743291258811951,0.009050436317920685,0.11444091796875,0.08077994734048843,0.0049591064453125,0.03279254958033562,-0.1194000244140625
image_2750.jpg,val,0.0713348388671875,0.07844068109989166,0.3841157853603363,0.010364532470703125,0.715283215045929,0.09517953544855118,1.3027191162109375,0.004888922441750765,0.5035400390625,0.07711037993431091,-1.8062591552734375
image_2751.jpg,test,0.13998794555664062,0.11915892362594604,0.43466100096702576,0.01988983154296875,0.7213747501373291,0.20764143764972687,0.7762908935546875,,0.0,0.10838491469621658,-0.7762908935546875
image_2752.jpg,train,0.08443832397460938,0.08072228729724884,0.38434821367263794,0.017192840576171875,0.7427050471305847,0.08387553691864014,1.3034820556640625,,0.0,0.08485540747642517,-1.3034820556640625
image_2753.jpg,train,0.01299285888671875,0.011915164068341255,0.05511282756924629,0.003803253173828125,0.7764352560043335,0.0028341489378362894,0.771331787109375,1.0,-0.0011444091796875,0.15081219375133514,-0.7701873779296875
image_2754.jpg,train,0.042327880859375,0.044852811843156815,0.282283753156662,0.010242462158203125,0.749488353729248,0.03276585415005684,1.5270233154296875,0.014472361654043198,0.1277923583984375,0.05058693140745163,-1.654815673828125
image_2755.jpg,train,0.07900238037109375,0.06908408552408218,0.37979981303215027,0.01526641845703125,0.7339791655540466,0.04301982372999191,2.867889404296875,0.011739845387637615,1.1028289794921875,0.18313898146152496,-3.9707183837890625
image_2756.jpg,test,0.09605026245117188,0.09170274436473846,0.40372151136398315,0.02007293701171875,0.740960955619812,0.09001564979553223,3.9447784423828125,,0.0,0.09881763905286789,-3.9447784423828125
image_2757.jpg,train,0.025409698486328125,0.025379082188010216,0.17223845422267914,0.005123138427734375,0.7436407804489136,0.013052170164883137,0.7526397705078125,,0.0,0.0522911436855793,-0.7526397705078125
image_2758.jpg,train,0.089630126953125,0.07471626996994019,0.39504948258399963,0.018260955810546875,0.7329447865486145,0.07332631200551987,1.0334014892578125,0.04573921486735344,1.375579833984375,0.18515749275684357,-2.4089813232421875
image_2759.jpg,train,0.005870819091796875,0.00834689661860466,0.028734028339385986,0.00146484375,0.753818690776825,0.002520158886909485,0.1857757568359375,,0.0,0.01896044984459877,-0.1857757568359375
image_2760.jpg,train,0.06877899169921875,0.07642881572246552,0.3722156584262848,0.0120697021484375,0.7300059795379639,0.06643303483724594,2.81982421875,0.10593326389789581,-0.1399993896484375,0.06635387986898422,-2.6798248291015625
image_2761.jpg,train,0.0675048828125,0.053442664444446564,0.3249692916870117,0.0182342529296875,0.7684600353240967,0.05032183229923248,-0.4364013671875,0.29241877794265747,-0.0797271728515625,0.10755276679992676,0.5161285400390625
image_2762.jpg,train,0.003143310546875,0.004511103965342045,0.011532643809914589,0.000865936279296875,0.7644605040550232,0.0018558934098109603,-0.028228759765625,,0.0,0.01855333521962166,0.028228759765625
image_2763.jpg,train,0.037723541259765625,0.04538017138838768,0.27336668968200684,0.008228302001953125,0.7432259917259216,0.03495616465806961,1.18560791015625,1.0,-0.0011444091796875,0.03933022916316986,-1.1844635009765625
image_2764.jpg,train,0.039653778076171875,0.0346497967839241,0.22192434966564178,0.012432098388671875,0.7835645079612732,0.015337236225605011,2.4303436279296875,,0.0,0.06401190906763077,-2.4303436279296875
image_2765.jpg,test,0.01532745361328125,0.015069922432303429,0.07778406143188477,0.00382232666015625,0.7617638111114502,0.011938520707190037,-0.077056884765625,0.13062408566474915,-0.00457763671875,0.021413050591945648,0.081634521484375
image_2766.jpg,val,0.03252410888671875,0.03602737560868263,0.23286159336566925,0.007022857666015625,0.747320294380188,0.020852604880928993,0.62103271484375,,0.0,0.05247816443443298,-0.62103271484375
image_2767.jpg,val,0.03218841552734375,0.027128972113132477,0.19524550437927246,0.00739288330078125,0.7444874048233032,0.01602279022336006,0.8358001708984375,0.028985507786273956,0.1148223876953125,0.08713877946138382,-0.95062255859375
image_2768.jpg,train,0.0116729736328125,0.011717261746525764,0.04876382648944855,0.003696441650390625,0.7814057469367981,0.007396465167403221,0.09765625,,0.0,0.02283935248851776,-0.09765625
image_2769.jpg,train,0.018039703369140625,0.018249256536364555,0.1084054633975029,0.004322052001953125,0.7527122497558594,0.009160325862467289,0.2681732177734375,,0.0,0.06406868994235992,-0.2681732177734375
image_2770.jpg,train,0.011383056640625,0.010652502067387104,0.04494864493608475,0.00428009033203125,0.799090564250946,0.006467574741691351,0.15106201171875,,0.0,0.02722776308655739,-0.15106201171875
image_2771.jpg,train,0.018436431884765625,0.01626206375658512,0.08812101185321808,0.0041046142578125,0.753645658493042,0.005729794967919588,0.9159088134765625,,0.0,0.07245592772960663,-0.9159088134765625
image_2772.jpg,train,0.015316009521484375,0.014199621975421906,0.07048669457435608,0.0057220458984375,0.794677197933197,0.008397150784730911,0.3353118896484375,,0.0,0.032447557896375656,-0.3353118896484375
image_2773.jpg,train,0.07415008544921875,0.0728875994682312,0.36400657892227173,0.016109466552734375,0.7486188411712646,0.054343678057193756,2.8533935546875,,0.0,0.08847504109144211,-2.8533935546875
image_2774.jpg,test,0.024272918701171875,0.020620275288820267,0.13710422813892365,0.006946563720703125,0.7725077271461487,0.012524080462753773,0.299072265625,0.10608203709125519,0.00457763671875,0.09030609577894211,-0.30364990234375
image_2775.jpg,train,0.0038909912109375,0.0033899908885359764,0.002911854535341263,0.0010833740234375,0.7683340311050415,0.0016411730321124196,0.077056884765625,,0.0,0.04724713787436485,-0.077056884765625
image_2776.jpg,train,0.1082916259765625,0.09488357603549957,0.40618231892585754,0.0221405029296875,0.7460079789161682,0.10737352818250656,1.7475128173828125,1.0,-0.0003814697265625,0.10895846784114838,-1.74713134765625
image_2777.jpg,train,0.00696563720703125,0.014358887448906898,0.08375952392816544,0.00116729736328125,0.7183007001876831,0.0016801611054688692,0.431060791015625,,0.0,0.02686247043311596,-0.431060791015625
image_2778.jpg,train,0.02338409423828125,0.02085132524371147,0.13126982748508453,0.007476806640625,0.787727415561676,0.009383318945765495,0.879669189453125,0.09615384787321091,-0.002288818359375,0.07159770280122757,-0.87738037109375
image_2779.jpg,train,0.055938720703125,0.05156995356082916,0.3336116075515747,0.011417388916015625,0.7313993573188782,0.08581873029470444,-1.1791229248046875,0.006568225100636482,0.7946014404296875,0.12989434599876404,0.384521484375
image_2780.jpg,train,0.08905410766601562,0.0731608122587204,0.3964861035346985,0.019290924072265625,0.7348610758781433,0.03942447528243065,3.8349151611328125,0.03785556182265282,0.737762451171875,0.20065522193908691,-4.5726776123046875
image_2781.jpg,train,0.0740509033203125,0.07104828208684921,0.36163529753685,0.016887664794921875,0.7522264122962952,0.05683921277523041,2.6660919189453125,1.0,-0.006103515625,0.08623462170362473,-2.6599884033203125
image_2782.jpg,train,0.034336090087890625,0.03799423947930336,0.2559075653553009,0.006931304931640625,0.7327369451522827,0.03156178817152977,0.4924774169921875,0.04040570184588432,-0.0560760498046875,0.0349632203578949,-0.4364013671875
image_2783.jpg,train,0.009204864501953125,0.00850006379187107,0.02798382192850113,0.001903533935546875,0.7529932260513306,0.007052440661936998,-0.3330230712890625,,0.0,0.026392459869384766,0.3330230712890625
image_2784.jpg,test,0.00366973876953125,0.005303387530148029,0.014699457213282585,0.000762939453125,0.7404277920722961,0.0012564371572807431,0.135040283203125,,0.0,0.03259039297699928,-0.135040283203125
image_2785.jpg,train,0.000579833984375,0.0006942914333194494,0.0005692839622497559,0.000335693359375,0.8534429669380188,6.379382102750242e-05,0.0457763671875,,0.0,0.011997177265584469,-0.0457763671875
image_2786.jpg,train,0.021190643310546875,0.017788752913475037,0.10531086474657059,0.005611419677734375,0.7660700678825378,0.00933430902659893,0.4848480224609375,,0.0,0.10447532683610916,-0.4848480224609375
image_2787.jpg,train,0.01445770263671875,0.014574067667126656,0.07326643913984299,0.003631591796875,0.7605535984039307,0.00780560402199626,0.197601318359375,,0.0,0.040988754481077194,-0.197601318359375
image_2788.jpg,train,0.04550933837890625,0.04426870122551918,0.2715475857257843,0.013706207275390625,0.7739549279212952,0.0369703583419323,0.13275146484375,,0.0,0.058186814188957214,-0.13275146484375
image_2789.jpg,val,0.01227569580078125,0.010061508044600487,0.03899794816970825,0.005245208740234375,0.8151377439498901,0.002827528864145279,0.693511962890625,,0.0,0.17272602021694183,-0.693511962890625
image_2790.jpg,train,0.0807037353515625,0.09820982068777084,0.4067215919494629,0.010555267333984375,0.70903080701828,0.1354069709777832,0.1922607421875,,0.0,0.05826183035969734,-0.1922607421875
image_2791.jpg,train,0.059314727783203125,0.06335007399320602,0.34536904096603394,0.012248992919921875,0.7385271191596985,0.06096253916621208,2.214813232421875,0.015427114441990852,0.15106201171875,0.06484024971723557,-2.365875244140625
image_2792.jpg,train,0.00702667236328125,0.001307108672335744,0.0010010413825511932,0.005886077880859375,0.9477800130844116,0.0007992385071702302,0.55084228515625,0.3125,0.0,0.12464804947376251,-0.55084228515625
image_2793.jpg,train,0.02942657470703125,0.03469902649521828,0.2333921641111374,0.004863739013671875,0.7298701405525208,0.016867926344275475,-0.089263916015625,0.15068493783473969,-0.025177001953125,0.12687088549137115,0.11444091796875
image_2794.jpg,train,0.026012420654296875,0.027023211121559143,0.18734300136566162,0.00563812255859375,0.7450966238975525,0.014596118591725826,0.3856658935546875,,0.0,0.06195894628763199,-0.3856658935546875
image_2795.jpg,train,0.003444671630859375,0.0036855507642030716,0.003572743386030197,0.0009307861328125,0.7729732990264893,0.001185776898637414,0.1125335693359375,,0.0,0.10377685725688934,-0.1125335693359375
image_2796.jpg,test,0.0293731689453125,0.030018506571650505,0.19637581706047058,0.007297515869140625,0.7571174502372742,0.015191405080258846,1.519775390625,,0.0,0.04177691414952278,-1.519775390625
image_2797.jpg,train,0.10716629028320312,0.08654917031526566,0.40359580516815186,0.020557403564453125,0.7394608855247498,0.07778587937355042,1.6002655029296875,,0.0,0.14875149726867676,-1.6002655029296875
image_2798.jpg,train,0.0054779052734375,0.005420983303338289,0.00900145061314106,0.001560211181640625,0.7629157304763794,0.0022642880212515593,0.119781494140625,,0.0,0.06083147972822189,-0.119781494140625
image_2799.jpg,train,0.0216064453125,0.022551506757736206,0.1386106014251709,0.00565338134765625,0.7638159990310669,0.014707096852362156,0.25787353515625,,0.0,0.03424583375453949,-0.25787353515625
image_2800.jpg,train,0.008213043212890625,0.004457009024918079,0.008810672909021378,0.0050506591796875,0.8762253522872925,0.0016818890580907464,0.5306243896484375,0.08403361588716507,0.000762939453125,0.04964219406247139,-0.5313873291015625
image_2801.jpg,train,0.09575271606445312,0.06203015521168709,0.3576129972934723,0.03278350830078125,0.7921384572982788,0.032820530235767365,4.7801971435546875,,0.0,0.26633450388908386,-4.7801971435546875
image_2802.jpg,train,0.052181243896484375,0.05158904194831848,0.31193289160728455,0.01192474365234375,0.752578854560852,0.03734186291694641,0.3177642822265625,1.0,-0.0030517578125,0.0803782269358635,-0.3147125244140625
image_2803.jpg,train,0.06976318359375,0.04452870413661003,0.2979172468185425,0.0268707275390625,0.8053157925605774,0.020669685676693916,3.545379638671875,,0.0,0.30936092138290405,-3.545379638671875
image_2804.jpg,train,0.12092208862304688,0.09343481063842773,0.4363769292831421,0.02307891845703125,0.7212826013565063,0.07736528664827347,5.9886932373046875,0.03167017921805382,0.97198486328125,0.2796682119369507,-6.9606781005859375
image_2805.jpg,train,0.09097671508789062,0.092452272772789,0.4093300998210907,0.013507843017578125,0.718936026096344,0.06069028377532959,3.9165496826171875,,0.0,0.11353228986263275,-3.9165496826171875
image_2806.jpg,train,0.016361236572265625,0.011470348574221134,0.04990852251648903,0.00656890869140625,0.8122225403785706,0.0038499024230986834,0.9128570556640625,,0.0,0.21007293462753296,-0.9128570556640625
image_2807.jpg,train,0.02979278564453125,0.019040042534470558,0.12249390035867691,0.011791229248046875,0.8073182106018066,0.007291813381016254,1.63421630859375,,0.0,0.2969164252281189,-1.63421630859375
image_2808.jpg,train,0.02176666259765625,0.025270478799939156,0.15931151807308197,0.004650115966796875,0.7454012036323547,0.014356461353600025,0.513458251953125,,0.0,0.03196852281689644,-0.513458251953125
image_2809.jpg,train,0.06958389282226562,0.0715140774846077,0.3615753948688507,0.013462066650390625,0.7428680658340454,0.09401657432317734,-0.1132965087890625,,0.0,0.05485616624355316,0.1132965087890625
image_2810.jpg,train,0.0416412353515625,0.034672170877456665,0.25859296321868896,0.009979248046875,0.7489376068115234,0.021864838898181915,0.997161865234375,0.009124626405537128,0.4436492919921875,0.12524349987506866,-1.4408111572265625
image_2811.jpg,train,0.024295806884765625,0.02810431830585003,0.1875339150428772,0.005096435546875,0.7434080839157104,0.014243029989302158,0.275421142578125,0.050632912665605545,0.0030517578125,0.055417388677597046,-0.278472900390625
image_2812.jpg,train,0.06689453125,0.06332682073116302,0.35452836751937866,0.015472412109375,0.7482386827468872,0.053828977048397064,0.638580322265625,,0.0,0.08366214483976364,-0.638580322265625
image_2813.jpg,train,0.00365447998046875,0.0037398026324808598,0.004815801978111267,0.0010528564453125,0.7709243297576904,0.0014975928934291005,0.0728607177734375,1.0,-0.0011444091796875,0.08110403269529343,-0.07171630859375
image_2814.jpg,train,0.11611175537109375,0.10420335084199905,0.4165385663509369,0.021595001220703125,0.7371248006820679,0.07869420200586319,0.6496429443359375,0.24293193221092224,-0.0522613525390625,0.1994868963956833,-0.597381591796875
image_2815.jpg,train,0.004718780517578125,0.0041229273192584515,0.006401758641004562,0.001922607421875,0.8088644742965698,0.0012723056133836508,0.23040771484375,0.0625,0.0034332275390625,0.06686046719551086,-0.2338409423828125
image_2816.jpg,val,0.031116485595703125,0.020657654851675034,0.14216604828834534,0.011638641357421875,0.7935514450073242,0.010385599918663502,1.2386322021484375,,0.0,0.221359521150589,-1.2386322021484375
image_2817.jpg,train,0.035877227783203125,0.03615574538707733,0.25078102946281433,0.008754730224609375,0.7540926337242126,0.023843061178922653,0.7595062255859375,,0.0,0.05341758206486702,-0.7595062255859375
image_2818.jpg,train,0.018108367919921875,0.01559663936495781,0.08746187388896942,0.00536346435546875,0.7806217074394226,0.010643715038895607,0.0087738037109375,,0.0,0.059285588562488556,-0.0087738037109375
image_2819.jpg,train,0.01079559326171875,0.009694349952042103,0.038096509873867035,0.004840850830078125,0.8104273080825806,0.0032065787818282843,0.5062103271484375,0.04273504391312599,0.012969970703125,0.07454800605773926,-0.5191802978515625
image_2820.jpg,test,0.012325286865234375,0.008349098265171051,0.029172224923968315,0.006359100341796875,0.843352735042572,0.003727327100932598,0.6618499755859375,1.0,-0.000762939453125,0.04036640375852585,-0.6610870361328125
image_2821.jpg,train,0.01125335693359375,0.014621596783399582,0.06934070587158203,0.002979278564453125,0.7612600922584534,0.010014415718615055,-0.1678466796875,,0.0,0.01351089496165514,0.1678466796875
image_2822.jpg,train,0.0897064208984375,0.0873229056596756,0.39514845609664917,0.0161590576171875,0.7346462607383728,0.1418093591928482,1.7425537109375,0.0,0.0034332275390625,0.07189080864191055,-1.7459869384765625
image_2823.jpg,test,0.01001739501953125,0.008750291541218758,0.02671683579683304,0.0026092529296875,0.7655449509620667,0.005914280191063881,-0.083160400390625,,0.0,0.05546087026596069,0.083160400390625
image_2824.jpg,train,0.03931427001953125,0.04356253147125244,0.2726406753063202,0.009120941162109375,0.7498538494110107,0.029411764815449715,0.86517333984375,,0.0,0.05009641498327255,-0.86517333984375
image_2825.jpg,train,0.0955657958984375,0.07830625027418137,0.3965495824813843,0.0181884765625,0.7355656623840332,0.07033441215753555,1.726531982421875,0.051981061697006226,0.428009033203125,0.16187386214733124,-2.154541015625
image_2826.jpg,train,0.010120391845703125,0.009886320680379868,0.034383609890937805,0.0025482177734375,0.7453070878982544,0.002703928854316473,0.4085540771484375,0.037602897733449936,-0.2162933349609375,0.08058834075927734,-0.1922607421875
image_2827.jpg,train,0.018096923828125,0.019111987203359604,0.11542756855487823,0.00420379638671875,0.7498813271522522,0.01212198194116354,0.06256103515625,,0.0,0.033510398119688034,-0.06256103515625
image_2828.jpg,train,0.08737945556640625,0.09039973467588425,0.40791019797325134,0.013427734375,0.7159922122955322,0.07082115858793259,4.3354034423828125,0.08365771174430847,-0.1667022705078125,0.09407244622707367,-4.168701171875
image_2829.jpg,val,0.01267242431640625,0.015112592838704586,0.07654895633459091,0.004032135009765625,0.7661669254302979,0.007370067294687033,0.2532958984375,0.008381318300962448,0.06103515625,0.024494169279932976,-0.3143310546875
image_2830.jpg,train,0.010707855224609375,0.008204751648008823,0.02300206385552883,0.003631591796875,0.7927588820457458,0.0041782851330935955,0.3482818603515625,,0.0,0.052400268614292145,-0.3482818603515625
image_2831.jpg,train,0.025081634521484375,0.03220748156309128,0.21487516164779663,0.004825592041015625,0.7328920960426331,0.024524837732315063,0.5008697509765625,,0.0,0.025467341765761375,-0.5008697509765625
image_2832.jpg,train,0.03684234619140625,0.01967923901975155,0.12428496778011322,0.01703643798828125,0.8273228406906128,0.007821666076779366,2.2235870361328125,0.12466012686491013,-0.342559814453125,0.45689448714256287,-1.8810272216796875
image_2833.jpg,val,0.014446258544921875,0.014835506677627563,0.07639069855213165,0.00440216064453125,0.7742180824279785,0.00964017491787672,0.0667572021484375,,0.0,0.026482895016670227,-0.0667572021484375
image_2834.jpg,train,0.08672714233398438,0.08794812858104706,0.3985789716243744,0.01543426513671875,0.7270636558532715,0.0796196386218071,3.5861968994140625,0.2842080593109131,-0.579833984375,0.08025168627500534,-3.0063629150390625
image_2835.jpg,train,0.06415939331054688,0.07390020787715912,0.36037617921829224,0.012058258056640625,0.7352833151817322,0.10576923191547394,1.399993896484375,1.0,-0.0064849853515625,0.05116502195596695,-1.3935089111328125
image_2836.jpg,train,0.057735443115234375,0.04915011301636696,0.3278658390045166,0.012065887451171875,0.7364561557769775,0.03661499544978142,1.689910888671875,0.03232768177986145,0.2254486083984375,0.15802206099033356,-1.9153594970703125
image_2837.jpg,train,0.01647186279296875,0.01237812265753746,0.05210413783788681,0.004940032958984375,0.7788453102111816,0.006884265225380659,0.3620147705078125,0.04724800959229469,-0.1262664794921875,0.22187386453151703,-0.235748291015625
image_2838.jpg,test,0.012363433837890625,0.012424411252140999,0.05704764649271965,0.00269317626953125,0.7492996454238892,0.006495529320091009,0.1705169677734375,,0.0,0.039173200726509094,-0.1705169677734375
image_2839.jpg,train,0.007785797119140625,0.007848333567380905,0.02638368494808674,0.002468109130859375,0.7709136605262756,0.002176180249080062,0.3841400146484375,0.002421307610347867,0.0629425048828125,0.03701678290963173,-0.44708251953125
image_2840.jpg,train,0.02004241943359375,0.01806316152215004,0.11534740030765533,0.004802703857421875,0.7497724294662476,0.014111779630184174,-0.22735595703125,0.023875737562775612,0.2643585205078125,0.04810195416212082,-0.0370025634765625
image_2841.jpg,train,0.026153564453125,0.021536733955144882,0.14923995733261108,0.00579071044921875,0.7539616227149963,0.010736610740423203,0.7965087890625,,0.0,0.11152119934558868,-0.7965087890625
image_2842.jpg,train,0.10164642333984375,0.087257981300354,0.39927130937576294,0.0211639404296875,0.7477160692214966,0.06725887954235077,3.08837890625,,0.0,0.1398135870695114,-3.08837890625
image_2843.jpg,test,0.04587554931640625,0.04239518940448761,0.2767649292945862,0.01277923583984375,0.7654772400856018,0.02062932215631008,1.9908905029296875,0.14102564752101898,0.000762939453125,0.08851657807826996,-1.9916534423828125
image_2844.jpg,val,0.013355255126953125,0.013126803562045097,0.05874254181981087,0.004039764404296875,0.7749062180519104,0.0054592653177678585,0.4619598388671875,0.1826086938381195,-0.0011444091796875,0.0445147380232811,-0.4608154296875
image_2845.jpg,train,0.01483154296875,0.017633777111768723,0.09410599619150162,0.00374603271484375,0.7507831454277039,0.009530160576105118,0.196075439453125,0.006092861294746399,0.128173828125,0.027970463037490845,-0.324249267578125
image_2846.jpg,train,0.04456329345703125,0.04632549732923508,0.2926830053329468,0.009037017822265625,0.7420642971992493,0.03315295651555061,0.0946044921875,0.34328359365463257,0.0,0.06621403247117996,-0.0946044921875
image_2847.jpg,train,0.013172149658203125,0.014218857511878014,0.07142536342144012,0.0042724609375,0.7755211591720581,0.00353377521969378,0.8090972900390625,,0.0,0.0378272719681263,-0.8090972900390625
image_2848.jpg,train,0.054386138916015625,0.05932764708995819,0.32463279366493225,0.012966156005859375,0.7545067071914673,0.07707343995571136,0.5954742431640625,0.07500000298023224,0.0019073486328125,0.0439855121076107,-0.597381591796875
image_2849.jpg,train,0.00818634033203125,0.005709867458790541,0.007500119507312775,0.002910614013671875,0.7999181747436523,0.006018354557454586,-0.347137451171875,0.12446959316730499,-0.0118255615234375,0.07022657990455627,0.3589630126953125
image_2850.jpg,train,0.012912750244140625,0.007559226360172033,0.023451605811715126,0.006977081298828125,0.8535216450691223,0.0053123547695577145,0.3932952880859375,,0.0,0.05440433695912361,-0.3932952880859375
image_2851.jpg,train,0.0382232666015625,0.03302934020757675,0.22554714977741241,0.01139068603515625,0.7774775624275208,0.020526090636849403,0.445556640625,0.25,0.0011444091796875,0.12023738026618958,-0.4467010498046875
image_2852.jpg,test,0.017852783203125,0.013250740244984627,0.06456159055233002,0.007976531982421875,0.8219054341316223,0.007789511699229479,0.537109375,,0.0,0.05840592458844185,-0.537109375
image_2853.jpg,train,0.09354019165039062,0.08335079997777939,0.38813507556915283,0.0186920166015625,0.744592010974884,0.10417290776968002,2.1869659423828125,,0.0,0.08796454966068268,-2.1869659423828125
image_2854.jpg,val,0.058650970458984375,0.04121028631925583,0.3090740442276001,0.012294769287109375,0.7450406551361084,0.020152397453784943,3.168487548828125,0.005007197614759207,1.0746002197265625,0.2972515821456909,-4.2430877685546875
image_2855.jpg,test,0.039031982421875,0.03456813097000122,0.24122905731201172,0.009784698486328125,0.7536241412162781,0.03514151647686958,0.213623046875,,0.0,0.04333127290010452,-0.213623046875
image_2856.jpg,train,0.09676742553710938,0.0807238519191742,0.3749243915081024,0.025196075439453125,0.7675175070762634,0.12580180168151855,5.3524017333984375,,0.0,0.0907415822148323,-5.3524017333984375
image_2857.jpg,test,0.036853790283203125,0.030724987387657166,0.21445122361183167,0.01146697998046875,0.7755158543586731,0.01972939632833004,0.4650115966796875,0.012180390767753124,0.130462646484375,0.12629882991313934,-0.5954742431640625
image_2858.jpg,train,0.015598297119140625,0.017329294234514236,0.09811413288116455,0.003902435302734375,0.7588244676589966,0.01095673069357872,0.1056671142578125,0.0555555559694767,0.0003814697265625,0.024741636589169502,-0.106048583984375
image_2859.jpg,train,0.048854827880859375,0.0440109446644783,0.2999322712421417,0.009998321533203125,0.7355636954307556,0.033577416092157364,0.5176544189453125,0.04266230762004852,0.469207763671875,0.25953224301338196,-0.9868621826171875
image_2860.jpg,train,0.0356903076171875,0.03245895355939865,0.2458975911140442,0.006298065185546875,0.7303664684295654,0.018786810338497162,0.658416748046875,,0.0,0.09379443526268005,-0.658416748046875
image_2861.jpg,train,0.05498504638671875,0.04582308977842331,0.3014048933982849,0.0144500732421875,0.7645396590232849,0.02854500152170658,1.0883331298828125,0.05000000074505806,0.0049591064453125,0.14471741020679474,-1.093292236328125
image_2862.jpg,train,0.016735076904296875,0.01691676676273346,0.09652167558670044,0.004467010498046875,0.7612684369087219,0.008500498719513416,0.2582550048828125,1.0,-0.005340576171875,0.056448549032211304,-0.2529144287109375
image_2863.jpg,train,0.12961578369140625,0.08974295109510422,0.426798552274704,0.02923583984375,0.7405293583869934,0.10703788697719574,4.0924072265625,0.043137118220329285,0.7354736328125,0.35892537236213684,-4.827880859375
image_2864.jpg,train,0.06865310668945312,0.040476277470588684,0.29048800468444824,0.0292510986328125,0.8152682185173035,0.01827150024473667,3.8837432861328125,,0.0,0.29194554686546326,-3.8837432861328125
image_2865.jpg,val,0.06990432739257812,0.06536437571048737,0.35370346903800964,0.01576995849609375,0.7507094740867615,0.055256254971027374,-1.1302947998046875,0.2250252217054367,-0.0598907470703125,0.10759493708610535,1.190185546875
image_2866.jpg,train,0.015865325927734375,0.01735016703605652,0.09960900992155075,0.004070281982421875,0.7585662603378296,0.007481963373720646,0.4550933837890625,,0.0,0.04185566306114197,-0.4550933837890625
image_2867.jpg,train,0.061977386474609375,0.0523495227098465,0.3266379237174988,0.014995574951171875,0.7586807608604431,0.04360004886984825,0.6282806396484375,,0.0,0.09446433186531067,-0.6282806396484375
image_2868.jpg,train,0.06750869750976562,0.04714692384004593,0.3165600299835205,0.018795013427734375,0.7671709060668945,0.027926387265324593,2.613067626953125,0.05955085530877113,0.46539306640625,0.3330560326576233,-3.078460693359375
image_2869.jpg,train,0.04077911376953125,0.041054047644138336,0.28030773997306824,0.006092071533203125,0.728378415107727,0.027097757905721664,-0.8625030517578125,0.15582191944122314,-0.0370025634765625,0.1654786318540573,0.899505615234375
image_2870.jpg,train,0.01328277587890625,0.013165893033146858,0.06070877984166145,0.00386810302734375,0.7784112691879272,0.008407741785049438,0.183868408203125,,0.0,0.023669345304369926,-0.183868408203125
image_2871.jpg,train,0.01375579833984375,0.008760158903896809,0.02509286254644394,0.004695892333984375,0.7903526425361633,0.001748067676089704,0.963592529296875,0.01347543764859438,0.0911712646484375,0.18587113916873932,-1.0547637939453125
image_2872.jpg,val,0.045642852783203125,0.040729306638240814,0.2846948802471161,0.010097503662109375,0.7495011687278748,0.02557913213968277,0.9685516357421875,0.034612320363521576,0.1438140869140625,0.10431749373674393,-1.11236572265625
image_2873.jpg,train,0.00951385498046875,0.010813448578119278,0.045699771493673325,0.002277374267578125,0.7506115436553955,0.004717691335827112,0.1861572265625,,0.0,0.03009689226746559,-0.1861572265625
image_2874.jpg,train,0.04346466064453125,0.04302321374416351,0.2805291712284088,0.009487152099609375,0.7484577298164368,0.020625071600079536,1.6292572021484375,0.2954545319080353,0.00152587890625,0.0872824639081955,-1.6307830810546875
image_2875.jpg,test,0.0855865478515625,0.07184232771396637,0.3760066330432892,0.018280029296875,0.7488825917243958,0.046481117606163025,2.909088134765625,,0.0,0.1461704522371292,-2.909088134765625
image_2876.jpg,train,0.009063720703125,0.007954444736242294,0.026419417932629585,0.00348663330078125,0.8078175783157349,0.005240455269813538,0.022125244140625,,0.0,0.029697412624955177,-0.022125244140625
image_2877.jpg,train,0.1162261962890625,0.09993678331375122,0.42356303334236145,0.0213165283203125,0.7260081171989441,0.1525821089744568,0.4985809326171875,0.04597077518701553,0.5138397216796875,0.12104801833629608,-1.012420654296875
image_2878.jpg,test,0.048633575439453125,0.05061239004135132,0.30345749855041504,0.010761260986328125,0.7496185302734375,0.04131292551755905,0.7572174072265625,,0.0,0.05586562678217888,-0.7572174072265625
image_2879.jpg,train,0.017208099365234375,0.018047258257865906,0.10530436038970947,0.004512786865234375,0.7606775760650635,0.009486046619713306,0.1438140869140625,,0.0,0.05523788183927536,-0.1438140869140625
image_2880.jpg,train,0.11902999877929688,0.09758192300796509,0.4065701365470886,0.02313995361328125,0.7481696009635925,0.2964613437652588,-3.8059234619140625,0.2865947484970093,-0.049591064453125,0.054711420089006424,3.8555145263671875
image_2881.jpg,train,0.020030975341796875,0.014121687039732933,0.06850465387105942,0.008106231689453125,0.8113477826118469,0.015017475932836533,-0.4718780517578125,0.0,0.0034332275390625,0.04352540522813797,0.46844482421875
image_2882.jpg,train,0.06273651123046875,0.06594633311033249,0.364061564207077,0.0099639892578125,0.7249232530593872,0.02863701619207859,2.504730224609375,,0.0,0.1283578723669052,-2.504730224609375
image_2883.jpg,train,0.042079925537109375,0.04249681159853935,0.2869197726249695,0.007801055908203125,0.7385596036911011,0.0228441059589386,1.2210845947265625,,0.0,0.07840026170015335,-1.2210845947265625
image_2884.jpg,test,0.019351959228515625,0.013934509828686714,0.06891056895256042,0.007274627685546875,0.8045942187309265,0.005953892599791288,0.8083343505859375,,0.0,0.25556108355522156,-0.8083343505859375
image_2885.jpg,val,0.019367218017578125,0.02358224429190159,0.15255996584892273,0.0040435791015625,0.7422037720680237,0.012212907895445824,0.0904083251953125,,0.0,0.041520167142152786,-0.0904083251953125
image_2886.jpg,val,0.067474365234375,0.06781277060508728,0.3498895466327667,0.016071319580078125,0.7533134818077087,0.10385964065790176,0.058746337890625,,0.0,0.05019354820251465,-0.058746337890625
image_2887.jpg,train,0.004940032958984375,0.002199589041993022,0.00022679567337036133,0.00260162353515625,0.8529006242752075,0.001157047925516963,0.2666473388671875,,0.0,0.21711672842502594,-0.2666473388671875
image_2888.jpg,train,0.0063323974609375,0.008628834038972855,0.02847106195986271,0.001232147216796875,0.7253685593605042,0.0008096954552456737,0.325775146484375,0.02732887491583824,-0.2960205078125,0.016495628282427788,-0.029754638671875
image_2889.jpg,train,0.016300201416015625,0.018938958644866943,0.10394106805324554,0.004364013671875,0.760459840297699,0.011845233850181103,-0.3200531005859375,,0.0,0.037035439163446426,0.3200531005859375
image_2890.jpg,train,0.011199951171875,0.011800939217209816,0.0495571568608284,0.003108978271484375,0.764631450176239,0.006602296140044928,0.164794921875,,0.0,0.023223422467708588,-0.164794921875
image_2891.jpg,train,0.0951995849609375,0.0755888968706131,0.3891656994819641,0.0216827392578125,0.7491769790649414,0.05279862508177757,2.069854736328125,,0.0,0.19678480923175812,-2.069854736328125
image_2892.jpg,train,0.049564361572265625,0.046532440930604935,0.3131956458091736,0.010051727294921875,0.7411326766014099,0.014292974025011063,2.5745391845703125,,0.0,0.22580349445343018,-2.5745391845703125
image_2893.jpg,test,0.02185821533203125,0.02582758665084839,0.16975870728492737,0.00357818603515625,0.7226902842521667,0.01681891269981861,0.0453948974609375,0.004320577252656221,0.11749267578125,0.03634324669837952,-0.1628875732421875
image_2894.jpg,train,0.0366973876953125,0.026829790323972702,0.18750602006912231,0.012920379638671875,0.7923453450202942,0.019940106198191643,0.6122589111328125,0.032344456762075424,-0.1552581787109375,0.1104719340801239,-0.457000732421875
image_2895.jpg,train,0.012477874755859375,0.013863986358046532,0.07100139558315277,0.0027923583984375,0.7488665580749512,0.004211961291730404,0.4886627197265625,,0.0,0.08783575147390366,-0.4886627197265625
image_2896.jpg,train,0.0498046875,0.04780695587396622,0.3027200698852539,0.011539459228515625,0.7508124709129333,0.040563151240348816,1.18865966796875,,0.0,0.05791475251317024,-1.18865966796875
image_2897.jpg,train,0.00264739990234375,0.0031880999449640512,0.00661700963973999,0.001056671142578125,0.8038936853408813,0.0007712226361036301,0.128173828125,1.0,-0.0011444091796875,0.01704280637204647,-0.1270294189453125
image_2898.jpg,train,0.004802703857421875,0.00784713588654995,0.028836390003561974,0.001163482666015625,0.7344876527786255,0.0019947318360209465,0.1232147216796875,,0.0,0.02873646654188633,-0.1232147216796875
image_2899.jpg,train,0.050357818603515625,0.04732495918869972,0.299465149641037,0.012176513671875,0.7566488981246948,0.03706284239888191,0.794219970703125,0.2402234673500061,-0.0072479248046875,0.06766337156295776,-0.7869720458984375
image_2900.jpg,train,0.034114837646484375,0.026258578523993492,0.18213129043579102,0.012401580810546875,0.7974076271057129,0.020272500813007355,0.0270843505859375,0.2668240964412689,-0.0751495361328125,0.09949269145727158,0.048065185546875
image_2901.jpg,train,0.068328857421875,0.04554665833711624,0.32823482155799866,0.0231170654296875,0.7700075507164001,0.16546498239040375,0.2323150634765625,0.011327669955790043,2.04925537109375,0.17380452156066895,-2.2815704345703125
image_2902.jpg,val,0.01096343994140625,0.010916330851614475,0.04320552945137024,0.00402069091796875,0.790320873260498,0.006925411056727171,-0.01983642578125,,0.0,0.02772483415901661,0.01983642578125
image_2903.jpg,train,0.02001190185546875,0.015794863924384117,0.08681550621986389,0.004276275634765625,0.75706946849823,0.0036280015483498573,1.502227783203125,0.1785714328289032,0.1285552978515625,0.03551820293068886,-1.6307830810546875
image_2904.jpg,train,0.035186767578125,0.021619506180286407,0.15890493988990784,0.01139068603515625,0.7909584045410156,0.024676745757460594,-0.9033203125,,0.0,0.12571974098682404,0.9033203125
image_2905.jpg,train,0.05364990234375,0.05273289978504181,0.3514038324356079,0.00586700439453125,0.7016796469688416,0.06435327231884003,1.523590087890625,,0.0,0.04909626767039299,-1.523590087890625
image_2906.jpg,train,0.0265655517578125,0.02258596383035183,0.15564405918121338,0.006946563720703125,0.7599257826805115,0.019044188782572746,0.5489349365234375,0.29894179105758667,-0.0255584716796875,0.03457402437925339,-0.52337646484375
image_2907.jpg,train,0.02155303955078125,0.025146931409835815,0.1702437400817871,0.0055084228515625,0.7573002576828003,0.01689261756837368,0.2349853515625,0.42105263471603394,-0.0026702880859375,0.027624309062957764,-0.2323150634765625
image_2908.jpg,train,0.026538848876953125,0.037400033324956894,0.2358701229095459,0.0040283203125,0.7262893319129944,0.012823116965591908,1.46636962890625,0.014285714365541935,0.1224517822265625,0.0362672321498394,-1.5888214111328125
image_2909.jpg,train,0.02108001708984375,0.025824563577771187,0.1772877722978592,1.9073486328125e-05,0.6707139611244202,,2.108001708984375,,0.0,0.02108001708984375,-2.108001708984375
image_2910.jpg,train,0.04833221435546875,0.040379125624895096,0.28288790583610535,0.011501312255859375,0.755897581577301,0.0571184940636158,-1.5293121337890625,0.18806086480617523,-0.031280517578125,0.035345952957868576,1.5605926513671875
image_2911.jpg,train,0.00756072998046875,0.007302023004740477,0.01839129813015461,0.002777099609375,0.8043456673622131,0.5548135638237,-0.048828125,0.41904762387275696,-0.0202178955078125,0.0034481831826269627,0.0690460205078125
image_2912.jpg,train,0.042163848876953125,0.04356459155678749,0.27402248978614807,0.00925445556640625,0.7533987164497375,0.04121739789843559,2.8057098388671875,0.2261904776096344,-0.0244140625,0.04199798405170441,-2.7812957763671875
image_2913.jpg,test,0.020038604736328125,0.020162954926490784,0.12806914746761322,0.005107879638671875,0.7579265832901001,0.01835598424077034,-0.0408172607421875,0.20339953899383545,-0.19378662109375,0.014944378286600113,0.2346038818359375
image_2914.jpg,train,0.04467010498046875,0.04876282811164856,0.32125362753868103,0.00380706787109375,0.7026596069335938,0.04597106948494911,-0.011444091796875,,0.0,0.04343460500240326,0.011444091796875
image_2915.jpg,train,0.009838104248046875,0.009676044806838036,0.03329767659306526,0.002086639404296875,0.7476118206977844,0.0038354028947651386,0.2552032470703125,,0.0,0.12351688742637634,-0.2552032470703125
image_2916.jpg,train,0.06756591796875,0.06268949806690216,0.3650801181793213,0.012653350830078125,0.7226586937904358,0.05052867531776428,0.86822509765625,0.032813601195812225,0.36773681640625,0.12867100536823273,-1.2359619140625
image_2917.jpg,val,0.0137481689453125,0.006553799379616976,0.010729201138019562,0.006374359130859375,0.8280909657478333,0.6936642527580261,-0.7030487060546875,0.34944531321525574,-0.21514892578125,0.0023308568634092808,0.9181976318359375
image_2918.jpg,train,0.00188446044921875,0.0019359930884093046,0.0013445056974887848,0.00034332275390625,0.7443234324455261,0.0010901902569457889,-0.029754638671875,0.029827315360307693,-0.0003814697265625,0.19061876833438873,0.0301361083984375
image_2919.jpg,val,0.022624969482421875,0.01618146151304245,0.09149637818336487,0.007354736328125,0.7860075831413269,0.022806713357567787,0.1003265380859375,0.0535687580704689,0.07781982421875,0.020923210307955742,-0.1781463623046875
image_2920.jpg,train,0.024623870849609375,0.02277490496635437,0.16746403276920319,0.004573822021484375,0.7326663136482239,0.012294953688979149,0.160980224609375,0.04125700518488884,0.1434326171875,0.034826312214136124,-0.304412841796875
image_2921.jpg,train,0.07357025146484375,0.08081923425197601,0.38923200964927673,0.0103302001953125,0.7148439884185791,0.10295773297548294,1.1753082275390625,0.013964655809104443,0.3673553466796875,0.08058546483516693,-1.54266357421875
image_2922.jpg,train,0.001911163330078125,0.008391119539737701,0.03405049443244934,1.1444091796875e-05,0.6127502918243408,0.0002515857631806284,0.1659393310546875,,0.0,0.0035731736570596695,-0.1659393310546875
image_2923.jpg,train,0.06872940063476562,0.058609455823898315,0.3585689663887024,0.0123443603515625,0.7323034405708313,0.15031802654266357,-0.897216796875,0.08975163847208023,0.0614166259765625,0.04382147267460823,0.8358001708984375
image_2924.jpg,train,0.05475616455078125,0.05114371329545975,0.32136332988739014,0.011928558349609375,0.7480270266532898,0.04180833324790001,0.540924072265625,,0.0,0.07340047508478165,-0.540924072265625
image_2925.jpg,test,0.06330108642578125,0.05915796011686325,0.35782238841056824,0.008914947509765625,0.7188469171524048,0.1895725131034851,-2.5890350341796875,0.03218292444944382,-0.3482818603515625,0.028335096314549446,2.93731689453125
image_2926.jpg,train,0.022129058837890625,0.021579720079898834,0.1401926875114441,0.005710601806640625,0.7568137049674988,0.010360741056501865,0.39825439453125,0.4285714328289032,-0.0621795654296875,0.09734091907739639,-0.3360748291015625
image_2927.jpg,train,0.101531982421875,0.09237989038228989,0.41165825724601746,0.015346527099609375,0.7216308116912842,0.10163913667201996,0.8846282958984375,0.024337533861398697,0.913238525390625,0.15857446193695068,-1.7978668212890625
image_2928.jpg,train,0.042263031005859375,0.041186291724443436,0.2748354971408844,0.00908660888671875,0.7445154190063477,0.04584458842873573,0.05340576171875,0.25865209102630615,0.1155853271484375,0.0387435257434845,-0.1689910888671875
image_2929.jpg,train,0.058986663818359375,0.04872044920921326,0.32323822379112244,0.01277923583984375,0.7476864457130432,0.03304734081029892,1.1112213134765625,0.032604094594717026,0.1621246337890625,0.12377306818962097,-1.273345947265625
image_2930.jpg,train,0.08851242065429688,0.05948767811059952,0.3588138520717621,0.02735137939453125,0.7781999707221985,0.14205585420131683,-0.92315673828125,0.1639130413532257,-0.4695892333984375,0.05733126029372215,1.3927459716796875
image_2931.jpg,train,0.0211944580078125,0.02126879245042801,0.1515599936246872,0.00275421142578125,0.7068504691123962,0.9900990128517151,1.766204833984375,0.21826449036598206,-0.162506103515625,0.018812354654073715,-1.60369873046875
image_2932.jpg,test,0.05712127685546875,0.04232467710971832,0.29597699642181396,0.014743804931640625,0.7646335363388062,0.034887708723545074,0.9540557861328125,0.0034590770956128836,0.940704345703125,0.24743002653121948,-1.8947601318359375
image_2933.jpg,train,0.0211029052734375,0.018004879355430603,0.11657379567623138,0.005710601806640625,0.7673710584640503,0.009401814080774784,0.643157958984375,,0.0,0.06264646351337433,-0.643157958984375
image_2934.jpg,train,0.05443572998046875,0.05777481943368912,0.34453389048576355,0.007610321044921875,0.7133623361587524,0.049071479588747025,0.22430419921875,0.04293592646718025,0.312042236328125,0.0647934079170227,-0.536346435546875
image_2935.jpg,train,0.037631988525390625,0.028955470770597458,0.22136139869689941,0.008968353271484375,0.7564608454704285,0.01576017029583454,1.442718505859375,0.13750000298023224,-0.3009796142578125,0.04599457606673241,-1.1417388916015625
image_2936.jpg,train,0.061519622802734375,0.0309055894613266,0.23408637940883636,0.026210784912109375,0.823543906211853,0.0900016576051712,-0.4863739013671875,,0.0,0.0448787696659565,0.4863739013671875
image_2937.jpg,train,0.002033233642578125,0.00290408032014966,0.005844747647643089,0.00028228759765625,0.7289149165153503,0.003054881002753973,-0.1194000244140625,0.3925233781337738,-0.014495849609375,0.0006941319443285465,0.1338958740234375
image_2938.jpg,test,0.029064178466796875,0.04598424956202507,0.31859275698661804,0.00106048583984375,0.6374582648277283,0.04745311662554741,-1.2905120849609375,0.007389674428850412,0.873565673828125,0.03853622451424599,0.4169464111328125
image_2939.jpg,train,0.06966018676757812,0.06257017701864243,0.3532930612564087,0.01522064208984375,0.7490587830543518,0.10327398777008057,-0.046539306640625,0.2989690601825714,-0.0335693359375,0.05191502720117569,0.080108642578125
image_2940.jpg,val,0.06273269653320312,0.05748005211353302,0.33816438913345337,0.014492034912109375,0.7524071931838989,0.04594473913311958,0.5428314208984375,,0.0,0.09054882824420929,-0.5428314208984375
image_2941.jpg,train,0.0184783935546875,0.015552710741758347,0.08826085925102234,0.0052490234375,0.7681783437728882,0.009980298578739166,-0.030517578125,,0.0,0.15409496426582336,0.030517578125
image_2942.jpg,train,0.0307159423828125,0.032179538160562515,0.2387309968471527,0.00588226318359375,0.7333780527114868,0.02241957187652588,-0.347137451171875,1.0,-0.0003814697265625,0.05732821673154831,0.3475189208984375
image_2943.jpg,train,0.053497314453125,0.053075872361660004,0.3330680727958679,0.010005950927734375,0.7347865700721741,0.033210139721632004,1.46942138671875,,0.0,0.08200150728225708,-1.46942138671875
image_2944.jpg,train,0.005931854248046875,0.0041937814094126225,0.004759412258863449,0.00205230712890625,0.7930541038513184,0.0032879358623176813,-0.045013427734375,0.19747546315193176,-0.2197265625,0.0032942499965429306,0.264739990234375
image_2945.jpg,val,0.06264877319335938,0.04690811038017273,0.2962064743041992,0.01825714111328125,0.7763590216636658,0.053349897265434265,1.3339996337890625,0.11448971182107925,-0.250244140625,0.06549551337957382,-1.0837554931640625
image_2946.jpg,train,0.034709930419921875,0.02440805360674858,0.1840866655111313,0.0102386474609375,0.7752892374992371,0.020583560690283775,0.4177093505859375,,0.0,0.07526913285255432,-0.4177093505859375
image_2947.jpg,train,0.07766342163085938,0.0605870857834816,0.3497738242149353,0.01975250244140625,0.7658758759498596,0.12081652879714966,-3.9398193359375,0.6388888955116272,-0.0072479248046875,0.036995116621255875,3.9470672607421875
image_2948.jpg,val,0.028316497802734375,0.002453995170071721,0.0007248520851135254,0.024379730224609375,0.9540690183639526,0.05108840763568878,-2.6546478271484375,8.27513122203527e-06,2.7194976806640625,0.42463234066963196,-0.064849853515625
image_2949.jpg,train,0.099700927734375,0.06718984991312027,0.3901670575141907,0.02614593505859375,0.7494648098945618,0.3514859080314636,-2.7179718017578125,0.02198791690170765,3.4740447998046875,0.1038474291563034,-0.756072998046875
image_2950.jpg,train,0.036823272705078125,0.033903367817401886,0.23511859774589539,0.0120391845703125,0.7787613272666931,0.05439993366599083,-0.664520263671875,0.3222222328186035,-0.1468658447265625,0.02299138717353344,0.8113861083984375
image_2951.jpg,train,0.040618896484375,0.038900088518857956,0.26714473962783813,0.00768280029296875,0.7443506121635437,0.056883279234170914,-1.7826080322265625,0.1166166141629219,-0.0484466552734375,0.02268790826201439,1.8310546875
image_2952.jpg,train,0.03163909912109375,0.036464542150497437,0.23295843601226807,0.007099151611328125,0.7463498711585999,0.07432984560728073,0.3589630126953125,0.15093457698822021,-0.0774383544921875,0.021150045096874237,-0.281524658203125
image_2953.jpg,train,0.00322723388671875,0.011986758559942245,0.05463254824280739,0.000438690185546875,0.6741608381271362,,0.24566650390625,0.0,0.077056884765625,0.003227357054129243,-0.322723388671875
image_2954.jpg,train,0.03853607177734375,0.029851213097572327,0.21988284587860107,0.0118865966796875,0.7804399728775024,0.3361780643463135,-2.2220611572265625,0.14200793206691742,-0.0640869140625,0.008629988878965378,2.2861480712890625
image_2955.jpg,train,0.02895355224609375,0.02402510493993759,0.17323219776153564,0.008365631103515625,0.7742928266525269,0.3951868414878845,-1.0143280029296875,0.26708075404167175,-0.0301361083984375,0.009748139418661594,1.044464111328125
image_2956.jpg,train,0.08918380737304688,0.062438637018203735,0.3645288646221161,0.02057647705078125,0.7546473145484924,0.13204526901245117,-2.0503997802734375,0.17543433606624603,0.048828125,0.05421318858861923,2.0015716552734375
image_2957.jpg,train,0.059814453125,0.0581747367978096,0.34719032049179077,0.008983612060546875,0.7236809730529785,0.03426896035671234,1.3034820556640625,0.26358023285865784,-0.09002685546875,0.10618774592876434,-1.2134552001953125
image_2958.jpg,train,0.005123138427734375,0.008967996574938297,0.03527049720287323,0.0003509521484375,0.678501307964325,0.0032377964816987514,0.1926422119140625,,0.0,0.006961238570511341,-0.1926422119140625
image_2959.jpg,train,0.08399581909179688,0.07050856947898865,0.3812934458255768,0.015125274658203125,0.7369230389595032,0.14422841370105743,-0.1842498779296875,0.08594431728124619,-0.1117706298828125,0.0594341978430748,0.2960205078125
image_2960.jpg,train,0.008106231689453125,0.009492186829447746,0.03677104040980339,0.001750946044921875,0.7544666528701782,,0.5908966064453125,0.1836363673210144,-0.011444091796875,0.006994402967393398,-0.5794525146484375
image_2961.jpg,train,0.0096282958984375,0.009443944320082664,0.03142719715833664,0.002269744873046875,0.7568132281303406,0.003795177210122347,0.19073486328125,0.2761705815792084,-0.2811431884765625,0.00822882354259491,0.0904083251953125
image_2962.jpg,train,0.03000640869140625,0.029481157660484314,0.20838183164596558,0.00548553466796875,0.7350912094116211,0.019001927226781845,1.308441162109375,,0.0,0.038839492946863174,-1.308441162109375
image_2963.jpg,train,0.03903961181640625,0.03606326878070831,0.2546461522579193,0.006938934326171875,0.7404630184173584,0.02189251221716404,1.096343994140625,,0.0,0.06968633830547333,-1.096343994140625
image_2964.jpg,train,0.02490997314453125,0.027265049517154694,0.19375818967819214,0.004238128662109375,0.7340328693389893,0.015981554985046387,0.647735595703125,0.17427702248096466,0.0087738037109375,0.03345487266778946,-0.6565093994140625
image_2965.jpg,train,0.011138916015625,0.012295655906200409,0.05032617598772049,0.0012054443359375,0.7072609663009644,0.14086242020130157,0.56610107421875,0.4864864945411682,-0.01678466796875,0.008477114140987396,-0.54931640625
image_2966.jpg,train,0.051128387451171875,0.048846885561943054,0.3081681430339813,0.01020050048828125,0.7437655925750732,0.03472549468278885,0.9540557861328125,,0.0,0.07561091333627701,-0.9540557861328125
image_2967.jpg,test,0.07923507690429688,0.06245030090212822,0.3615846335887909,0.01844024658203125,0.7580350637435913,0.12958845496177673,-0.677490234375,0.13591723144054413,-0.3322601318359375,0.05044059455394745,1.0097503662109375
image_2968.jpg,train,0.0091094970703125,0.007817923091351986,0.020266443490982056,0.00250244140625,0.7675775289535522,0.005617148242890835,-0.20294189453125,0.2698744833469391,-0.022125244140625,0.19174528121948242,0.225067138671875
image_2969.jpg,train,0.037143707275390625,0.036185476928949356,0.26087918877601624,0.006458282470703125,0.7325767278671265,0.027241382747888565,-0.0591278076171875,,0.0,0.059454966336488724,0.0591278076171875
image_2970.jpg,train,0.002437591552734375,0.002868982031941414,0.011317582800984383,0.001224517822265625,0.8600559234619141,1.0,0.030517578125,1.0,-0.0247955322265625,0.0012488923966884613,-0.0057220458984375
image_2971.jpg,train,0.011684417724609375,0.010986258275806904,0.04283975437283516,0.00279998779296875,0.7605934739112854,0.007520946674048901,0.41351318359375,0.09170305728912354,0.0003814697265625,0.015275721438229084,-0.4138946533203125
image_2972.jpg,train,0.050922393798828125,0.04191082343459129,0.29024994373321533,0.0113372802734375,0.7524280548095703,0.04949110001325607,0.998687744140625,0.02989412471652031,-0.0396728515625,0.05415435880422592,-0.959014892578125
image_2973.jpg,val,0.06302261352539062,0.041200991719961166,0.29441237449645996,0.01976776123046875,0.7865144610404968,0.04508170858025551,0.7961273193359375,0.13605442643165588,-0.0301361083984375,0.09034374356269836,-0.7659912109375
image_2974.jpg,train,0.03899383544921875,0.036870457231998444,0.27962562441825867,0.007568359375,0.7286884784698486,0.031327180564403534,0.811767578125,0.22755159437656403,-0.2399444580078125,0.03746230900287628,-0.5718231201171875
image_2975.jpg,train,0.008663177490234375,0.009544298984110355,0.03862061724066734,0.002105712890625,0.7844844460487366,1.0,-0.1277923583984375,,0.0,0.003711072960868478,0.1277923583984375
image_2976.jpg,train,0.0675506591796875,0.047661714255809784,0.3044906556606293,0.01549530029296875,0.7689733505249023,0.11755514144897461,-0.829315185546875,0.14006951451301575,-0.188446044921875,0.04207201302051544,1.01776123046875
image_2977.jpg,train,0.060169219970703125,0.060998495668172836,0.3407554626464844,0.011981964111328125,0.7416541576385498,0.054520297795534134,-0.2063751220703125,,0.0,0.06767973303794861,0.2063751220703125
image_2978.jpg,train,0.058895111083984375,0.04554156959056854,0.3039674460887909,0.01488494873046875,0.7657524943351746,0.058729857206344604,-0.830841064453125,0.1541474610567093,-0.1186370849609375,0.05553014576435089,0.9494781494140625
image_2979.jpg,train,0.059398651123046875,0.05613905191421509,0.35823288559913635,0.00728607177734375,0.7018137574195862,0.31255319714546204,0.276947021484375,0.04233036935329437,1.084136962890625,0.05380144715309143,-1.361083984375
image_2980.jpg,train,0.06179046630859375,0.04269563406705856,0.2892616093158722,0.023681640625,0.8032832741737366,0.11833561956882477,-0.93994140625,0.4897959232330322,-0.135040283203125,0.03633449971675873,1.074981689453125
image_2981.jpg,val,0.028957366943359375,0.028956446796655655,0.22845102846622467,0.003597259521484375,0.7166125774383545,0.016327552497386932,0.4070281982421875,,0.0,0.06942061334848404,-0.4070281982421875
image_2982.jpg,train,0.033130645751953125,0.030628032982349396,0.21390096843242645,0.008380889892578125,0.7574235200881958,0.016494235023856163,0.150299072265625,0.14250363409519196,-0.88348388671875,0.02247999608516693,0.733184814453125
image_2983.jpg,train,0.042537689208984375,0.017085373401641846,0.0955786183476448,0.01883697509765625,0.8310320973396301,0.7219048738479614,-3.759002685546875,,0.009918212890625,0.002669488312676549,3.74908447265625
image_2984.jpg,train,0.012172698974609375,0.009525354020297527,0.027872463688254356,0.003631591796875,0.7739682197570801,0.004462293814867735,0.3551483154296875,,0.0,0.2312871664762497,-0.3551483154296875
image_2985.jpg,train,0.031280517578125,0.032821208238601685,0.23457300662994385,0.004611968994140625,0.7278883457183838,0.042420681565999985,-0.286102294921875,,0.0,0.02377866953611374,0.286102294921875
image_2986.jpg,train,0.06793212890625,0.06487847864627838,0.3798770308494568,0.007228851318359375,0.6946666240692139,0.1650773286819458,-1.9115447998046875,0.016940366476774216,1.9901275634765625,0.07425960898399353,-0.078582763671875
image_2987.jpg,train,0.020618438720703125,0.024365391582250595,0.18521355092525482,0.00262451171875,0.7081546783447266,0.01117514818906784,0.023651123046875,0.03846153989434242,0.0019073486328125,0.11787023395299911,-0.0255584716796875
image_2988.jpg,train,0.038814544677734375,0.02710106037557125,0.20443280041217804,0.008655548095703125,0.7641718983650208,0.00916033610701561,2.5848388671875,0.2613307535648346,-0.1552581787109375,0.07444758713245392,-2.4295806884765625
image_2989.jpg,train,0.02538299560546875,0.021902982145547867,0.15664762258529663,0.006561279296875,0.7618260383605957,0.8950715661048889,0.0377655029296875,0.1406046599149704,-0.8029937744140625,0.009845539927482605,0.765228271484375
image_2990.jpg,train,0.040172576904296875,0.037213366478681564,0.2647085189819336,0.008136749267578125,0.7466247081756592,0.14549392461776733,-1.0021209716796875,0.17340190708637238,-0.2574920654296875,0.016570357605814934,1.259613037109375
image_2991.jpg,train,0.01078033447265625,0.012137669138610363,0.05809657275676727,0.00252532958984375,0.7529999613761902,0.006885551381856203,-0.054931640625,,0.0,0.02885422296822071,0.054931640625
image_2992.jpg,val,0.051998138427734375,0.042718611657619476,0.28835806250572205,0.013580322265625,0.7666717767715454,0.05114465951919556,-1.1867523193359375,,0.0,0.05341674014925957,1.1867523193359375
image_2993.jpg,test,0.015300750732421875,0.013208269141614437,0.06384214758872986,0.004547119140625,0.7781861424446106,0.007945067249238491,0.8388519287109375,0.22857142984867096,-0.012969970703125,0.020435389131307602,-0.8258819580078125
image_2994.jpg,val,0.0208740234375,0.01845002919435501,0.11804681271314621,0.00458526611328125,0.7487189173698425,0.021873867139220238,0.24566650390625,,0.0,0.02014705166220665,-0.24566650390625
image_2995.jpg,train,0.03128814697265625,0.021785203367471695,0.15367534756660461,0.010196685791015625,0.7885818481445312,0.23116706311702728,-0.59356689453125,0.5200803279876709,-0.09002685546875,0.013290483504533768,0.68359375
image_2996.jpg,train,0.0107421875,0.01045677438378334,0.03999759256839752,0.00241851806640625,0.7508627772331238,0.005304689519107342,0.185394287109375,,0.0,0.038822393864393234,-0.185394287109375
image_2997.jpg,test,0.01885986328125,0.019487977027893066,0.12081264704465866,0.00439453125,0.7604026794433594,0.020244013518095016,-0.335693359375,,0.0,0.017176814377307892,0.335693359375
image_2998.jpg,train,0.013851165771484375,0.01690545305609703,0.0925893485546112,0.001922607421875,0.7249907851219177,0.008343476802110672,0.719451904296875,0.008535478264093399,0.136566162109375,0.019304901361465454,-0.85601806640625
image_2999.jpg,train,0.057384490966796875,0.051357071846723557,0.3320581018924713,0.007892608642578125,0.7264804244041443,0.09133027493953705,-0.91094970703125,0.21891891956329346,0.0141143798828125,0.0377681590616703,0.8968353271484375
image_3000.jpg,train,0.03836822509765625,0.030409961938858032,0.2213958501815796,0.01021575927734375,0.7686737775802612,0.24887166917324066,-2.5798797607421875,0.18663594126701355,-0.5157470703125,0.004334198776632547,3.0956268310546875
image_3001.jpg,train,0.00555419921875,0.0043554711155593395,0.002492723986506462,0.001285552978515625,0.7513317465782166,0.0024376765359193087,0.0797271728515625,0.0684596598148346,-0.0030517578125,0.12260419875383377,-0.0766754150390625
image_3002.jpg,train,0.032073974609375,0.04082430899143219,0.27576854825019836,0.00490570068359375,0.716984212398529,0.059088654816150665,-1.4446258544921875,0.16500000655651093,-0.087738037109375,0.01333863940089941,1.5323638916015625
image_3003.jpg,train,0.004299163818359375,0.0031661526300013065,0.0035263337194919586,0.001434326171875,0.7928694486618042,0.0035732167307287455,-0.069427490234375,0.000394614675315097,0.29144287109375,0.5550458431243896,-0.222015380859375
image_3004.jpg,val,0.0881805419921875,0.06757991760969162,0.36961525678634644,0.02384185791015625,0.7651180624961853,0.12226492911577225,-2.5432586669921875,0.09433962404727936,0.0026702880859375,0.05860808491706848,2.54058837890625
image_3005.jpg,val,0.03678131103515625,0.027349917218089104,0.19712020456790924,0.0104522705078125,0.7734056115150452,0.02951848693192005,-1.23748779296875,,0.0,0.07291334122419357,1.23748779296875
image_3006.jpg,test,0.022457122802734375,0.023403946310281754,0.15651652216911316,0.00173187255859375,0.6959418654441833,0.21016617119312286,1.459503173828125,0.018987340852618217,0.1163482666015625,0.019482389092445374,-1.5758514404296875
image_3007.jpg,train,0.01697540283203125,0.010493574663996696,0.04505593329668045,0.00684356689453125,0.814681887626648,0.013405065052211285,0.321197509765625,0.2967033088207245,-0.0072479248046875,0.020544882863759995,-0.3139495849609375
image_3008.jpg,train,0.07098007202148438,0.05945806950330734,0.3503628373146057,0.01676177978515625,0.7551899552345276,0.07734138518571854,0.6092071533203125,,0.0,0.0663832277059555,-0.6092071533203125
image_3009.jpg,val,0.02997589111328125,0.03204483911395073,0.2273211032152176,0.005054473876953125,0.7332737445831299,0.08248106390237808,-1.104736328125,0.328125,-0.0091552734375,0.012520981952548027,1.1138916015625
image_3010.jpg,train,0.08747482299804688,0.05347482115030289,0.3328915238380432,0.025096893310546875,0.780810534954071,0.18702062964439392,-5.8933258056640625,,0.0,0.023449400439858437,5.8933258056640625
image_3011.jpg,train,0.001983642578125,0.0031273229978978634,0.008384011685848236,0.0009002685546875,0.821033239364624,,0.0179290771484375,0.33638864755630493,-0.0995635986328125,0.0005860878736712039,0.081634521484375
image_3012.jpg,test,0.0064544677734375,0.0054370928555727005,0.017590630799531937,0.002857208251953125,0.8146457672119141,0.005335591267794371,0.0423431396484375,0.3337801694869995,-0.0820159912109375,0.005681086331605911,0.0396728515625
image_3013.jpg,train,0.039646148681640625,0.036431483924388885,0.2656259834766388,0.007205963134765625,0.7378699779510498,0.059385061264038086,1.5583038330078125,,0.0,0.03463089466094971,-1.5583038330078125
image_3014.jpg,train,0.03525543212890625,0.034958578646183014,0.2657902240753174,0.004665374755859375,0.7126957774162292,0.02571892738342285,0.2044677734375,0.008553076535463333,0.247955322265625,0.09720483422279358,-0.452423095703125
image_3015.jpg,val,0.041339874267578125,0.031258851289749146,0.2453952431678772,0.011791229248046875,0.7676476836204529,0.232651486992836,-1.0162353515625,0.14935491979122162,-0.8209228515625,0.013527912087738514,1.837158203125
image_3016.jpg,train,0.03574371337890625,0.03369889408349991,0.24577952921390533,0.005184173583984375,0.724393904209137,0.01076161302626133,2.007293701171875,0.23751023411750793,-0.0659942626953125,0.08151707798242569,-1.9412994384765625
image_3017.jpg,train,0.017852783203125,0.013902759179472923,0.0750565454363823,0.0050201416015625,0.7684065699577332,0.9693053364753723,-0.2033233642578125,0.1395825445652008,-0.4291534423828125,0.006140321958810091,0.632476806640625
image_3018.jpg,train,0.0551300048828125,0.05313235521316528,0.3066861629486084,0.0135040283203125,0.7632158994674683,0.15471622347831726,1.59759521484375,0.21406249701976776,-0.22735595703125,0.03938546031713486,-1.3702392578125
image_3019.jpg,train,0.001735687255859375,0.006408148445188999,0.02296687848865986,0.000225067138671875,0.6874386668205261,0.0014349173288792372,0.0301361083984375,,0.0,0.002036209451034665,-0.0301361083984375
image_3020.jpg,train,0.04296112060546875,0.0375719778239727,0.24265225231647491,0.011692047119140625,0.7732908129692078,0.04480745643377304,0.11444091796875,0.341681569814682,-0.179290771484375,0.03806791454553604,0.064849853515625
image_3021.jpg,train,0.07522964477539062,0.059927865862846375,0.3527757227420807,0.018596649169921875,0.7581520080566406,0.17377734184265137,-1.6101837158203125,,0.0,0.0401020385324955,1.6101837158203125
image_3022.jpg,train,0.01519012451171875,0.021254947409033775,0.13419336080551147,0.00244903564453125,0.7256768345832825,0.01348050870001316,0.185394287109375,0.38483965396881104,-0.0377655029296875,0.015844590961933136,-0.1476287841796875
image_3023.jpg,test,0.049160003662109375,0.04247545078396797,0.2779395282268524,0.01171875,0.7659413814544678,0.09552285820245743,0.281524658203125,1.0,-0.0034332275390625,0.03428168594837189,-0.2780914306640625
image_3024.jpg,train,0.07428741455078125,0.04028816148638725,0.2932015359401703,0.026031494140625,0.7836978435516357,0.06220684573054314,-1.0173797607421875,0.024347512051463127,2.3052215576171875,0.27429866790771484,-1.287841796875
image_3025.jpg,val,0.023220062255859375,0.01930263265967369,0.12995260953903198,0.004985809326171875,0.7607611417770386,0.01825159415602684,0.1651763916015625,0.11221945285797119,0.002288818359375,0.02996212989091873,-0.1674652099609375
image_3026.jpg,test,0.07865524291992188,0.06657814979553223,0.3681347668170929,0.01526641845703125,0.7420080304145813,0.0544201023876667,0.931549072265625,0.028975555673241615,0.156402587890625,0.1259615123271942,-1.08795166015625
image_3027.jpg,train,0.018280029296875,0.02065017633140087,0.12806636095046997,0.0030670166015625,0.7348581552505493,0.01253863051533699,-0.22735595703125,,0.0,0.04436643421649933,0.22735595703125
image_3028.jpg,train,0.00521087646484375,0.007174368016421795,0.021694311872124672,0.001804351806640625,0.7646583318710327,0.0032985827419906855,0.174713134765625,0.018711864948272705,0.077056884765625,0.006235368084162474,-0.25177001953125
image_3029.jpg,test,0.015216827392578125,0.010270153172314167,0.03857412934303284,0.006099700927734375,0.814738929271698,0.004110380075871944,1.1142730712890625,,0.0,0.02612891234457493,-1.1142730712890625
image_3030.jpg,train,0.049640655517578125,0.04313366115093231,0.29839664697647095,0.011455535888671875,0.7512614130973816,0.028834011405706406,1.111602783203125,0.03606199100613594,0.0278472900390625,0.08880592882633209,-1.1394500732421875
image_3031.jpg,train,0.04058837890625,0.029619824141263962,0.20284926891326904,0.01311492919921875,0.7929509282112122,0.15808342397212982,-0.652313232421875,0.25,-0.05645751953125,0.019619975239038467,0.708770751953125
image_3032.jpg,train,0.0724334716796875,0.0559721514582634,0.373317152261734,0.0147705078125,0.7232335209846497,0.0199300404638052,2.9918670654296875,0.044820766896009445,0.63629150390625,0.2574498653411865,-3.6281585693359375
image_3033.jpg,train,0.0406646728515625,0.030049171298742294,0.20868724584579468,0.0110626220703125,0.7767050266265869,0.03444188833236694,-0.8331298828125,,0.0,0.05599524453282356,0.8331298828125
image_3034.jpg,val,0.0346527099609375,0.023739991709589958,0.1626732498407364,0.011322021484375,0.7885521054267883,0.22371141612529755,-2.166748046875,0.17310981452465057,-0.2056121826171875,0.006018453277647495,2.3723602294921875
image_3035.jpg,train,0.015445709228515625,0.018356086686253548,0.10943234711885452,0.00321197509765625,0.7399722337722778,0.2783573567867279,0.252532958984375,,0.0095367431640625,0.009246207773685455,-0.2620697021484375
image_3036.jpg,train,0.011688232421875,0.012299900874495506,0.0663892924785614,0.002544403076171875,0.7454010844230652,0.005893020890653133,0.0457763671875,,0.0,0.1288338601589203,-0.0457763671875
image_3037.jpg,train,0.06833648681640625,0.05914483964443207,0.34505584836006165,0.01430511474609375,0.7511016130447388,0.06661862879991531,0.69732666015625,,0.0,0.06980312615633011,-0.69732666015625
image_3038.jpg,train,0.07715988159179688,0.07649995386600494,0.38549700379371643,0.011852264404296875,0.7242746949195862,0.07632335275411606,0.6877899169921875,,0.0,0.07787369191646576,-0.6877899169921875
image_3039.jpg,train,0.049365997314453125,0.05264309048652649,0.32974183559417725,0.009403228759765625,0.7302916646003723,0.08568169921636581,1.5899658203125,0.17859546840190887,-0.6214141845703125,0.035729534924030304,-0.9685516357421875
image_3040.jpg,train,0.05713653564453125,0.046098291873931885,0.3003527820110321,0.01690673828125,0.774303138256073,0.2972186803817749,-3.4229278564453125,0.18916797637939453,-0.0652313232421875,0.013059000484645367,3.4881591796875
image_3041.jpg,train,0.0547943115234375,0.056675903499126434,0.33450496196746826,0.007598876953125,0.7265384793281555,0.055871009826660156,-1.306915283203125,,0.0,0.05312906950712204,1.306915283203125
image_3042.jpg,train,0.07671737670898438,0.06163017451763153,0.3558095395565033,0.019313812255859375,0.7594292163848877,0.14745496213436127,-0.2750396728515625,0.13635969161987305,-0.49896240234375,0.0485793836414814,0.7740020751953125
image_3043.jpg,train,0.025585174560546875,0.026139121502637863,0.1826949417591095,0.006195068359375,0.755456805229187,0.034949515014886856,0.7442474365234375,,0.0,0.022302592173218727,-0.7442474365234375
image_3044.jpg,train,0.010524749755859375,0.025423405691981316,0.15718139708042145,0.000476837158203125,0.6558290123939514,0.0025177001953125,0.8007049560546875,,0.0,0.01853179931640625,-0.8007049560546875
image_3045.jpg,train,0.038356781005859375,0.04312696307897568,0.2782171666622162,0.006633758544921875,0.7301052212715149,0.03501969948410988,-0.4299163818359375,,0.0,0.04355504363775253,0.4299163818359375
image_3046.jpg,val,0.051532745361328125,0.04686625301837921,0.28980252146720886,0.010631561279296875,0.7556791305541992,0.05344833433628082,1.5743255615234375,,0.0,0.0505685955286026,-1.5743255615234375
image_3047.jpg,train,0.031494140625,0.03369194269180298,0.21689236164093018,0.006923675537109375,0.7516475915908813,0.022972313687205315,0.5615234375,,0.0,0.04248480126261711,-0.5615234375
image_3048.jpg,train,0.01800537109375,0.012035944499075413,0.05065815895795822,0.006458282470703125,0.7937434315681458,0.012009347788989544,0.530242919921875,0.3380281627178192,-0.0057220458984375,0.024556228891015053,-0.5245208740234375
image_3049.jpg,test,0.0325927734375,0.02541997656226158,0.17456603050231934,0.007572174072265625,0.7669509649276733,0.02806139923632145,1.360321044921875,0.30922242999076843,-0.0545501708984375,0.03399355337023735,-1.3057708740234375
image_3050.jpg,train,0.038936614990234375,0.037961311638355255,0.26928991079330444,0.007755279541015625,0.7356191277503967,0.014249314554035664,0.05645751953125,0.09388047456741333,-1.3248443603515625,0.033212415874004364,1.2683868408203125
image_3051.jpg,train,0.0002593994140625,0.001404465059749782,0.004394158720970154,0.00023651123046875,0.9754012823104858,,0.0,0.8684210777282715,-0.0244140625,7.631607331859414e-06,0.0244140625
image_3052.jpg,val,0.007228851318359375,0.005179140716791153,0.010629100725054741,0.00341796875,0.8299204111099243,0.36903318762779236,-0.457000732421875,1.0,-0.0179290771484375,0.0012598363682627678,0.4749298095703125
image_3053.jpg,val,0.0872802734375,0.0690535381436348,0.3716965615749359,0.022579193115234375,0.762580931186676,0.11098045855760574,0.9830474853515625,0.16351351141929626,-0.0244140625,0.07429315894842148,-0.9586334228515625
image_3054.jpg,train,0.052494049072265625,0.052871085703372955,0.34301191568374634,0.005924224853515625,0.7121361494064331,0.039238281548023224,-0.4917144775390625,,0.0,0.08862108737230301,0.4917144775390625
image_3055.jpg,val,0.024074554443359375,0.025681592524051666,0.1714123636484146,0.007171630859375,0.7750192880630493,0.033933863043785095,-0.1964569091796875,,0.0,0.017936943098902702,0.1964569091796875
image_3056.jpg,train,0.016071319580078125,0.017636515200138092,0.09914924204349518,0.001743316650390625,0.7100615501403809,0.007043201941996813,0.928497314453125,0.05319149047136307,0.0030517578125,0.02443513460457325,-0.931549072265625
image_3057.jpg,train,0.0595550537109375,0.047414377331733704,0.3086273670196533,0.01587677001953125,0.767166018486023,0.06800732016563416,-2.87017822265625,0.010034501552581787,0.1556396484375,0.0677422285079956,2.71453857421875
image_3058.jpg,train,0.018707275390625,0.020107891410589218,0.13840144872665405,0.002498626708984375,0.7154172658920288,0.00668830331414938,1.1623382568359375,0.03703703731298447,0.006103515625,0.031810179352760315,-1.1684417724609375
image_3059.jpg,train,0.024234771728515625,0.025780562311410904,0.16979221999645233,0.00510406494140625,0.7507389783859253,0.022226586937904358,0.7511138916015625,0.10526315867900848,0.0244140625,0.025363238528370857,-0.7755279541015625
image_3060.jpg,train,0.0540924072265625,0.038677241653203964,0.2718539834022522,0.016216278076171875,0.7807714939117432,0.1120583564043045,-1.8566131591796875,0.18018443882465363,-0.1247406005859375,0.025203485041856766,1.981353759765625
image_3061.jpg,train,0.032054901123046875,0.029107432812452316,0.21859942376613617,0.005558013916015625,0.7227083444595337,0.0994514524936676,1.1066436767578125,0.023626135662198067,0.0102996826171875,0.027378689497709274,-1.116943359375
image_3062.jpg,train,0.044765472412109375,0.03742604702711105,0.29163774847984314,0.00494384765625,0.697578489780426,0.009914915077388287,1.42364501953125,0.011846807785332203,1.57318115234375,0.37936869263648987,-2.996826171875
image_3063.jpg,train,0.01285552978515625,0.013123981654644012,0.06113256514072418,0.002979278564453125,0.7448667287826538,0.013364904560148716,0.1064300537109375,0.47668394446372986,-0.0499725341796875,0.011348451487720013,-0.05645751953125
image_3064.jpg,train,0.001422882080078125,0.0012262167874723673,0.000579833984375,0.0004425048828125,0.7812644243240356,0.0009935153648257256,-0.0560760498046875,,0.0,0.2527964115142822,0.0560760498046875
image_3065.jpg,val,0.07392501831054688,0.048237089067697525,0.3165709972381592,0.018802642822265625,0.7731208801269531,0.13559842109680176,-2.392578125,0.5952380895614624,-0.006103515625,0.03898266702890396,2.398681640625
image_3066.jpg,test,0.036113739013671875,0.030112862586975098,0.2264254242181778,0.008823394775390625,0.7562087178230286,0.027232768014073372,-0.3543853759765625,,0.0,0.05989813432097435,0.3543853759765625
image_3067.jpg,val,0.0452117919921875,0.04341375455260277,0.29280638694763184,0.007633209228515625,0.732279360294342,0.06456106901168823,0.576019287109375,0.10153041034936905,-0.6275177001953125,0.0310538150370121,0.0514984130859375
image_3068.jpg,train,0.049961090087890625,0.03718731552362442,0.27835455536842346,0.0121002197265625,0.7595753073692322,0.01573699712753296,2.6092529296875,1.0,-0.0049591064453125,0.15627892315387726,-2.6042938232421875
image_3069.jpg,train,0.032291412353515625,0.030175041407346725,0.2268165946006775,0.0050811767578125,0.7299759984016418,0.028466125950217247,-2.072906494140625,0.32511210441589355,-0.16021728515625,0.05125860497355461,2.233123779296875
image_3070.jpg,train,0.03924560546875,0.03883504122495651,0.28523412346839905,0.005138397216796875,0.7152122259140015,0.2305063158273697,0.412750244140625,0.0737726241350174,-0.0827789306640625,0.023387176916003227,-0.3299713134765625
image_3071.jpg,train,0.02718353271484375,0.021683713421225548,0.14310269057750702,0.007717132568359375,0.7731608748435974,0.011707295663654804,0.6500244140625,,0.0,0.1443801373243332,-0.6500244140625
image_3072.jpg,train,0.0218963623046875,0.02764209359884262,0.1793336570262909,0.002727508544921875,0.707661509513855,0.06874006241559982,0.122833251953125,,0.0225067138671875,0.013708759099245071,-0.1453399658203125
image_3073.jpg,train,0.011547088623046875,0.00850007589906454,0.026826925575733185,0.003627777099609375,0.7916437387466431,0.8261571526527405,-0.4657745361328125,0.17900590598583221,0.0751495361328125,0.0037955159787088633,0.390625
image_3074.jpg,train,0.038494110107421875,0.026058830320835114,0.19841094315052032,0.011478424072265625,0.7708827257156372,0.02515939064323902,-0.6473541259765625,0.016471048817038536,1.5224456787109375,0.18175308406352997,-0.875091552734375
image_3075.jpg,train,0.040264129638671875,0.04147756099700928,0.2863542437553406,0.005573272705078125,0.7210929989814758,0.032277148216962814,-0.41656494140625,0.08744394779205322,0.009918212890625,0.05734814703464508,0.406646728515625
image_3076.jpg,train,0.0490570068359375,0.04080013558268547,0.2791140079498291,0.011051177978515625,0.755548894405365,0.1102800965309143,-0.212860107421875,0.0,0.0019073486328125,0.030556079000234604,0.2109527587890625
image_3077.jpg,train,0.08985519409179688,0.08226649463176727,0.4080120325088501,0.01232147216796875,0.7092947959899902,0.07298357039690018,-0.156402587890625,0.025387855246663094,2.16827392578125,0.20993967354297638,-2.011871337890625
image_3078.jpg,train,0.023632049560546875,0.02573317475616932,0.18555009365081787,0.0040130615234375,0.7304761409759521,0.016405398026108742,-0.6572723388671875,,0.0,0.10739157348871231,0.6572723388671875
image_3079.jpg,val,0.037982940673828125,0.0319906547665596,0.23495060205459595,0.009296417236328125,0.7596507668495178,0.02726040966808796,-0.86212158203125,0.3996383249759674,-0.080108642578125,0.09210624545812607,0.942230224609375
image_3080.jpg,train,0.0562591552734375,0.04796479642391205,0.3107164800167084,0.013599395751953125,0.7590205669403076,0.20143623650074005,-0.7198333740234375,0.7777777910232544,-0.0102996826171875,0.029050789773464203,0.730133056640625
image_3081.jpg,train,0.048366546630859375,0.03661899268627167,0.24244816601276398,0.01377105712890625,0.786885142326355,0.04055142402648926,-0.1567840576171875,,0.0,0.06088700145483017,0.1567840576171875
image_3082.jpg,test,0.11936187744140625,0.08583303540945053,0.3982643783092499,0.030002593994140625,0.7636876702308655,0.1737453192472458,-2.782440185546875,0.11975361406803131,0.0339508056640625,0.08068258315324783,2.7484893798828125
image_3083.jpg,train,0.07370758056640625,0.0567593052983284,0.33912667632102966,0.01670074462890625,0.7579689025878906,0.0660124197602272,0.691986083984375,0.23969148099422455,-0.25177001953125,0.07679161429405212,-0.440216064453125
image_3084.jpg,train,0.02373504638671875,0.03058796189725399,0.19707362353801727,0.00408172607421875,0.7379453778266907,0.023162422701716423,0.27008056640625,,0.0,0.024211298674345016,-0.27008056640625
image_3085.jpg,val,0.00771331787109375,0.00900212861597538,0.03413539379835129,0.00075531005859375,0.7176157832145691,0.004007148090749979,0.372314453125,0.0882352963089943,0.0019073486328125,0.011299222707748413,-0.3742218017578125
image_3086.jpg,train,0.06090545654296875,0.06017307937145233,0.33569034934043884,0.01320648193359375,0.7497762441635132,0.20051032304763794,-1.2248992919921875,1.0,-0.0011444091796875,0.029748795554041862,1.226043701171875
image_3087.jpg,train,0.00705718994140625,0.006192476488649845,0.015255674719810486,0.002101898193359375,0.7801281809806824,0.0017984648002311587,0.52642822265625,,0.0,0.01228351704776287,-0.52642822265625
image_3088.jpg,test,0.05173492431640625,0.04496853053569794,0.31735602021217346,0.009067535400390625,0.7348090410232544,0.028822295367717743,0.5767822265625,0.1538461595773697,0.0110626220703125,0.1413336843252182,-0.5878448486328125
image_3089.jpg,train,0.022647857666015625,0.027057809755206108,0.18599414825439453,0.002346038818359375,0.7016619443893433,0.061549317091703415,1.06201171875,,0.0049591064453125,0.018454503268003464,-1.0669708251953125
image_3090.jpg,train,0.042949676513671875,0.03561718016862869,0.25156697630882263,0.012603759765625,0.7732367515563965,0.053447358310222626,-0.4787445068359375,0.3900415003299713,-0.04730224609375,0.033616647124290466,0.5260467529296875
image_3091.jpg,train,0.007534027099609375,0.007547734305262566,0.022496702149510384,0.00131988525390625,0.7401557564735413,0.0,0.6702423095703125,0.2291390746831894,-0.048828125,0.006900751031935215,-0.6214141845703125
image_3092.jpg,train,0.036060333251953125,0.031900182366371155,0.23067313432693481,0.007659912109375,0.7502309083938599,0.026036260649561882,-0.8914947509765625,,0.0,0.0995829701423645,0.8914947509765625
image_3093.jpg,val,0.051727294921875,0.03833857923746109,0.2773391306400299,0.01200103759765625,0.7560856342315674,0.05003264918923378,-4.0374755859375,0.2723251283168793,-0.27618408203125,0.03416956961154938,4.31365966796875
image_3094.jpg,train,0.00879669189453125,0.009444099850952625,0.02952261082828045,0.00147247314453125,0.7321260571479797,0.0033072493970394135,0.250244140625,,0.0,0.11668767780065536,-0.250244140625
image_3095.jpg,val,0.00140380859375,0.0022050575353205204,0.008850794285535812,0.001071929931640625,0.9286164045333862,0.0010383502813056111,0.0362396240234375,1.0,-0.0003814697265625,0.0017611271468922496,-0.035858154296875
image_3096.jpg,train,7.62939453125e-06,0.002357637509703636,0.009579956531524658,0.0,0.6892415881156921,1.0,0.0,,0.0,3.814711817540228e-06,0.0
image_3097.jpg,train,0.00048828125,0.001015382120385766,0.0009754523634910583,0.000202178955078125,0.8147417306900024,0.00027853238862007856,-0.006866455078125,,0.0,0.9821428656578064,0.006866455078125
image_3098.jpg,train,0.040348052978515625,0.03838611766695976,0.2616369128227234,0.00736236572265625,0.7457021474838257,0.04499725252389908,1.0211944580078125,0.18283165991306305,-0.048828125,0.03735540434718132,-0.9723663330078125
image_3099.jpg,train,0.01059722900390625,0.01633768528699875,0.08957800269126892,0.001438140869140625,0.7156258225440979,0.008107100613415241,0.263214111328125,,0.0,0.013001619838178158,-0.263214111328125
image_3100.jpg,train,0.025234222412109375,0.022191409021615982,0.16329601407051086,0.004161834716796875,0.7303659319877625,0.015626780688762665,0.1300811767578125,0.25184229016304016,-0.3711700439453125,0.02712252177298069,0.2410888671875
image_3101.jpg,train,0.040454864501953125,0.03320588916540146,0.24680458009243011,0.008861541748046875,0.7483562231063843,0.03239447623491287,-0.804901123046875,0.13502809405326843,-0.3131866455078125,0.04437089338898659,1.1180877685546875
image_3102.jpg,val,0.004863739013671875,0.0020662550814449787,0.0027493536472320557,0.003421783447265625,0.9007772207260132,0.9530686140060425,-0.2788543701171875,0.505509614944458,-0.1190185546875,0.00044514884939417243,0.3978729248046875
image_3103.jpg,train,0.007755279541015625,0.010952498763799667,0.04821382462978363,0.002223968505859375,0.7580260038375854,0.007432631216943264,-0.232696533203125,0.007256367243826389,0.0598907470703125,0.00864827074110508,0.1728057861328125
image_3104.jpg,train,0.060123443603515625,0.0568581186234951,0.3520755469799042,0.011203765869140625,0.7272334694862366,0.10073139518499374,-1.99432373046875,0.03345353156328201,0.069427490234375,0.03841739147901535,1.924896240234375
image_3105.jpg,train,0.013599395751953125,0.014188338071107864,0.07460232079029083,0.002536773681640625,0.7434254884719849,0.010932712815701962,0.157928466796875,0.40909090638160706,-0.0255584716796875,0.015812484547495842,-0.1323699951171875
image_3106.jpg,val,0.036113739013671875,0.038814809173345566,0.286373496055603,0.005062103271484375,0.7129583358764648,0.03292365372180939,-0.7099151611328125,0.6111111044883728,-0.0080108642578125,0.04194937273859978,0.717926025390625
image_3107.jpg,train,0.01107025146484375,0.0009789164178073406,0.0035624317824840546,0.0108795166015625,0.9764590263366699,1.0,-1.100921630859375,1.0,-0.00457763671875,7.714739695074968e-06,1.105499267578125
image_3108.jpg,train,0.0198822021484375,0.021336140111088753,0.12470032274723053,0.00336456298828125,0.7396162152290344,0.1471066176891327,0.316619873046875,0.21993499994277954,-0.0553131103515625,0.011846940964460373,-0.2613067626953125
image_3109.jpg,train,0.017276763916015625,0.021455761045217514,0.1342168003320694,0.002758026123046875,0.7234564423561096,0.018665611743927002,0.057220458984375,0.0007339761359617114,0.15869140625,0.1215115338563919,-0.215911865234375
image_3110.jpg,train,0.043048858642578125,0.02939344197511673,0.2247503250837326,0.01253509521484375,0.7779887914657593,0.19825999438762665,-2.69012451171875,0.3433555066585541,-0.46844482421875,0.006918332073837519,3.1585693359375
image_3111.jpg,train,0.020751953125,0.021074723452329636,0.14776839315891266,0.0027008056640625,0.7225722670555115,0.013577308505773544,0.269317626953125,0.3333333432674408,-0.0034332275390625,0.03485364839434624,-0.2658843994140625
image_3112.jpg,train,0.009632110595703125,0.008682593703269958,0.029535220935940742,0.002529144287109375,0.7671965956687927,0.004604156594723463,0.0469207763671875,0.17867867648601532,0.0988006591796875,0.011274468153715134,-0.145721435546875
image_3113.jpg,test,0.027217864990234375,0.020180989056825638,0.1356426328420639,0.0069732666015625,0.7725052237510681,0.01925259828567505,0.8617401123046875,0.09009008854627609,0.170135498046875,0.03335525467991829,-1.0318756103515625
image_3114.jpg,train,0.060649871826171875,0.05774751305580139,0.3409786522388458,0.012439727783203125,0.7441762685775757,0.08129096776247025,0.6954193115234375,0.124845489859581,-0.0072479248046875,0.05024908110499382,-0.68817138671875
image_3115.jpg,test,0.034099578857421875,0.03090507723391056,0.22384144365787506,0.007923126220703125,0.7537447214126587,0.0163198783993721,1.0570526123046875,,0.0,0.08001694828271866,-1.0570526123046875
image_3116.jpg,train,0.095947265625,0.07499591261148453,0.38485562801361084,0.020481109619140625,0.7514050602912903,0.10040609538555145,2.3166656494140625,0.1966075599193573,-0.142669677734375,0.09193569421768188,-2.1739959716796875
image_3117.jpg,train,0.09547805786132812,0.07853765785694122,0.3917217552661896,0.016933441162109375,0.7318865656852722,0.4121537506580353,-0.946044921875,0.0401652529835701,1.68914794921875,0.07414542883634567,-0.74310302734375
image_3118.jpg,val,0.02588653564453125,0.010619917884469032,0.03489602357149124,0.01528167724609375,0.8647668361663818,0.9607638120651245,-0.6893157958984375,0.0045853471383452415,1.3988494873046875,0.01953548938035965,-0.70953369140625
image_3119.jpg,test,0.049808502197265625,0.04527979716658592,0.31275591254234314,0.0097503662109375,0.7287431955337524,0.02716558612883091,-0.0919342041015625,0.09537362307310104,-0.318145751953125,0.191609725356102,0.4100799560546875
image_3120.jpg,train,0.049877166748046875,0.05551270395517349,0.33194154500961304,0.0072784423828125,0.72538822889328,0.23351289331912994,-1.8253326416015625,,0.0,0.018512563779950142,1.8253326416015625
image_3121.jpg,train,0.017852783203125,0.017368502914905548,0.09995099902153015,0.004093170166015625,0.7509810328483582,0.01066308282315731,0.011444091796875,,0.0,0.05339893698692322,-0.011444091796875
image_3122.jpg,train,0.0498504638671875,0.03526895493268967,0.24780236184597015,0.01534271240234375,0.7839515805244446,0.0552012100815773,-0.96588134765625,0.2926470637321472,-0.069427490234375,0.042389195412397385,1.035308837890625
image_3123.jpg,train,0.057682037353515625,0.054213691502809525,0.3230811357498169,0.01116943359375,0.7430640459060669,0.1166488528251648,0.6107330322265625,0.0311718937009573,0.072479248046875,0.044279795140028,-0.6832122802734375
image_3124.jpg,train,0.029842376708984375,0.03153720498085022,0.23766660690307617,0.003509521484375,0.7045667171478271,0.025970598682761192,-0.20751953125,0.021460961550474167,0.0362396240234375,0.08195037394762039,0.1712799072265625
image_3125.jpg,train,0.009624481201171875,0.006714988965541124,0.020320218056440353,0.005008697509765625,0.8439080119132996,1.0,0.9365081787109375,0.5333333611488342,-0.005340576171875,0.009470824152231216,-0.9311676025390625
image_3126.jpg,train,0.0025634765625,0.001626915647648275,0.00322713702917099,0.001384735107421875,0.8566566705703735,,0.003814697265625,0.04324324429035187,0.246429443359375,0.0025347478222101927,-0.250244140625
image_3127.jpg,train,0.051025390625,0.043890856206417084,0.30428192019462585,0.013240814208984375,0.7589939832687378,0.1740211695432663,-0.12969970703125,,0.0,0.02926347404718399,0.12969970703125
image_3128.jpg,train,0.047454833984375,0.041571713984012604,0.29105955362319946,0.010059356689453125,0.7446243762969971,0.03579694405198097,0.429534912109375,0.050655022263526917,0.025177001953125,0.06461524218320847,-0.4547119140625
image_3129.jpg,train,0.0205841064453125,0.019500073045492172,0.12130700796842575,0.003902435302734375,0.7451818585395813,0.012874022126197815,-0.3631591796875,0.0,0.000762939453125,0.14247243106365204,0.362396240234375
image_3130.jpg,train,0.024322509765625,0.023591231554746628,0.16908371448516846,0.004322052001953125,0.7341908812522888,0.02100464329123497,-0.701904296875,0.1525050848722458,-0.1773834228515625,0.022039242088794708,0.8792877197265625
image_3131.jpg,train,0.0075531005859375,0.007876710966229439,0.021169060841202736,0.001628875732421875,0.7354735136032104,0.002720101270824671,0.1125335693359375,0.04861149191856384,-0.1338958740234375,0.05477967858314514,0.0213623046875
image_3132.jpg,train,0.07987594604492188,0.07053101807832718,0.3887907862663269,0.0140533447265625,0.721041738986969,0.05777398496866226,-0.3215789794921875,0.07152464240789413,0.2460479736328125,0.1335960179567337,0.075531005859375
image_3133.jpg,test,0.07398605346679688,0.03250161185860634,0.2554124593734741,0.037441253662109375,0.8362743258476257,0.6042389273643494,-0.1331329345703125,0.03256987780332565,3.3695220947265625,0.10034561902284622,-3.23638916015625
image_3134.jpg,train,0.07651901245117188,0.07464241236448288,0.3843577802181244,0.0120849609375,0.7222786545753479,0.05327814444899559,1.0711669921875,0.05560465529561043,0.1110076904296875,0.14823082089424133,-1.1821746826171875
image_3135.jpg,train,0.08636856079101562,0.06396862119436264,0.36342713236808777,0.02252197265625,0.766011118888855,0.10091138631105423,-3.7555694580078125,,0.0,0.06323321908712387,3.7555694580078125
image_3136.jpg,train,0.043231964111328125,0.04317125678062439,0.2956613302230835,0.007720947265625,0.7274242043495178,0.02811911329627037,1.244354248046875,0.01496074628084898,0.1972198486328125,0.06553850322961807,-1.4415740966796875
image_3137.jpg,val,0.002780914306640625,0.002055531367659569,0.0013150200247764587,0.001277923583984375,0.8311728835105896,0.0012871245853602886,0.0217437744140625,,0.0,0.3582497835159302,-0.0217437744140625
image_3138.jpg,train,0.05096435546875,0.04128976911306381,0.29056888818740845,0.013301849365234375,0.7617037892341614,0.2731524109840393,-1.0540008544921875,0.16390833258628845,-0.4222869873046875,0.020690111443400383,1.476287841796875
image_3139.jpg,train,0.001110076904296875,0.002060959581285715,0.0012695267796516418,0.0001068115234375,0.6550129652023315,0.0009546320652589202,-0.0797271728515625,,0.0,0.15589353442192078,0.0797271728515625
image_3140.jpg,test,0.049579620361328125,0.05016138404607773,0.33154839277267456,0.007427215576171875,0.7122254967689514,0.0615415945649147,-2.111053466796875,0.04442209750413895,-0.087738037109375,0.03349664434790611,2.19879150390625
image_3141.jpg,train,0.048244476318359375,0.028759755194187164,0.22056090831756592,0.01790618896484375,0.7991698980331421,0.049165114760398865,-0.3665924072265625,0.4388379156589508,-0.095367431640625,0.04521845653653145,0.4619598388671875
image_3142.jpg,train,0.041355133056640625,0.050881847739219666,0.3190453052520752,0.004791259765625,0.7081394791603088,0.14396610856056213,-0.9723663330078125,,0.0,0.01922648772597313,0.9723663330078125
image_3143.jpg,test,0.0762481689453125,0.06409794837236404,0.3711843490600586,0.01488494873046875,0.7382168769836426,0.090479277074337,2.045440673828125,0.006619521416723728,0.21820068359375,0.07985371351242065,-2.263641357421875
image_3144.jpg,train,0.06652450561523438,0.05193502455949783,0.3308894634246826,0.0133209228515625,0.7546383738517761,0.050388485193252563,-0.023651123046875,0.10710553824901581,0.23040771484375,0.09546259045600891,-0.206756591796875
image_3145.jpg,train,0.02989959716796875,0.02740488573908806,0.1958572119474411,0.0075225830078125,0.7570868730545044,0.01948120817542076,-0.37689208984375,,0.0,0.09615924209356308,0.37689208984375
image_3146.jpg,train,0.04204559326171875,0.038694579154253006,0.2782098352909088,0.008319854736328125,0.7434194087982178,0.024105006828904152,0.3208160400390625,0.23076923191547394,0.0003814697265625,0.11606600880622864,-0.321197509765625
image_3147.jpg,train,0.002529144287109375,0.006084552500396967,0.019343851134181023,6.103515625e-05,0.6616932153701782,1.0,0.2498626708984375,,0.0,0.002513923915103078,-0.2498626708984375
image_3148.jpg,train,0.00603485107421875,0.0037451591342687607,0.004484217613935471,0.0030364990234375,0.8446148633956909,0.45828065276145935,-0.502777099609375,,0.0,0.0005096918903291225,0.502777099609375
image_3149.jpg,train,0.019718170166015625,0.01967739686369896,0.12190861254930496,0.0041351318359375,0.7533441185951233,0.02027430757880211,-0.1316070556640625,0.460317462682724,-0.0087738037109375,0.018903113901615143,0.140380859375
image_3150.jpg,train,0.00400543212890625,0.006798282731324434,0.02357432059943676,0.000759124755859375,0.7401068210601807,0.004888011608272791,-0.035858154296875,,0.0,0.0032937577925622463,0.035858154296875
image_3151.jpg,train,0.01757049560546875,0.014106561429798603,0.07333719730377197,0.006412506103515625,0.7928394079208374,0.27768027782440186,-1.14593505859375,0.3870967626571655,-0.0030517578125,0.0032080309465527534,1.14898681640625
image_3152.jpg,train,0.00568389892578125,0.011023863218724728,0.04420718550682068,0.00130462646484375,0.7379619479179382,0.004742943216115236,0.09765625,,0.0,0.0066108317114412785,-0.09765625
image_3153.jpg,train,0.031276702880859375,0.024940788745880127,0.19206570088863373,0.006435394287109375,0.7485815286636353,0.01814458705484867,0.237274169921875,0.14583221077919006,-0.54168701171875,0.026016684249043465,0.304412841796875
image_3154.jpg,train,0.12359237670898438,0.10901831090450287,0.42537277936935425,0.023044586181640625,0.7354196310043335,0.2666488587856293,-4.6905517578125,0.058936964720487595,-0.054168701171875,0.06300648301839828,4.744720458984375
image_3155.jpg,train,0.047512054443359375,0.04934128001332283,0.3217930197715759,0.005970001220703125,0.7145034074783325,0.10585728287696838,0.8365631103515625,0.2265201061964035,-0.446319580078125,0.03087187372148037,-0.3902435302734375
image_3156.jpg,train,0.02820587158203125,0.02700180746614933,0.19951549172401428,0.005672454833984375,0.7417293190956116,0.019512664526700974,-0.577545166015625,,0.0,0.08677173405885696,0.577545166015625
image_3157.jpg,val,0.047657012939453125,0.047704942524433136,0.31200170516967773,0.00811004638671875,0.7314051985740662,0.03682168200612068,0.0888824462890625,,0.0,0.06651265919208527,-0.0888824462890625
image_3158.jpg,train,0.005771636962890625,0.00641681719571352,0.01717085763812065,0.00127410888671875,0.753964364528656,0.004340370651334524,0.1445770263671875,,0.0,0.007193369325250387,-0.1445770263671875
image_3159.jpg,train,0.03722381591796875,0.028660688549280167,0.21699947118759155,0.008083343505859375,0.7501063942909241,0.13069778680801392,-2.129364013671875,,0.0,0.010262509807944298,2.129364013671875
image_3160.jpg,train,0.019702911376953125,0.01529327780008316,0.0841713473200798,0.00690460205078125,0.790037214756012,0.01824677363038063,0.257110595703125,0.8952381014823914,-0.035858154296875,0.02031979151070118,-0.22125244140625
image_3161.jpg,train,0.005161285400390625,0.004247189499437809,0.007771126925945282,0.00238800048828125,0.8191632628440857,0.3322259187698364,0.2109527587890625,,0.0,0.0036521805450320244,-0.2109527587890625
image_3162.jpg,train,0.056243896484375,0.059053461998701096,0.3609640896320343,0.00556182861328125,0.6939656138420105,0.0521715022623539,-0.9731292724609375,0.02870037965476513,0.43792724609375,0.11925531923770905,0.5352020263671875
image_3163.jpg,val,0.0708465576171875,0.06055602431297302,0.3457297384738922,0.017871856689453125,0.7595615983009338,0.07787264883518219,-2.4688720703125,,0.0,0.059698253870010376,2.4688720703125
image_3164.jpg,train,0.023891448974609375,0.024397868663072586,0.18320751190185547,0.002716064453125,0.7133937478065491,0.012214367277920246,0.3459930419921875,,0.0,0.08357812464237213,-0.3459930419921875
image_3165.jpg,train,0.0340728759765625,0.03290128335356712,0.2398291975259781,0.006206512451171875,0.7357593774795532,0.03402385860681534,-0.01983642578125,,0.0,0.034122612327337265,0.01983642578125
image_3166.jpg,train,0.055774688720703125,0.06641565263271332,0.3642333745956421,0.006443023681640625,0.7064900994300842,0.04936612769961357,-2.2716522216796875,,0.0,0.08062595129013062,2.2716522216796875
image_3167.jpg,train,0.0184173583984375,0.017060577869415283,0.1012742817401886,0.003993988037109375,0.7461407780647278,0.05435197427868843,0.10223388671875,1.0,-0.00152587890625,0.011560746468603611,-0.1007080078125
image_3168.jpg,train,0.03385162353515625,0.03262796252965927,0.23378802835941315,0.007534027099609375,0.7434084415435791,0.04923645034432411,-0.2361297607421875,0.22857142984867096,-0.0576019287109375,0.023301148787140846,0.293731689453125
image_3169.jpg,train,0.0140380859375,0.016711439937353134,0.09835129231214523,0.001758575439453125,0.7050685286521912,0.006458977237343788,0.354766845703125,,0.0,0.046790629625320435,-0.354766845703125
image_3170.jpg,train,0.0169677734375,0.017763499170541763,0.1042470633983612,0.003814697265625,0.7531853914260864,0.012206568382680416,-0.327301025390625,,0.0,0.04006517678499222,0.327301025390625
image_3171.jpg,train,0.0302886962890625,0.024763286113739014,0.1875862181186676,0.0066375732421875,0.7486381530761719,0.014564196579158306,0.226593017578125,0.10679205507040024,-0.1125335693359375,0.03449588268995285,-0.1140594482421875
image_3172.jpg,train,0.04445648193359375,0.04122226685285568,0.297495037317276,0.0074920654296875,0.7310571670532227,0.0575128048658371,0.4726409912109375,0.07923930138349533,-0.0072479248046875,0.03745322674512863,-0.46539306640625
image_3173.jpg,train,0.00618743896484375,0.009642270393669605,0.03617345541715622,0.00074005126953125,0.7111120820045471,0.30888429284095764,-0.06561279296875,,0.0,0.002796636428683996,0.06561279296875
image_3174.jpg,train,0.0526580810546875,0.04840024560689926,0.31500861048698425,0.008823394775390625,0.7320534586906433,0.07929383218288422,-0.434112548828125,0.19928187131881714,-0.0064849853515625,0.03739345446228981,0.4405975341796875
image_3175.jpg,test,0.045963287353515625,0.05156945437192917,0.3226648271083832,0.00695037841796875,0.7181445956230164,0.026602882891893387,1.7730712890625,0.06920821219682693,-0.4528045654296875,0.05827111005783081,-1.3202667236328125
image_3176.jpg,train,0.013355255126953125,0.01386386901140213,0.07217740267515182,0.003749847412109375,0.7712287902832031,0.16223067045211792,0.0049591064453125,0.17301037907600403,-0.0152587890625,0.006911809556186199,0.0102996826171875
image_3177.jpg,train,0.029651641845703125,0.030371366068720818,0.20344966650009155,0.006336212158203125,0.748790979385376,0.04269363731145859,-0.1735687255859375,0.1304347813129425,-0.00457763671875,0.022001218050718307,0.1781463623046875
image_3178.jpg,train,0.03839111328125,0.03343084454536438,0.25434014201164246,0.007984161376953125,0.7448493242263794,0.0380212627351284,-0.14190673828125,,0.0,0.03879748657345772,0.14190673828125
image_3179.jpg,train,0.036151885986328125,0.054782502353191376,0.34973078966140747,0.00177764892578125,0.6413818597793579,0.04600966349244118,-1.3507843017578125,0.01256707776337862,0.774383544921875,0.05394884571433067,0.5764007568359375
image_3180.jpg,train,0.01659393310546875,0.015227951109409332,0.08482958376407623,0.00327301025390625,0.7402394413948059,0.0023138634860515594,-0.0377655029296875,0.13888001441955566,-0.51116943359375,0.012833107262849808,0.5489349365234375
image_3181.jpg,train,0.0576019287109375,0.04976010322570801,0.3226912021636963,0.0130462646484375,0.7514083385467529,0.04257086291909218,-0.10528564453125,,0.0,0.09088791161775589,0.10528564453125
image_3182.jpg,train,0.05275726318359375,0.05205598846077919,0.3231518864631653,0.004756927490234375,0.7137580513954163,0.11505791544914246,2.642822265625,0.06666667014360428,0.006103515625,0.04474860057234764,-2.64892578125
image_3183.jpg,test,0.05115509033203125,0.037489596754312515,0.26806411147117615,0.017940521240234375,0.7931550741195679,0.24164779484272003,-1.3835906982421875,0.18010753393173218,-1.1447906494140625,0.015691345557570457,2.52838134765625
image_3184.jpg,train,0.035411834716796875,0.031717218458652496,0.22132785618305206,0.009998321533203125,0.7652701735496521,0.026825152337551117,1.0700225830078125,0.0625,0.054931640625,0.04241330176591873,-1.1249542236328125
image_3185.jpg,train,0.03226470947265625,0.025597169995307922,0.17842771112918854,0.008731842041015625,0.7689699530601501,0.031370874494314194,0.36773681640625,,0.0,0.03301285207271576,-0.36773681640625
image_3186.jpg,train,0.040996551513671875,0.040315207093954086,0.27729126811027527,0.00789642333984375,0.7377424836158752,0.09386922419071198,0.4474639892578125,0.00613336730748415,0.074005126953125,0.06839802861213684,-0.5214691162109375
image_3187.jpg,train,0.027042388916015625,0.02902882546186447,0.17861001193523407,0.007282257080078125,0.7738069295883179,0.07595987617969513,0.482177734375,0.11403508484363556,-0.1338958740234375,0.017762526869773865,-0.3482818603515625
image_3188.jpg,val,0.0352630615234375,0.026409585028886795,0.20240852236747742,0.00882720947265625,0.7607614398002625,0.030614741146564484,-1.219940185546875,0.15509580075740814,-0.25177001953125,0.03490292280912399,1.471710205078125
image_3189.jpg,val,0.019786834716796875,0.021576056256890297,0.13733148574829102,0.002132415771484375,0.7242257595062256,0.04608019068837166,1.0898590087890625,0.16364620625972748,-0.1003265380859375,0.015977289527654648,-0.989532470703125
image_3190.jpg,train,0.0206756591796875,0.016703324392437935,0.10017038136720657,0.00600433349609375,0.764224648475647,0.19521166384220123,-0.8144378662109375,0.24109148979187012,-0.4001617431640625,0.00457549374550581,1.214599609375
image_3191.jpg,train,0.05753326416015625,0.038600437343120575,0.27937939763069153,0.0192108154296875,0.7882266640663147,0.014233843423426151,3.2928466796875,0.12230215966701508,0.0392913818359375,0.31395256519317627,-3.3321380615234375
image_3192.jpg,train,0.0907745361328125,0.08728626370429993,0.40817245841026306,0.013744354248046875,0.7158575654029846,0.09645721316337585,1.64947509765625,0.043695319443941116,-0.067901611328125,0.10176161676645279,-1.581573486328125
image_3193.jpg,val,0.027385711669921875,0.01915237307548523,0.13478341698646545,0.007869720458984375,0.7773857712745667,0.02692791074514389,-2.089691162109375,0.9887640476226807,-0.0335693359375,0.028152471408247948,2.123260498046875
image_3194.jpg,train,0.0294647216796875,0.025369392707943916,0.18256421387195587,0.005512237548828125,0.7432828545570374,0.025397377088665962,0.5828857421875,0.2530252933502197,-0.1674652099609375,0.028255583718419075,-0.4154205322265625
image_3195.jpg,train,0.05234527587890625,0.04486460983753204,0.3100285530090332,0.012279510498046875,0.7501464486122131,0.1060771644115448,-2.08282470703125,0.002157853450626135,0.0766754150390625,0.09326256811618805,2.0061492919921875
image_3196.jpg,val,0.004474639892578125,0.006274635903537273,0.017386121675372124,0.001537322998046875,0.7728057503700256,0.004515693988651037,-0.0019073486328125,,0.0,0.004433983936905861,0.0019073486328125
image_3197.jpg,train,0.020832061767578125,0.02858656644821167,0.19554905593395233,0.003337860107421875,0.7202027440071106,0.08811990171670914,-0.7785797119140625,,0.0,0.007787700742483139,0.7785797119140625
image_3198.jpg,test,0.0691986083984375,0.074959397315979,0.3768717050552368,0.010295867919921875,0.7234622836112976,0.16096559166908264,2.07672119140625,,0.0,0.052948493510484695,-2.07672119140625
image_3199.jpg,train,0.01860809326171875,0.019922520965337753,0.13774511218070984,0.003299713134765625,0.7305678129196167,0.011183845810592175,0.260162353515625,,0.0,0.03728940710425377,-0.260162353515625
image_3200.jpg,train,0.0020904541015625,0.00591930840164423,0.018421299755573273,0.00026702880859375,0.6947607398033142,0.00371551513671875,-0.162506103515625,,0.0,0.00046539306640625,0.162506103515625
image_3201.jpg,train,0.01236724853515625,0.020504051819443703,0.10212790220975876,0.00229644775390625,0.734961748123169,,0.5931854248046875,0.2977481186389923,-0.4459381103515625,0.007048821076750755,-0.147247314453125
image_3202.jpg,train,0.00960540771484375,0.01902509480714798,0.08182158321142197,0.00145721435546875,0.71538245677948,,0.1392364501953125,0.20485174655914307,-0.3963470458984375,0.0036248834803700447,0.257110595703125
image_3203.jpg,test,0.001758575439453125,0.005460037384182215,0.02207779884338379,0.00124359130859375,0.8908262848854065,,0.03509521484375,0.8783454895019531,-0.1346588134765625,0.0003820687416009605,0.0995635986328125
image_3204.jpg,val,0.0176849365234375,0.020756002515554428,0.10995965451002121,0.00348663330078125,0.7423644661903381,,0.0957489013671875,0.3007453680038452,-0.4512786865234375,0.007323428988456726,0.35552978515625
image_3205.jpg,train,0.019367218017578125,0.02967703528702259,0.15892651677131653,0.004016876220703125,0.7410306930541992,,0.83160400390625,0.1782636046409607,0.4581451416015625,0.016430512070655823,-1.2897491455078125
image_3206.jpg,train,0.0311431884765625,0.03986601158976555,0.22952613234519958,0.00670623779296875,0.7479059100151062,,1.4019012451171875,0.0482441745698452,1.6002655029296875,0.030942078679800034,-3.002166748046875
image_3207.jpg,val,0.1119384765625,0.05935104563832283,0.33201393485069275,0.039306640625,0.8058948516845703,,0.17547607421875,0.0009786247974261642,11.004257202148438,0.120813749730587,-11.179733276367188
image_3208.jpg,val,0.03101348876953125,0.03580618277192116,0.2388782501220703,0.004123687744140625,0.7179767489433289,,0.16326904296875,0.06980541348457336,2.155303955078125,0.02870929427444935,-2.318572998046875
image_3209.jpg,train,0.039508819580078125,0.03789670020341873,0.2097911834716797,0.012813568115234375,0.7884595394134521,,0.3513336181640625,0.003992362413555384,3.564453125,0.04114164039492607,-3.9157867431640625
image_3210.jpg,test,0.07664108276367188,0.05213753879070282,0.3103172183036804,0.020946502685546875,0.7789377570152283,,0.109100341796875,0.004251765087246895,7.4268341064453125,0.08948888629674911,-7.5359344482421875
image_3211.jpg,train,0.09392166137695312,0.06301767379045486,0.35256755352020264,0.0229644775390625,0.7684517502784729,,0.3505706787109375,0.009525710716843605,8.642196655273438,0.11638893187046051,-8.992767333984375
image_3212.jpg,train,0.046794891357421875,0.044427547603845596,0.28769809007644653,0.0095062255859375,0.7455339431762695,,0.1590728759765625,0.057579781860113144,3.2970428466796875,0.04551255330443382,-3.45611572265625
image_3213.jpg,test,0.00717926025390625,0.018165064975619316,0.09086184203624725,0.001415252685546875,0.719384491443634,,0.1678466796875,0.3232778012752533,0.002288818359375,0.004478249233216047,-0.170135498046875
image_3214.jpg,test,0.01421356201171875,0.01815776526927948,0.0881163626909256,0.002704620361328125,0.7330277562141418,,0.34332275390625,0.27929118275642395,0.272369384765625,0.010334297083318233,-0.615692138671875
image_3215.jpg,train,0.006526947021484375,0.010029303841292858,0.0362265408039093,0.001461029052734375,0.7487430572509766,,0.1007080078125,0.3578500747680664,-0.0270843505859375,0.003661214606836438,-0.0736236572265625
image_3216.jpg,test,0.00974273681640625,0.011452849954366684,0.0399802029132843,0.0043487548828125,0.820184051990509,,0.0865936279296875,0.6896275281906128,-0.4261016845703125,0.0032043505925685167,0.339508056640625
image_3217.jpg,train,0.02448272705078125,0.02454991638660431,0.17038367688655853,0.0041961669921875,0.7322306036949158,,0.02899169921875,0.2878802418708801,0.1163482666015625,0.013506478630006313,-0.1453399658203125
image_3218.jpg,train,0.025882720947265625,0.025352567434310913,0.13809466361999512,0.00875091552734375,0.7916545867919922,,0.1567840576171875,0.030282175168395042,2.397918701171875,0.025858199223876,-2.5547027587890625
image_3219.jpg,val,0.010921478271484375,0.030734635889530182,0.16383671760559082,0.00156402587890625,0.6984722018241882,,0.6153106689453125,0.043572984635829926,0.415802001953125,0.01069118082523346,-1.0311126708984375
image_3220.jpg,train,0.00555419921875,0.010797536931931973,0.03873501718044281,0.001434326171875,0.7536938786506653,,0.1598358154296875,0.17292127013206482,0.2162933349609375,0.004682017955929041,-0.376129150390625
image_3221.jpg,train,0.06975936889648438,0.09256169199943542,0.4052857458591461,0.008197784423828125,0.696404218673706,0.16440099477767944,-0.4146575927734375,,0.0,0.04231845960021019,0.4146575927734375
image_3222.jpg,test,0.0518798828125,0.07925182580947876,0.38594794273376465,0.001678466796875,0.6657796502113342,0.16356155276298523,-1.938629150390625,,0.0,0.020772164687514305,1.938629150390625
image_3223.jpg,train,0.036632537841796875,0.06547918170690536,0.3503055274486542,0.002227783203125,0.6696659922599792,0.174785777926445,-1.3790130615234375,,0.0,0.013346290215849876,1.3790130615234375
image_3224.jpg,train,0.06589508056640625,0.10407529771327972,0.4091232419013977,0.003223419189453125,0.6672002077102661,0.09580338001251221,0.03204345703125,,0.0,0.05033376067876816,-0.03204345703125
image_3225.jpg,train,0.050167083740234375,0.07120868563652039,0.36915159225463867,0.002590179443359375,0.6834173202514648,0.04020359739661217,1.8047332763671875,,0.0,0.05679457634687424,-1.8047332763671875
image_3226.jpg,train,0.053302764892578125,0.08188735693693161,0.38373395800590515,0.002285003662109375,0.6748165488243103,0.08114621788263321,1.8108367919921875,,0.0,0.04559270665049553,-1.8108367919921875
image_3227.jpg,train,0.0481719970703125,0.08152221143245697,0.3887401223182678,0.002819061279296875,0.6636292338371277,0.03904590383172035,0.048828125,,0.0,0.06248285621404648,-0.048828125
image_3228.jpg,train,0.0457611083984375,0.07514509558677673,0.3781118392944336,0.0030975341796875,0.6714285016059875,0.05463859811425209,-0.6317138671875,,0.0,0.037678372114896774,0.6317138671875
image_3229.jpg,train,0.029140472412109375,0.05107404291629791,0.3197440803050995,0.00138092041015625,0.6621075868606567,0.01863107830286026,0.0820159912109375,,0.0,0.062425486743450165,-0.0820159912109375
image_3230.jpg,train,0.048297882080078125,0.0837118923664093,0.3892435133457184,0.001132965087890625,0.6548141241073608,0.041408687829971313,0.9212493896484375,,0.0,0.05445508658885956,-0.9212493896484375
image_3231.jpg,train,0.0450439453125,0.0740833431482315,0.3745522201061249,0.00189971923828125,0.6648041009902954,0.043293893337249756,0.531768798828125,,0.0,0.04652752727270126,-0.531768798828125
image_3232.jpg,val,0.020938873291015625,0.02798522263765335,0.20797720551490784,0.0054779052734375,0.7383715510368347,0.007670037914067507,0.7335662841796875,,0.0,0.12486102432012558,-0.7335662841796875
image_3233.jpg,val,0.036739349365234375,0.062767393887043,0.3541691303253174,0.00078582763671875,0.6564164757728577,0.01772189512848854,0.6694793701171875,,0.0,0.14256379008293152,-0.6694793701171875
image_3234.jpg,train,0.0372467041015625,0.05595926195383072,0.34310880303382874,0.000606536865234375,0.6589888334274292,0.018718115985393524,0.64544677734375,,0.0,0.12311924993991852,-0.64544677734375
image_3235.jpg,train,0.030307769775390625,0.05171351879835129,0.32207706570625305,0.00098419189453125,0.6608574390411377,0.017077339813113213,0.1262664794921875,,0.0,0.10551546514034271,-0.1262664794921875
image_3236.jpg,train,0.039306640625,0.07088203728199005,0.3694938123226166,0.000751495361328125,0.649009644985199,0.02209489233791828,0.638580322265625,,0.0,0.08958863466978073,-0.638580322265625
image_3237.jpg,train,0.043788909912109375,0.05971210077404976,0.34546950459480286,0.00234222412109375,0.682016909122467,0.03118538297712803,1.5712738037109375,,0.0,0.054107118397951126,-1.5712738037109375
image_3238.jpg,train,0.032817840576171875,0.05301345884799957,0.3281744122505188,0.00212860107421875,0.6728872060775757,0.016266195103526115,0.6725311279296875,,0.0,0.09988052397966385,-0.6725311279296875
image_3239.jpg,train,0.02890777587890625,0.04282340407371521,0.29525449872016907,0.00191497802734375,0.6760713458061218,0.017100119963288307,0.077056884765625,,0.0,0.08370451629161835,-0.077056884765625
image_3240.jpg,train,0.039897918701171875,0.06768325716257095,0.35862958431243896,0.001117706298828125,0.6634603142738342,0.02093227207660675,1.3500213623046875,,0.0,0.07226713746786118,-1.3500213623046875
image_3241.jpg,train,0.030811309814453125,0.05620498210191727,0.33719244599342346,0.000873565673828125,0.6481691002845764,0.025493759661912918,0.3414154052734375,,0.0,0.03698695823550224,-0.3414154052734375
image_3242.jpg,train,0.02648162841796875,0.04687284678220749,0.3067064881324768,0.0010223388671875,0.6573225855827332,0.012853316962718964,0.5096435546875,,0.0,0.09392302483320236,-0.5096435546875
image_3243.jpg,train,0.022525787353515625,0.03108641318976879,0.22697581350803375,0.003704071044921875,0.7059911489486694,0.027090802788734436,-0.0072479248046875,,0.0,0.019259462133049965,0.0072479248046875
image_3244.jpg,train,0.059040069580078125,0.08142901957035065,0.3801212012767792,0.005207061767578125,0.6949333548545837,0.06447197496891022,0.8373260498046875,,0.0,0.05552413687109947,-0.8373260498046875
image_3245.jpg,test,0.056468963623046875,0.0696597546339035,0.369833379983902,0.00202178955078125,0.685398280620575,0.06170783191919327,3.9363861083984375,0.1170741617679596,-0.3261566162109375,0.05327863618731499,-3.6102294921875
image_3246.jpg,train,0.02172088623046875,0.03150014951825142,0.22987520694732666,0.001522064208984375,0.6835660934448242,0.019608620554208755,1.03912353515625,,0.0,0.022579018026590347,-1.03912353515625
image_3247.jpg,test,0.02984619140625,0.05112351477146149,0.32068899273872375,0.000762939453125,0.6568286418914795,0.07075928896665573,0.144195556640625,,0.0,0.01957247033715248,-0.144195556640625
image_3248.jpg,test,0.01256561279296875,0.020575912669301033,0.1346430778503418,0.000675201416015625,0.6771414279937744,0.2000710666179657,-0.461578369140625,,0.0,0.004153247456997633,0.461578369140625
image_3249.jpg,train,0.0292816162109375,0.050764381885528564,0.327997088432312,0.000225067138671875,0.6409690976142883,0.09775875508785248,0.785064697265625,,0.0,0.02085172012448311,-0.785064697265625
image_3250.jpg,train,0.04332733154296875,0.07526469975709915,0.3801162540912628,0.000583648681640625,0.6446148157119751,0.07507948577404022,0.513458251953125,,0.0,0.032496366649866104,-0.513458251953125
image_3251.jpg,train,0.056232452392578125,0.09626102447509766,0.4038445055484772,0.001438140869140625,0.6536170840263367,0.08691563457250595,1.1806488037109375,,0.0,0.04569865018129349,-1.1806488037109375
image_3252.jpg,train,0.051837921142578125,0.06469325721263885,0.3476966917514801,0.003002166748046875,0.7000464200973511,0.12490381300449371,0.9731292724609375,,0.0,0.03702548146247864,-0.9731292724609375
image_3253.jpg,test,0.09282684326171875,0.12665925920009613,0.4259711503982544,0.00313568115234375,0.6763228178024292,0.0635807141661644,3.498077392578125,,0.0,0.1172337532043457,-3.498077392578125
image_3254.jpg,train,0.08123397827148438,0.10765565931797028,0.4133293628692627,0.0049591064453125,0.6831843852996826,0.09020325541496277,3.6472320556640625,,0.0,0.0782741904258728,-3.6472320556640625
image_3255.jpg,train,0.050487518310546875,0.09124957025051117,0.3992646634578705,0.000644683837890625,0.6462931632995605,0.03586830943822861,1.1653900146484375,,0.0,0.0677417740225792,-1.1653900146484375
image_3256.jpg,train,0.052127838134765625,0.09035053849220276,0.399029940366745,0.000560760498046875,0.6504037976264954,0.06381697952747345,-0.2864837646484375,,0.0,0.04327864199876785,0.2864837646484375
image_3257.jpg,train,0.0327606201171875,0.049279313534498215,0.2997949719429016,0.0031890869140625,0.6975659132003784,0.19985473155975342,0.33721923828125,,0.0,0.019500143826007843,-0.33721923828125
image_3258.jpg,val,0.051540374755859375,0.07599829137325287,0.3794759511947632,0.00566864013671875,0.6836949586868286,0.04619842395186424,-0.5512237548828125,,0.0,0.06016334891319275,0.5512237548828125
image_3259.jpg,train,0.036266326904296875,0.05819988623261452,0.34076282382011414,0.00122833251953125,0.6701306104660034,0.013639676384627819,1.8276214599609375,,0.0,0.08008648455142975,-1.8276214599609375
image_3260.jpg,val,0.0491943359375,0.06992460042238235,0.36362186074256897,0.005168914794921875,0.6904473900794983,0.018035659566521645,2.178955078125,,0.0,0.14772240817546844,-2.178955078125
image_3261.jpg,train,0.034297943115234375,0.05211952328681946,0.31547629833221436,0.001003265380859375,0.6738640069961548,0.015457921661436558,0.7938385009765625,,0.0,0.14329347014427185,-0.7938385009765625
image_3262.jpg,train,0.007938385009765625,0.010636046528816223,0.0417197048664093,0.00130462646484375,0.7169831991195679,0.003015246707946062,0.2132415771484375,,0.0,0.1352459043264389,-0.2132415771484375
image_3263.jpg,train,0.029468536376953125,0.05156628042459488,0.30203673243522644,0.00263214111328125,0.6894564032554626,0.1588987559080124,-0.5229949951171875,,0.0,0.01360471360385418,0.5229949951171875
image_3264.jpg,train,0.01869964599609375,0.02629920095205307,0.17291128635406494,0.000865936279296875,0.6878626346588135,0.06368967145681381,0.3204345703125,,0.0,0.012468785047531128,-0.3204345703125
image_3265.jpg,train,0.009990692138671875,0.009694783017039299,0.02851390279829502,0.002071380615234375,0.7540122866630554,0.3143100440502167,0.4360198974609375,,0.0,0.007240296341478825,-0.4360198974609375
image_3266.jpg,train,0.036895751953125,0.060360562056303024,0.3482899069786072,0.002239227294921875,0.6719979643821716,0.017011083662509918,1.224517822265625,,0.0,0.08919940888881683,-1.224517822265625
image_3267.jpg,train,0.010173797607421875,0.017548706382513046,0.11473672091960907,0.0007171630859375,0.6724435687065125,0.005266827531158924,0.0492095947265625,,0.0,0.06593717634677887,-0.0492095947265625
image_3268.jpg,train,0.026233673095703125,0.051946066319942474,0.31902021169662476,0.00048065185546875,0.6424646973609924,0.020145175978541374,0.4657745361328125,,0.0,0.03325312212109566,-0.4657745361328125
image_3269.jpg,train,0.039623260498046875,0.058491189032793045,0.3453351557254791,0.003704071044921875,0.678817629814148,0.022419730201363564,0.7137298583984375,,0.0,0.0848633348941803,-0.7137298583984375
image_3270.jpg,train,0.026172637939453125,0.050584644079208374,0.31574779748916626,0.000270843505859375,0.6462656259536743,0.014849512837827206,0.3704071044921875,,0.0,0.061359114944934845,-0.3704071044921875
image_3271.jpg,val,0.0303192138671875,0.0480336993932724,0.3114699423313141,0.00208282470703125,0.6761476993560791,0.01905314438045025,0.150299072265625,,0.0,0.06526467204093933,-0.150299072265625
image_3272.jpg,train,0.03212738037109375,0.05883809179067612,0.34387436509132385,0.000827789306640625,0.6536481380462646,0.024834169074892998,-0.177764892578125,,0.0,0.047814223915338516,0.177764892578125
image_3273.jpg,train,0.035823822021484375,0.05678433179855347,0.3360940217971802,0.0018768310546875,0.6738753318786621,0.022843893617391586,0.3726959228515625,,0.0,0.06647773087024689,-0.3726959228515625
image_3274.jpg,train,0.0169219970703125,0.034298449754714966,0.24251237511634827,0.000244140625,0.642874002456665,0.013118986040353775,0.17242431640625,,0.0,0.022157149389386177,-0.17242431640625
image_3275.jpg,train,0.01827239990234375,0.029676159843802452,0.21518993377685547,0.00081634521484375,0.6700953245162964,0.004173943307250738,1.172637939453125,,0.0,0.06949083507061005,-1.172637939453125
image_3276.jpg,test,0.020626068115234375,0.0348765067756176,0.24627435207366943,0.00106048583984375,0.6706342697143555,0.035465363413095474,-0.2201080322265625,,0.0,0.013584204949438572,0.2201080322265625
image_3277.jpg,train,0.02976226806640625,0.05071006715297699,0.33319708704948425,0.000545501708984375,0.6332958936691284,0.014092966914176941,1.24053955078125,0.034651149064302444,-0.6923675537109375,0.04834660515189171,-0.5481719970703125
image_3278.jpg,train,0.022266387939453125,0.04263300448656082,0.2940938472747803,0.000553131103515625,0.6412575840950012,0.027948886156082153,0.2742767333984375,,0.0,0.01921634003520012,-0.2742767333984375
image_3279.jpg,train,0.0296173095703125,0.051269032061100006,0.32767820358276367,0.001445770263671875,0.6577776074409485,0.039840441197156906,-0.147247314453125,0.0,0.0003814697265625,0.02307846210896969,0.1468658447265625
image_3280.jpg,test,0.01970672607421875,0.034990597516298294,0.25921866297721863,0.000469207763671875,0.6511750817298889,0.009013417176902294,0.565338134765625,,0.0,0.057526566088199615,-0.565338134765625
image_3281.jpg,train,0.0181732177734375,0.028839565813541412,0.2161872684955597,0.00128173828125,0.6734926104545593,0.008106663823127747,0.485992431640625,,0.0,0.06438610702753067,-0.485992431640625
image_3282.jpg,val,0.02655029296875,0.03254783898591995,0.24785402417182922,0.003551483154296875,0.7069889903068542,0.005715628154575825,1.763153076171875,0.06185567006468773,-0.0026702880859375,0.10035070776939392,-1.7604827880859375
image_3283.jpg,train,0.03446197509765625,0.051239967346191406,0.31835833191871643,0.00109100341796875,0.6704695224761963,0.09438551962375641,-2.1484375,,0.0,0.009221911430358887,2.1484375
image_3284.jpg,train,0.02471923828125,0.04129140079021454,0.2845430374145508,0.00194549560546875,0.6722869873046875,0.03868839517235756,-1.16119384765625,,0.0,0.012354557402431965,1.16119384765625
image_3285.jpg,train,0.029205322265625,0.053247109055519104,0.33299779891967773,0.0005645751953125,0.6460097432136536,0.044323790818452835,-0.997161865234375,,0.0,0.017232658341526985,0.997161865234375
image_3286.jpg,train,0.029170989990234375,0.04997804015874863,0.32400766015052795,0.0004425048828125,0.6458026170730591,0.02720067650079727,0.1651763916015625,,0.0,0.0311879999935627,-0.1651763916015625
image_3287.jpg,train,0.0281829833984375,0.04621586203575134,0.30655449628829956,0.00127410888671875,0.6618835926055908,0.08992061018943787,-0.759124755859375,,0.0,0.01285250298678875,0.759124755859375
image_3288.jpg,train,0.022563934326171875,0.03507780656218529,0.2583458125591278,0.00140380859375,0.6728464961051941,0.0632585659623146,-0.2567291259765625,,0.0,0.012476674281060696,0.2567291259765625
image_3289.jpg,val,0.016513824462890625,0.03245861828327179,0.22894471883773804,0.00052642822265625,0.6492553353309631,0.06302236020565033,-0.6900787353515625,,0.0,0.0059031047858297825,0.6900787353515625
image_3290.jpg,train,0.034130096435546875,0.0522470623254776,0.33536800742149353,0.00106048583984375,0.6593771576881409,0.02771151065826416,0.9670257568359375,,0.0,0.0392005555331707,-0.9670257568359375
image_3291.jpg,val,0.028362274169921875,0.03831730782985687,0.27338907122612,0.005443572998046875,0.7140198945999146,0.035827185958623886,0.6053924560546875,,0.0,0.024987537413835526,-0.6053924560546875
image_3292.jpg,train,0.015567779541015625,0.0317399725317955,0.2250613421201706,0.000640869140625,0.6475287675857544,0.0940203070640564,0.0308990478515625,,0.0,0.008639443665742874,-0.0308990478515625
image_3293.jpg,train,0.046581268310546875,0.06894952803850174,0.38881373405456543,0.00153350830078125,0.6397789716720581,0.10221612453460693,-0.0980377197265625,0.009397607296705246,1.2420654296875,0.2963355481624603,-1.1440277099609375
image_3294.jpg,train,0.033199310302734375,0.03702482581138611,0.26949894428253174,0.009063720703125,0.7489519715309143,0.018780754879117012,0.3177642822265625,,0.0,0.09061021357774734,-0.3177642822265625
image_3295.jpg,train,0.040363311767578125,0.04548950493335724,0.30963826179504395,0.008533477783203125,0.7339337468147278,0.029940925538539886,-0.0354766845703125,,0.0,0.06250819563865662,0.0354766845703125
image_3296.jpg,train,0.025630950927734375,0.03510870039463043,0.25975826382637024,0.0030975341796875,0.6968046426773071,0.01215321570634842,0.6526947021484375,,0.0,0.07512297481298447,-0.6526947021484375
image_3297.jpg,train,0.04018402099609375,0.03580954670906067,0.26542288064956665,0.009937286376953125,0.7526209950447083,0.008011986501514912,2.7374267578125,,0.0,0.16840043663978577,-2.7374267578125
image_3298.jpg,train,0.03551483154296875,0.04554133862257004,0.3153125047683716,0.0037078857421875,0.6898148059844971,0.024480408057570457,0.18157958984375,,0.0,0.05987957864999771,-0.18157958984375
image_3299.jpg,train,0.028240203857421875,0.041087523102760315,0.2862091362476349,0.001789093017578125,0.6813822388648987,0.014668101444840431,0.7549285888671875,,0.0,0.060722559690475464,-0.7549285888671875
image_3300.jpg,train,0.0379180908203125,0.05139894783496857,0.32452529668807983,0.004207611083984375,0.6984341144561768,0.030488232150673866,-0.189208984375,,0.0,0.051892392337322235,0.189208984375
image_3301.jpg,train,0.037372589111328125,0.051274050027132034,0.32867780327796936,0.0030517578125,0.687539279460907,0.02609659917652607,0.3978729248046875,,0.0,0.057402484118938446,-0.3978729248046875
image_3302.jpg,train,0.0258331298828125,0.024751709774136543,0.18938955664634705,0.004497528076171875,0.7299563884735107,0.0062025547958910465,1.5167236328125,,0.0,0.14621935784816742,-1.5167236328125
image_3303.jpg,train,0.03330230712890625,0.036674514412879944,0.26487115025520325,0.00640869140625,0.7282249927520752,0.01645578444004059,0.646209716796875,,0.0,0.10777725279331207,-0.646209716796875
image_3304.jpg,train,0.0228118896484375,0.026944460347294807,0.2107306867837906,0.00341033935546875,0.7113189697265625,0.009503032080829144,0.71258544921875,,0.0,0.08569182455539703,-0.71258544921875
image_3305.jpg,train,0.02825927734375,0.046228934079408646,0.3069459795951843,0.001827239990234375,0.6718109250068665,0.01798705942928791,0.43792724609375,,0.0,0.048541925847530365,-0.43792724609375
image_3306.jpg,train,0.034633636474609375,0.04472202807664871,0.3053627610206604,0.006771087646484375,0.7171222567558289,0.027343833819031715,-0.3932952880859375,,0.0,0.05207308754324913,0.3932952880859375
image_3307.jpg,train,0.027923583984375,0.039931073784828186,0.2837030291557312,0.002346038818359375,0.6798551082611084,0.018788745626807213,0.0152587890625,,0.0,0.05379251763224602,-0.0152587890625
image_3308.jpg,train,0.050594329833984375,0.07485167682170868,0.3975740373134613,0.001979827880859375,0.6491900086402893,0.035589829087257385,-0.7167816162109375,0.07594102621078491,-0.446319580078125,0.07311534136533737,1.1631011962890625
image_3309.jpg,train,0.008525848388671875,0.011586550623178482,0.050398025661706924,0.000705718994140625,0.6924828886985779,0.002930494025349617,0.2948760986328125,,0.0,0.11844384670257568,-0.2948760986328125
image_3310.jpg,train,0.007244110107421875,0.009391004219651222,0.028804510831832886,0.0005035400390625,0.6866914629936218,0.0027041900902986526,0.2033233642578125,,0.0,0.12702392041683197,-0.2033233642578125
image_3311.jpg,train,0.008998870849609375,0.012595826759934425,0.05813088268041611,0.000713348388671875,0.6888015270233154,0.0020324375946074724,0.5184173583984375,,0.0,0.1152225136756897,-0.5184173583984375
image_3312.jpg,train,0.0104217529296875,0.011945164762437344,0.05232978239655495,0.001438140869140625,0.7180529236793518,0.0025414503179490566,0.56304931640625,,0.0,0.1398843228816986,-0.56304931640625
image_3313.jpg,train,0.00360870361328125,0.003722670255228877,0.001063607633113861,0.000835418701171875,0.7424327731132507,0.0018282245146110654,0.00152587890625,,0.0,0.10515829175710678,-0.00152587890625
image_3314.jpg,test,0.06985855102539062,0.07436969131231308,0.37978118658065796,0.013580322265625,0.7302735447883606,0.18105477094650269,-0.542449951171875,0.13436777889728546,-0.720977783203125,0.03793942928314209,1.263427734375
image_3315.jpg,test,0.026885986328125,0.03628237545490265,0.2570369243621826,0.003475189208984375,0.7033321261405945,0.4474104642868042,-0.2552032470703125,0.18473108112812042,-1.1379241943359375,0.007088258862495422,1.39312744140625
image_3316.jpg,train,0.05633544921875,0.056646913290023804,0.3407304584980011,0.009990692138671875,0.7334856390953064,0.31030431389808655,-0.1773834228515625,0.19005954265594482,-1.0013580322265625,0.025678986683487892,1.178741455078125
image_3317.jpg,train,0.030910491943359375,0.03808964043855667,0.2682787775993347,0.00644683837890625,0.726164698600769,0.3387109935283661,-0.6732940673828125,0.15203073620796204,-0.2506256103515625,0.011699088849127293,0.923919677734375
image_3318.jpg,train,0.06742095947265625,0.08856193721294403,0.4002595841884613,0.00670623779296875,0.6911489963531494,0.13101479411125183,0.18768310546875,0.11595451831817627,-0.6702423095703125,0.04366833344101906,0.4825592041015625
image_3319.jpg,val,0.054355621337890625,0.08224588632583618,0.3900924026966095,0.0039825439453125,0.6794095635414124,0.06880773603916168,0.6053924560546875,,0.0,0.0465397872030735,-0.6053924560546875
image_3320.jpg,train,0.02660369873046875,0.04063694179058075,0.2906627357006073,0.0008087158203125,0.6638122200965881,0.012864921241998672,0.68817138671875,,0.0,0.0717039704322815,-0.68817138671875
image_3321.jpg,train,0.045074462890625,0.058134377002716064,0.3464690148830414,0.003437042236328125,0.6904327869415283,0.026792701333761215,1.8951416015625,,0.0,0.0624646432697773,-1.8951416015625
image_3322.jpg,train,0.02802276611328125,0.04269707575440407,0.2935006320476532,0.00267791748046875,0.6831258535385132,0.016047216951847076,0.366973876953125,,0.0,0.065695621073246,-0.366973876953125
image_3323.jpg,train,0.01752471923828125,0.026098109781742096,0.1955234706401825,0.00103759765625,0.6764592528343201,0.008468624204397202,0.3265380859375,,0.0,0.06574661284685135,-0.3265380859375
image_3324.jpg,train,0.016086578369140625,0.02197660505771637,0.15702977776527405,0.00215911865234375,0.7036452293395996,0.007557981181889772,0.2964019775390625,,0.0,0.0722302570939064,-0.2964019775390625
image_3325.jpg,train,0.024204254150390625,0.02918136678636074,0.2201126217842102,0.00263214111328125,0.7024685144424438,0.013766519725322723,0.1506805419921875,,0.0,0.07319722324609756,-0.1506805419921875
image_3326.jpg,train,0.041767120361328125,0.05576735734939575,0.3368620276451111,0.00514984130859375,0.7022226452827454,0.030320171266794205,0.2506256103515625,,0.0,0.06278808414936066,-0.2506256103515625
image_3327.jpg,train,0.043933868408203125,0.05945729836821556,0.3462478518486023,0.00502777099609375,0.6991512179374695,0.03163265436887741,1.381683349609375,0.0,0.0080108642578125,0.05506039783358574,-1.3896942138671875
image_3328.jpg,val,0.039459228515625,0.06163260340690613,0.35378846526145935,0.00168609619140625,0.6680934429168701,0.03483098745346069,0.148773193359375,,0.0,0.04500478133559227,-0.148773193359375
image_3329.jpg,train,0.05013275146484375,0.07673756778240204,0.3825623095035553,0.001369476318359375,0.6616227626800537,0.0358305424451828,2.64434814453125,0.0,0.000762939453125,0.057197559624910355,-2.645111083984375
image_3330.jpg,train,0.04564666748046875,0.07126356661319733,0.3775739371776581,0.0029144287109375,0.6666725873947144,0.0399833619594574,0.238037109375,0.0,0.006866455078125,0.052339695394039154,-0.244903564453125
image_3331.jpg,val,0.050140380859375,0.07632802426815033,0.3810473084449768,0.00238800048828125,0.6680804491043091,0.05213575065135956,0.437164306640625,,0.0,0.04857933521270752,-0.437164306640625
image_3332.jpg,train,0.035114288330078125,0.052724335342645645,0.3320695459842682,0.001735687255859375,0.6704697012901306,0.020725131034851074,0.6435394287109375,,0.0,0.06742602586746216,-0.6435394287109375
image_3333.jpg,train,0.025325775146484375,0.03491707146167755,0.2569735050201416,0.001636505126953125,0.6847444772720337,0.01425130758434534,0.2979278564453125,,0.0,0.06552571058273315,-0.2979278564453125
image_3334.jpg,train,0.01845550537109375,0.025172196328639984,0.1889462172985077,0.001338958740234375,0.6837505102157593,0.01098743174225092,-0.079345703125,,0.0,0.07119134068489075,0.079345703125
image_3335.jpg,train,0.020160675048828125,0.030412856489419937,0.22659650444984436,0.001041412353515625,0.6743860244750977,0.011616192758083344,0.1422882080078125,,0.0,0.05578231438994408,-0.1422882080078125
image_3336.jpg,train,0.045536041259765625,0.07169649004936218,0.3712928295135498,0.001476287841796875,0.6677025556564331,0.11299090087413788,1.4453887939453125,,0.0,0.034778494387865067,-1.4453887939453125
image_3337.jpg,train,0.0238189697265625,0.03266891464591026,0.24270889163017273,0.00220489501953125,0.692784309387207,0.014641580171883106,-0.029754638671875,,0.0,0.06665657460689545,0.029754638671875
image_3338.jpg,val,0.035308837890625,0.053601548075675964,0.3305443525314331,0.00116729736328125,0.6658878326416016,0.03475454822182655,-0.75836181640625,,0.0,0.036202069371938705,0.75836181640625
image_3339.jpg,train,0.02291107177734375,0.026359615847468376,0.19699059426784515,0.004150390625,0.721768856048584,0.006907005328685045,1.0986328125,,0.0,0.12392614036798477,-1.0986328125
image_3340.jpg,train,0.029453277587890625,0.04906856641173363,0.31669875979423523,0.000682830810546875,0.6606576442718506,0.018631476908922195,0.1209259033203125,,0.0,0.06334321200847626,-0.1209259033203125
image_3341.jpg,train,0.016510009765625,0.017732366919517517,0.11291314661502838,0.003192901611328125,0.7412797808647156,0.004974709823727608,0.74005126953125,0.15625,-0.00152587890625,0.14159652590751648,-0.738525390625
image_3342.jpg,train,0.046482086181640625,0.07194828242063522,0.3740944266319275,0.00284576416015625,0.6715600490570068,0.04650142043828964,-0.5245208740234375,,0.0,0.04645785689353943,0.5245208740234375
image_3343.jpg,train,0.027313232421875,0.04250115901231766,0.29304611682891846,0.001773834228515625,0.6703327298164368,0.01894776150584221,-0.28533935546875,,0.0,0.059964463114738464,0.28533935546875
image_3344.jpg,train,0.012248992919921875,0.019397413358092308,0.13342799246311188,0.00064849853515625,0.6720561385154724,0.0062063029035925865,0.095367431640625,0.05030181258916855,-0.006103515625,0.07267466932535172,-0.089263916015625
image_3345.jpg,val,0.015232086181640625,0.022913873195648193,0.16454802453517914,0.001056671142578125,0.6793322563171387,0.009020170196890831,-0.0209808349609375,,0.0,0.05214788764715195,0.0209808349609375
image_3346.jpg,train,0.010334014892578125,0.015574143268167973,0.08775106817483902,0.00093841552734375,0.683495819568634,0.0042694867588579655,0.2849578857421875,,0.0,0.05337616428732872,-0.2849578857421875
image_3347.jpg,train,0.005084991455078125,0.006627061404287815,0.011885708197951317,0.000766754150390625,0.7119313478469849,0.002105501014739275,0.1102447509765625,,0.0,0.05702432990074158,-0.1102447509765625
image_3348.jpg,test,0.0585479736328125,0.08570209890604019,0.3996395468711853,0.002338409423828125,0.6673335433006287,0.08562959730625153,-1.28631591796875,,0.0,0.039179250597953796,1.28631591796875
image_3349.jpg,train,0.0545501708984375,0.051840804517269135,0.3223356008529663,0.007022857666015625,0.7326387166976929,0.2264414280653,2.98004150390625,,0.0,0.04461338743567467,-2.98004150390625
image_3350.jpg,train,0.07693099975585938,0.07986240833997726,0.38532090187072754,0.009380340576171875,0.7161474227905273,0.14991222321987152,5.6735992431640625,,0.0,0.07166025042533875,-5.6735992431640625
image_3351.jpg,train,0.03136444091796875,0.05267846956849098,0.3301786780357361,0.001087188720703125,0.6570537090301514,0.02228768728673458,0.146484375,,0.0,0.04985690489411354,-0.146484375
image_3352.jpg,train,0.02304840087890625,0.03160988539457321,0.23997747898101807,0.003265380859375,0.6996408104896545,0.01498475018888712,-0.330352783203125,,0.0,0.08178744465112686,0.330352783203125
image_3353.jpg,train,0.01595306396484375,0.024356404319405556,0.18033385276794434,0.000762939453125,0.6681519150733948,0.00880129262804985,0.07476806640625,,0.0,0.06131652742624283,-0.07476806640625
image_3354.jpg,val,0.01729583740234375,0.01924252137541771,0.13327129185199738,0.0032501220703125,0.7274632453918457,0.008304028771817684,0.234222412109375,,0.0,0.09856782108545303,-0.234222412109375
image_3355.jpg,test,0.02220916748046875,0.031539469957351685,0.2308129370212555,0.002468109130859375,0.6933034062385559,0.01842992566525936,-0.629425048828125,0.0181818176060915,0.0034332275390625,0.035070039331912994,0.6259918212890625
image_3356.jpg,train,0.037250518798828125,0.05259660258889198,0.33650678396224976,0.001201629638671875,0.6663515567779541,0.03076762706041336,-0.7762908935546875,,0.0,0.05491304770112038,0.7762908935546875
image_3357.jpg,train,0.011722564697265625,0.015255561098456383,0.08621656894683838,0.001598358154296875,0.7054691910743713,0.0038984380662441254,0.4673004150390625,,0.0,0.08552893251180649,-0.4673004150390625
image_3358.jpg,val,0.013294219970703125,0.01907813362777233,0.12986032664775848,0.001010894775390625,0.6778553128242493,0.004274573177099228,0.5733489990234375,,0.0,0.08228850364685059,-0.5733489990234375
image_3359.jpg,train,0.00629425048828125,0.007845203392207623,0.015688424929976463,0.0007171630859375,0.7019129395484924,0.0026164103765040636,0.12969970703125,,0.0,0.08431489020586014,-0.12969970703125
image_3360.jpg,test,0.009906768798828125,0.011365827172994614,0.046598874032497406,0.001495361328125,0.7193626761436462,0.004720935598015785,0.1056671142578125,,0.0,0.08746196329593658,-0.1056671142578125
image_3361.jpg,test,0.029888153076171875,0.044567883014678955,0.3000848889350891,0.002071380615234375,0.6787258982658386,0.024476680904626846,-0.3414154052734375,,0.0,0.041402678936719894,0.3414154052734375
image_3362.jpg,test,0.03394317626953125,0.05227828025817871,0.32544195652008057,0.002239227294921875,0.6732136011123657,0.01971772126853466,0.728607177734375,,0.0,0.06361912935972214,-0.728607177734375
image_3363.jpg,train,0.0782928466796875,0.09866917133331299,0.4075637459754944,0.004489898681640625,0.6857947111129761,0.1033528670668602,4.438018798828125,,0.0,0.07337452471256256,-4.438018798828125
image_3364.jpg,train,0.048160552978515625,0.07483841478824615,0.3770711421966553,0.00116729736328125,0.6613374948501587,0.05468153581023216,1.7002105712890625,,0.0,0.04556244984269142,-1.7002105712890625
image_3365.jpg,train,0.017940521240234375,0.017877399921417236,0.11949671804904938,0.00505828857421875,0.7520202398300171,0.008361409418284893,0.2887725830078125,,0.0,0.10428205877542496,-0.2887725830078125
image_3366.jpg,test,0.006938934326171875,0.008899116888642311,0.026372026652097702,0.000949859619140625,0.7124293446540833,0.0019986755214631557,0.3162384033203125,,0.0,0.0914364606142044,-0.3162384033203125
image_3367.jpg,train,0.026309967041015625,0.03385543450713158,0.25241705775260925,0.00231170654296875,0.6929787397384644,0.010106497444212437,0.9845733642578125,,0.0,0.09747418761253357,-0.9845733642578125
image_3368.jpg,val,0.0276031494140625,0.03738415613770485,0.269118070602417,0.0019683837890625,0.6832102537155151,0.010508136823773384,1.168060302734375,,0.0,0.08104067295789719,-1.168060302734375
image_3369.jpg,test,0.02606201171875,0.032080866396427155,0.23884998261928558,0.003498077392578125,0.7101305723190308,0.012056661769747734,0.72174072265625,,0.0,0.07615489512681961,-0.72174072265625
image_3370.jpg,train,0.013622283935546875,0.020420221611857414,0.14035309851169586,0.0008697509765625,0.6794951558113098,0.005000552162528038,0.4642486572265625,,0.0,0.08942846208810806,-0.4642486572265625
image_3371.jpg,train,0.0285797119140625,0.046091996133327484,0.3037794828414917,0.001964569091796875,0.6748740673065186,0.023570697754621506,-0.360107421875,,0.0,0.039354272186756134,0.360107421875
image_3372.jpg,train,0.06598663330078125,0.0962887778878212,0.4068889319896698,0.004413604736328125,0.6747287511825562,0.09414798021316528,1.973724365234375,,0.0,0.056817490607500076,-1.973724365234375
image_3373.jpg,train,0.0472869873046875,0.07138296961784363,0.3737027645111084,0.001949310302734375,0.6691375970840454,0.0432477705180645,0.78887939453125,,0.0,0.050665900111198425,-0.78887939453125
image_3374.jpg,train,0.0147857666015625,0.02190243825316429,0.15933510661125183,0.001125335693359375,0.6786182522773743,0.005997549742460251,0.440216064453125,0.0,0.002288818359375,0.07145901769399643,-0.4425048828125
image_3375.jpg,train,0.041332244873046875,0.0569206178188324,0.3429296016693115,0.001857757568359375,0.6772686839103699,0.038266927003860474,-0.8289337158203125,,0.0,0.04698416218161583,0.8289337158203125
image_3376.jpg,train,0.03812408447265625,0.053588323295116425,0.3392150402069092,0.00213623046875,0.6767483353614807,0.029240716248750687,0.1068115234375,,0.0,0.05348813161253929,-0.1068115234375
image_3377.jpg,train,0.016269683837890625,0.01923636719584465,0.12935781478881836,0.002716064453125,0.7203649282455444,0.0043220664374530315,0.8533477783203125,,0.0,0.11807220429182053,-0.8533477783203125
image_3378.jpg,train,0.012012481689453125,0.017569512128829956,0.11153894662857056,0.00095367431640625,0.6860483288764954,0.0062516825273633,0.0850677490234375,,0.0,0.05994240567088127,-0.0850677490234375
image_3379.jpg,train,0.031169891357421875,0.036710597574710846,0.26925143599510193,0.004901885986328125,0.7151756286621094,0.02608114667236805,0.05035400390625,0.040101308375597,-0.0095367431640625,0.0380595438182354,-0.0408172607421875
image_3380.jpg,train,0.001293182373046875,0.0011977592948824167,1.9073486328125e-05,0.000461578369140625,0.7863017916679382,0.00028416619170457125,0.0728607177734375,,0.0,0.15291401743888855,-0.0728607177734375
image_3381.jpg,train,0.0013580322265625,0.0011149859055876732,8.225440979003906e-06,0.000347137451171875,0.7555793523788452,0.0011943498393520713,-0.103759765625,0.1304347813129425,-0.000762939453125,0.04377880319952965,0.104522705078125
image_3382.jpg,train,0.00139617919921875,0.0009898401331156492,6.4373016357421875e-06,0.00043487548828125,0.7701765298843384,0.0005214044358581305,0.035858154296875,,0.0,0.17557251453399658,-0.035858154296875
image_3383.jpg,train,0.00634765625,0.004785140044987202,0.0031197071075439453,0.0032196044921875,0.8269066214561462,0.001789695117622614,0.286865234375,,0.0,0.16430902481079102,-0.286865234375
image_3384.jpg,train,0.00749969482421875,0.009100057184696198,0.024720633402466774,0.0007171630859375,0.6954325437545776,0.00275423564016819,0.1712799072265625,0.060979101806879044,-0.2094268798828125,0.09394332021474838,0.03814697265625
image_3385.jpg,train,0.007755279541015625,0.009687952697277069,0.029602138325572014,0.001064300537109375,0.712439775466919,0.0010602957336232066,0.5466461181640625,0.3958333432674408,-0.028228759765625,0.12085136771202087,-0.5184173583984375
image_3386.jpg,train,1.1444091796875e-05,0.0007155031198635697,0.0012078694999217987,0.0,0.6005105972290039,1.0,0.0003814697265625,,0.0,7.629423635080457e-06,-0.0003814697265625
image_3387.jpg,train,0.0331573486328125,0.0384858213365078,0.2747461199760437,0.0065765380859375,0.725874662399292,0.07074078917503357,-1.7177581787109375,0.11522094905376434,-0.0640869140625,0.01140083558857441,1.7818450927734375
image_3388.jpg,train,0.04328155517578125,0.05667538940906525,0.33873552083969116,0.008541107177734375,0.7199836373329163,0.11093168705701828,-1.01776123046875,,0.0,0.021806322038173676,1.01776123046875
image_3389.jpg,train,0.01078033447265625,0.018529003486037254,0.11956117302179337,0.000949859619140625,0.6776378154754639,0.07206358015537262,-0.146484375,,0.0,0.005090214777737856,0.146484375
image_3390.jpg,test,0.026782989501953125,0.02674398571252823,0.1921207159757614,0.005779266357421875,0.7465947866439819,0.2039194405078888,-1.6086578369140625,,0.0,0.005976409651339054,1.6086578369140625
image_3391.jpg,test,0.037273406982421875,0.050706006586551666,0.31994834542274475,0.0028076171875,0.6839025616645813,0.12435244023799896,-0.7411956787109375,,0.0,0.01820092648267746,0.7411956787109375
image_3392.jpg,train,0.010654449462890625,0.013456023298203945,0.06663117557764053,0.0019683837890625,0.7273164987564087,0.24655647575855255,-0.0270843505859375,,0.0,0.0053094374015927315,0.0270843505859375
image_3393.jpg,train,0.0135345458984375,0.018795020878314972,0.11772427707910538,0.001216888427734375,0.6861000061035156,0.0044593592174351215,0.527191162109375,,0.0,0.12782618403434753,-0.527191162109375
image_3394.jpg,val,0.004558563232421875,0.00582211883738637,0.008649809285998344,0.00075531005859375,0.7226386070251465,0.0018933170940726995,0.0865936279296875,,0.0,0.10925015062093735,-0.0865936279296875
image_3395.jpg,train,0.039394378662109375,0.06346588581800461,0.34746021032333374,0.005481719970703125,0.7013481855392456,0.09563017636537552,-1.8291473388671875,,0.0,0.015108232386410236,1.8291473388671875
image_3396.jpg,test,0.040802001953125,0.058101899921894073,0.3376263678073883,0.00333404541015625,0.6849067807197571,0.11960869282484055,-1.60064697265625,,0.0,0.016258861869573593,1.60064697265625
image_3397.jpg,train,0.0436859130859375,0.06341135501861572,0.36059048771858215,0.00336456298828125,0.6809917092323303,0.051872480660676956,-0.861358642578125,,0.0,0.035363443195819855,0.861358642578125
image_3398.jpg,train,0.040218353271484375,0.055194705724716187,0.33925628662109375,0.004016876220703125,0.6903783679008484,0.03618195280432701,-0.0003814697265625,,0.0,0.04526950418949127,0.0003814697265625
image_3399.jpg,train,0.05416107177734375,0.060307104140520096,0.35398516058921814,0.007907867431640625,0.7182883620262146,0.06195172294974327,-1.4373779296875,,0.0,0.04451785981655121,1.4373779296875
image_3400.jpg,train,0.0331878662109375,0.04918284714221954,0.3181556761264801,0.006053924560546875,0.7018126845359802,0.025511329993605614,0.498199462890625,,0.0,0.04267751798033714,-0.498199462890625
image_3401.jpg,train,0.06373214721679688,0.09655871242284775,0.40655434131622314,0.0016326904296875,0.6650522947311401,0.07331202179193497,1.2462615966796875,,0.0,0.05858130753040314,-1.2462615966796875
image_3402.jpg,train,0.023685455322265625,0.03645255044102669,0.2620639503002167,0.00079345703125,0.6674907207489014,0.008781079202890396,0.8335113525390625,,0.0,0.12712404131889343,-0.8335113525390625
image_3403.jpg,train,0.0256805419921875,0.049827925860881805,0.31381067633628845,0.000579833984375,0.6469855308532715,0.012317467480897903,0.618743896484375,,0.0,0.07634104043245316,-0.618743896484375
image_3404.jpg,val,0.027828216552734375,0.044193901121616364,0.2903035581111908,0.001995086669921875,0.6778731942176819,0.018000468611717224,-0.1499176025390625,,0.0,0.07101699709892273,0.1499176025390625
image_3405.jpg,train,0.05474090576171875,0.09570208936929703,0.4012136459350586,0.000896453857421875,0.6517133712768555,0.03654584661126137,0.733184814453125,,0.0,0.08832821249961853,-0.733184814453125
image_3406.jpg,train,0.038860321044921875,0.06624121218919754,0.3640393614768982,0.001811981201171875,0.6595419049263,0.024240044876933098,0.0240325927734375,,0.0,0.09612499177455902,-0.0240325927734375
image_3407.jpg,train,0.033008575439453125,0.05337436497211456,0.3311252295970917,0.000675201416015625,0.6582392454147339,0.018369432538747787,0.6809234619140625,,0.0,0.06939882785081863,-0.6809234619140625
image_3408.jpg,train,0.017398834228515625,0.03175416216254234,0.23173752427101135,0.000370025634765625,0.6527536511421204,0.008916406892240047,0.1621246337890625,,0.0,0.0825168788433075,-0.1621246337890625
image_3409.jpg,train,0.022914886474609375,0.03916369751095772,0.2765536904335022,0.00046539306640625,0.6548708081245422,0.012718979269266129,0.1705169677734375,,0.0,0.0740596204996109,-0.1705169677734375
image_3410.jpg,train,0.01883697509765625,0.028268644586205482,0.20701569318771362,0.00104522705078125,0.6801113486289978,0.009570233523845673,0.128173828125,,0.0,0.12145917117595673,-0.128173828125
image_3411.jpg,train,0.023479461669921875,0.044747091829776764,0.2996634244918823,0.000377655029296875,0.6454797983169556,0.014020971022546291,-0.0423431396484375,,0.0,0.0781019851565361,0.0423431396484375
image_3412.jpg,train,0.02536773681640625,0.04593262821435928,0.3013675808906555,0.000553131103515625,0.6550523042678833,0.013566318899393082,0.2349853515625,,0.0,0.09138473123311996,-0.2349853515625
image_3413.jpg,train,0.007358551025390625,0.01028141938149929,0.038166344165802,0.000423431396484375,0.6763969659805298,0.0023157994728535414,0.2872467041015625,,0.0,0.16282175481319427,-0.2872467041015625
image_3414.jpg,train,0.030246734619140625,0.04194372519850731,0.28148213028907776,0.002559661865234375,0.693560004234314,0.023286983370780945,-0.5146026611328125,,0.0,0.052276987582445145,0.5146026611328125
image_3415.jpg,train,0.02097320556640625,0.03220197558403015,0.24139536917209625,0.000453948974609375,0.6634965538978577,0.009571501985192299,0.353240966796875,,0.0,0.13779494166374207,-0.353240966796875
image_3416.jpg,test,0.053264617919921875,0.08292202651500702,0.3892034888267517,0.001308441162109375,0.6614357233047485,0.07500000298023224,1.0318756103515625,0.13241836428642273,-0.44708251953125,0.04133312776684761,-0.5847930908203125
image_3417.jpg,train,0.06480026245117188,0.0938982367515564,0.40060117840766907,0.0045928955078125,0.679341733455658,0.043503109365701675,2.8472900390625,0.14858369529247284,-0.4711151123046875,0.07172998040914536,-2.3761749267578125
image_3418.jpg,train,0.04027557373046875,0.06441503018140793,0.35649263858795166,0.001522064208984375,0.6642215251922607,0.024414164945483208,1.19781494140625,,0.0,0.06213710084557533,-1.19781494140625
image_3419.jpg,val,0.02120208740234375,0.03018062375485897,0.22071918845176697,0.001316070556640625,0.686852216720581,0.08990154415369034,0.8453369140625,,0.0,0.015959303826093674,-0.8453369140625
image_3420.jpg,train,0.03762054443359375,0.0645403265953064,0.35091719031333923,0.00140380859375,0.6622852683067322,0.03548188507556915,0.858306884765625,,0.0,0.039101745933294296,-0.858306884765625
image_3421.jpg,train,0.06363296508789062,0.09105482697486877,0.3953603506088257,0.005687713623046875,0.6875066757202148,0.05578857660293579,1.4720916748046875,,0.0,0.06975575536489487,-1.4720916748046875
image_3422.jpg,train,0.009586334228515625,0.0137174092233181,0.06791207939386368,0.00043487548828125,0.6874620914459229,0.22245875000953674,0.0019073486328125,,0.0,0.004908248316496611,-0.0019073486328125
image_3423.jpg,train,0.024295806884765625,0.03454286977648735,0.23088544607162476,0.0019683837890625,0.7015392780303955,0.090006023645401,2.2014617919921875,,0.0,0.023452410474419594,-2.2014617919921875
image_3424.jpg,train,0.043209075927734375,0.07128313183784485,0.3712223470211029,0.0026702880859375,0.6660246849060059,0.029041972011327744,0.5390167236328125,,0.0,0.06964793056249619,-0.5390167236328125
image_3425.jpg,train,0.0081939697265625,0.01330464705824852,0.06887641549110413,0.001010894775390625,0.6888027787208557,0.005254445597529411,-0.1953125,,0.0,0.09063711762428284,0.1953125
image_3426.jpg,train,0.029445648193359375,0.040894731879234314,0.2779637575149536,0.00440216064453125,0.7076675295829773,0.014263443648815155,0.3757476806640625,,0.0,0.1668327897787094,-0.3757476806640625
image_3427.jpg,train,0.04410552978515625,0.07125672698020935,0.36510851979255676,0.00372314453125,0.6795727610588074,0.03372696414589882,0.444793701171875,,0.0,0.05891283601522446,-0.444793701171875
image_3428.jpg,val,0.00732421875,0.006433383096009493,0.019008608534932137,0.003810882568359375,0.8268951773643494,0.5431852340698242,-0.09765625,,0.0,0.003198265563696623,0.09765625
image_3429.jpg,test,0.036243438720703125,0.04171536862850189,0.288089394569397,0.004024505615234375,0.7080492377281189,0.22236725687980652,-0.7946014404296875,,0.0,0.015709644183516502,0.7946014404296875
image_3430.jpg,train,0.01805877685546875,0.024909500032663345,0.18491828441619873,0.0022735595703125,0.6981914043426514,0.013348384760320187,-0.557708740234375,,0.0,0.0544317290186882,0.557708740234375
image_3431.jpg,train,0.032611846923828125,0.05373552069067955,0.33156636357307434,0.00066375732421875,0.6597819328308105,0.02891060896217823,0.3162384033203125,,0.0,0.03645367547869682,-0.3162384033203125
image_3432.jpg,train,0.068359375,0.09856164455413818,0.4069623053073883,0.004184722900390625,0.6739649176597595,0.05250657722353935,1.82647705078125,,0.0,0.08281969279050827,-1.82647705078125
image_3433.jpg,train,0.048717498779296875,0.08709488809108734,0.39063841104507446,0.000438690185546875,0.6488707065582275,0.08112356066703796,-0.0507354736328125,,0.0,0.03460361063480377,0.0507354736328125
image_3434.jpg,val,0.03491973876953125,0.05502922832965851,0.33220362663269043,0.00146484375,0.6683040261268616,0.027180597186088562,-0.318145751953125,,0.0,0.053054455667734146,0.318145751953125
image_3435.jpg,train,0.038188934326171875,0.05227293074131012,0.32511579990386963,0.00392913818359375,0.6953426599502563,0.018313676118850708,1.0715484619140625,,0.0,0.09784018993377686,-1.0715484619140625
image_3436.jpg,train,0.04361724853515625,0.07813854515552521,0.3832052946090698,0.002819061279296875,0.6626629829406738,0.04164570942521095,-0.691986083984375,,0.0,0.046659164130687714,0.691986083984375
image_3437.jpg,train,0.032115936279296875,0.06210982799530029,0.3480947017669678,0.00060272216796875,0.6446725130081177,0.023493601009249687,-0.0682830810546875,,0.0,0.05204780399799347,0.0682830810546875
image_3438.jpg,train,0.034576416015625,0.07273094356060028,0.3662220239639282,0.001186370849609375,0.6467756628990173,0.027907509356737137,0.298309326171875,,0.0,0.04327493533492088,-0.298309326171875
image_3439.jpg,train,0.049831390380859375,0.09092144668102264,0.3949885964393616,0.00118255615234375,0.6515898108482361,0.057114385068416595,1.3973236083984375,,0.0,0.04649908468127251,-1.3973236083984375
image_3440.jpg,train,0.0461883544921875,0.08790314197540283,0.39245539903640747,0.0017242431640625,0.649416446685791,0.07488768547773361,-0.5733489990234375,0.1037735864520073,0.002288818359375,0.03093060478568077,0.5710601806640625
image_3441.jpg,train,0.038295745849609375,0.06934748589992523,0.36698707938194275,0.000514984130859375,0.64887934923172,0.03349793702363968,-0.3780364990234375,,0.0,0.04639666900038719,0.3780364990234375
image_3442.jpg,train,0.05142974853515625,0.0880645215511322,0.3923782706260681,0.003498077392578125,0.6678104996681213,0.038530755788087845,1.153564453125,0.1421319842338562,0.0026702880859375,0.06512776017189026,-1.1562347412109375
image_3443.jpg,train,0.045207977294921875,0.08072659373283386,0.38597750663757324,0.0013885498046875,0.6508423089981079,0.04070326313376427,-0.3559112548828125,,0.0,0.05193853750824928,0.3559112548828125
image_3444.jpg,train,0.036693572998046875,0.06646108627319336,0.35841304063796997,0.00057220458984375,0.6534174084663391,0.031206175684928894,-0.5069732666015625,,0.0,0.04779199883341789,0.5069732666015625
image_3445.jpg,train,0.019290924072265625,0.024036768823862076,0.15541349351406097,0.00148773193359375,0.7067902684211731,0.2197141945362091,-0.1354217529296875,,0.0,0.009410474449396133,0.1354217529296875
image_3446.jpg,train,0.03668975830078125,0.06919793784618378,0.35938242077827454,0.00052642822265625,0.6455602645874023,0.08178035169839859,0.910186767578125,,0.0,0.027541207149624825,-0.910186767578125
image_3447.jpg,train,0.035888671875,0.0620972104370594,0.35481080412864685,0.001422882080078125,0.6530813574790955,0.022190891206264496,0.502777099609375,,0.0,0.06715334206819534,-0.502777099609375
image_3448.jpg,train,0.026691436767578125,0.05194152146577835,0.3216155767440796,0.0008087158203125,0.6456314325332642,0.015206699259579182,0.1766204833984375,0.09271523356437683,0.011444091796875,0.07862958312034607,-0.1880645751953125
image_3449.jpg,train,0.052829742431640625,0.08275002241134644,0.3887547552585602,0.00315093994140625,0.6718489527702332,0.05156733840703964,-0.4489898681640625,,0.0,0.054409150034189224,0.4489898681640625
image_3450.jpg,train,0.030063629150390625,0.051707103848457336,0.3218780755996704,0.00302886962890625,0.6752246022224426,0.025041962042450905,-0.6587982177734375,,0.0,0.043765824288129807,0.6587982177734375
image_3451.jpg,train,0.02973175048828125,0.04740021377801895,0.3066086173057556,0.000797271728515625,0.6665785908699036,0.0526338666677475,-0.722503662109375,,0.0,0.01734151691198349,0.722503662109375
image_3452.jpg,train,0.03220367431640625,0.044499434530735016,0.29620057344436646,0.00832366943359375,0.7325878739356995,0.09571482986211777,-1.593780517578125,,0.0,0.010865410789847374,1.593780517578125
image_3453.jpg,train,0.034423828125,0.05561348795890808,0.3285597264766693,0.0020294189453125,0.6801918745040894,0.0793367326259613,-1.6754150390625,,0.0,0.013041054829955101,1.6754150390625
image_3454.jpg,train,0.02770233154296875,0.04680565744638443,0.29476743936538696,0.00286102294921875,0.6889678239822388,0.07102818787097931,-0.6134033203125,,0.0,0.014155950397253036,0.6134033203125
image_3455.jpg,test,0.05171966552734375,0.08162516355514526,0.3897300958633423,0.000835418701171875,0.6560060381889343,0.07985169440507889,-0.151824951171875,,0.0,0.037652283906936646,0.151824951171875
image_3456.jpg,train,0.03871917724609375,0.06972474604845047,0.3649151921272278,0.0006561279296875,0.6511288285255432,0.055194370448589325,0.41656494140625,0.0,0.003814697265625,0.031230047345161438,-0.420379638671875
image_3457.jpg,test,0.043575286865234375,0.07715053856372833,0.3780791163444519,0.00118255615234375,0.6563360691070557,0.06678807735443115,0.31585693359375,0.027800491079688072,-0.0385284423828125,0.03409590572118759,-0.2773284912109375
image_3458.jpg,train,0.01961517333984375,0.03373933956027031,0.24677544832229614,0.000812530517578125,0.6576292514801025,0.06492358446121216,0.3902435302734375,0.3888888955116272,-0.002288818359375,0.013360352255403996,-0.3879547119140625
image_3459.jpg,train,0.0277862548828125,0.05221759155392647,0.33050546050071716,0.00049591064453125,0.6447041034698486,0.03749126195907593,-0.08544921875,,0.0,0.02178824134171009,0.08544921875
image_3460.jpg,train,0.020290374755859375,0.04902699962258339,0.3140760362148285,0.0001373291015625,0.6205492615699768,0.050496332347393036,-0.3810882568359375,,0.0,0.010822456330060959,0.3810882568359375
image_3461.jpg,train,0.04296112060546875,0.06611984223127365,0.3743792474269867,0.002902984619140625,0.6604257225990295,0.025843068957328796,1.0288238525390625,0.0663260817527771,-0.7373809814453125,0.05947846919298172,-0.29144287109375
image_3462.jpg,train,0.039459228515625,0.05799315869808197,0.3544470965862274,0.00305938720703125,0.671933114528656,0.029308078810572624,0.7419586181640625,0.06185964122414589,-0.4871368408203125,0.04486086964607239,-0.25482177734375
image_3463.jpg,train,0.024364471435546875,0.04186467081308365,0.2888067364692688,0.00074005126953125,0.6561141014099121,0.01766425184905529,0.5413055419921875,,0.0,0.03211790695786476,-0.5413055419921875
image_3464.jpg,test,0.019474029541015625,0.032473158091306686,0.23674353957176208,0.000720977783203125,0.6618779301643372,0.012072005309164524,0.3070831298828125,,0.0,0.035159315913915634,-0.3070831298828125
image_3465.jpg,val,0.04076385498046875,0.04699321091175079,0.30360832810401917,0.0059051513671875,0.7172621488571167,0.1755407154560089,1.1478424072265625,0.1853150725364685,-0.547027587890625,0.025897979736328125,-0.6008148193359375
image_3466.jpg,train,0.070892333984375,0.0917963981628418,0.40736672282218933,0.005512237548828125,0.6800989508628845,0.09279322624206543,0.1758575439453125,0.16449971497058868,-0.8136749267578125,0.05096149072051048,0.6378173828125
image_3467.jpg,train,0.10365676879882812,0.10226179659366608,0.41469278931617737,0.01804351806640625,0.7298392653465271,0.2254481166601181,-1.4148712158203125,0.16965284943580627,-0.47760009765625,0.058850742876529694,1.8924713134765625
image_3468.jpg,train,0.05710601806640625,0.08267726004123688,0.396342009305954,0.0023651123046875,0.6656836867332458,0.0909670814871788,0.510406494140625,0.1534416824579239,-0.46234130859375,0.040115684270858765,-0.048065185546875
image_3469.jpg,train,0.028797149658203125,0.035595815628767014,0.25189658999443054,0.005157470703125,0.7223732471466064,0.3156721293926239,-0.051116943359375,0.20759575068950653,-0.873565673828125,0.010582797229290009,0.9246826171875
image_3470.jpg,train,0.060794830322265625,0.08228208124637604,0.3954169750213623,0.00258636474609375,0.6689909100532532,0.061811935156583786,0.6702423095703125,0.11223367601633072,-0.2826690673828125,0.05518529936671257,-0.3875732421875
image_3471.jpg,train,0.045719146728515625,0.07459445297718048,0.3814069628715515,0.002155303955078125,0.6642774939537048,0.05615837499499321,-1.8840789794921875,,0.0,0.031606901437044144,1.8840789794921875
image_3472.jpg,train,0.03391265869140625,0.04542187601327896,0.30418023467063904,0.004608154296875,0.702573835849762,0.02671179547905922,-0.1190185546875,,0.0,0.0477096252143383,0.1190185546875
image_3473.jpg,train,0.046062469482421875,0.06872349977493286,0.3722551465034485,0.001987457275390625,0.6709104776382446,0.08121278136968613,-0.8358001708984375,,0.0,0.028351299464702606,0.8358001708984375
image_3474.jpg,train,0.04070281982421875,0.06241744011640549,0.3544043004512787,0.001861572265625,0.6714838147163391,0.0932871550321579,-0.61492919921875,,0.0,0.023070065304636955,0.61492919921875
image_3475.jpg,train,0.03227996826171875,0.050986312329769135,0.33125004172325134,0.00054168701171875,0.6536460518836975,0.027399180456995964,-0.650787353515625,,0.0,0.04410439729690552,0.650787353515625
image_3476.jpg,val,0.05194091796875,0.07299097627401352,0.3790079951286316,0.002559661865234375,0.6723132729530334,0.05754256248474121,-1.06964111328125,,0.0,0.045250989496707916,1.06964111328125
image_3477.jpg,train,0.054409027099609375,0.08277139067649841,0.3909918963909149,0.002765655517578125,0.6719048619270325,0.13599112629890442,-0.3574371337890625,,0.0,0.032304201275110245,0.3574371337890625
image_3478.jpg,train,0.053844451904296875,0.08182711899280548,0.38685452938079834,0.002956390380859375,0.6736493706703186,0.21034298837184906,-1.2500762939453125,,0.0,0.024542350322008133,1.2500762939453125
image_3479.jpg,val,0.07068634033203125,0.08192227780818939,0.3891953229904175,0.0101165771484375,0.7115423083305359,0.1396193951368332,-1.226806640625,,0.0,0.04155360534787178,1.226806640625
image_3480.jpg,train,0.05319976806640625,0.07675241678953171,0.38778018951416016,0.001850128173828125,0.6624656319618225,0.07275185734033585,-1.166534423828125,,0.0,0.037472210824489594,1.166534423828125
image_3481.jpg,train,0.0297698974609375,0.052076779305934906,0.3108440935611725,0.00101470947265625,0.6608980298042297,0.10517291724681854,0.496673583984375,,0.0,0.019690096378326416,-0.496673583984375
image_3482.jpg,train,0.04482269287109375,0.07410942018032074,0.37655049562454224,0.00127410888671875,0.660279393196106,0.05108577385544777,-1.1150360107421875,0.135869562625885,-0.0026702880859375,0.03711694851517677,1.117706298828125
image_3483.jpg,train,0.0457305908203125,0.07580704241991043,0.3844456672668457,0.001556396484375,0.6534606218338013,0.06066733971238136,-1.10321044921875,,0.0,0.0326002798974514,1.10321044921875
image_3484.jpg,train,0.047176361083984375,0.07839679718017578,0.38560226559638977,0.00093841552734375,0.6537232995033264,0.09868068248033524,-0.8975982666015625,,0.0,0.026695458218455315,0.8975982666015625
image_3485.jpg,train,0.041843414306640625,0.055952247232198715,0.33550572395324707,0.002849578857421875,0.6849821209907532,0.21226343512535095,-0.1285552978515625,,0.0,0.022572098299860954,0.1285552978515625
image_3486.jpg,train,0.028430938720703125,0.052956536412239075,0.313217431306839,0.000492095947265625,0.6523364782333374,0.09365331381559372,0.0949859619140625,,0.0,0.017216328531503677,-0.0949859619140625
image_3487.jpg,train,0.043201446533203125,0.06918415427207947,0.37428176403045654,0.0008392333984375,0.6558631658554077,0.045271147042512894,0.5107879638671875,,0.0,0.04169822111725807,-0.5107879638671875
image_3488.jpg,train,0.04315185546875,0.07341886311769485,0.3779028058052063,0.000568389892578125,0.6533230543136597,0.05117305740714073,-0.92010498046875,,0.0,0.034752048552036285,0.92010498046875
image_3489.jpg,train,0.0318450927734375,0.0446375273168087,0.2928374111652374,0.0030670166015625,0.6927761435508728,0.049343183636665344,-1.529693603515625,,0.0,0.01584148220717907,1.529693603515625
image_3490.jpg,train,0.03128814697265625,0.05078651383519173,0.32133805751800537,0.00127410888671875,0.666323721408844,0.0416235625743866,-0.92315673828125,,0.0,0.021486755460500717,0.92315673828125
image_3491.jpg,train,0.02864837646484375,0.05133500695228577,0.32375267148017883,0.001476287841796875,0.6598130464553833,0.03006361424922943,-0.27923583984375,,0.0,0.02709725871682167,0.27923583984375
image_3492.jpg,train,0.04151153564453125,0.0570366233587265,0.34296292066574097,0.004451751708984375,0.693601131439209,0.04208669438958168,-0.945281982421875,,0.0,0.04062886908650398,0.945281982421875
image_3493.jpg,train,0.04926300048828125,0.06633611023426056,0.36683470010757446,0.00311279296875,0.6810508370399475,0.03531194478273392,0.39215087890625,,0.0,0.07428285479545593,-0.39215087890625
image_3494.jpg,train,0.06312179565429688,0.08952833712100983,0.4225603938102722,0.00308990478515625,0.650155782699585,0.0721735954284668,0.38604736328125,0.033145930618047714,-0.7457733154296875,0.18579961359500885,0.3597259521484375
image_3495.jpg,train,0.09027862548828125,0.08834606409072876,0.4013397693634033,0.022418975830078125,0.7511197924613953,0.047646816819906235,2.713775634765625,0.1223662868142128,-0.023651123046875,0.17159664630889893,-2.69012451171875
image_3496.jpg,test,0.08811569213867188,0.0956893339753151,0.4098452925682068,0.006946563720703125,0.6985917091369629,0.07207772880792618,-0.55389404296875,0.11896955221891403,-0.0209808349609375,0.11632294207811356,0.5748748779296875
image_3497.jpg,train,0.0692596435546875,0.1065623015165329,0.4185112714767456,0.001434326171875,0.656197190284729,0.07891599088907242,-2.846527099609375,0.11324324458837509,-0.0713348388671875,0.05231132730841637,2.9178619384765625
image_3498.jpg,train,0.09878921508789062,0.09960424154996872,0.40937280654907227,0.014873504638671875,0.7279334664344788,0.07951053977012634,0.8190155029296875,0.27577319741249084,-0.1438140869140625,0.12111681699752808,-0.675201416015625
image_3499.jpg,train,0.0980224609375,0.11242415010929108,0.42074623703956604,0.007984161376953125,0.70172119140625,0.12469439953565598,-2.4700164794921875,0.1686212420463562,-0.0659942626953125,0.07124975323677063,2.5360107421875
image_3500.jpg,train,0.09204483032226562,0.09546744078397751,0.40591293573379517,0.016185760498046875,0.7304670214653015,0.041559379547834396,4.2766571044921875,0.10958904027938843,0.008392333984375,0.16507020592689514,-4.2850494384765625
image_3501.jpg,train,0.073944091796875,0.07779593765735626,0.3772202134132385,0.01480865478515625,0.738254189491272,0.032086197286844254,2.1518707275390625,0.1490837037563324,-0.1110076904296875,0.2178543657064438,-2.040863037109375
image_3502.jpg,train,0.07820892333984375,0.09058510512113571,0.3998320996761322,0.0045318603515625,0.6925898194313049,0.059592850506305695,-0.1087188720703125,0.1381053775548935,-0.1445770263671875,0.11127392202615738,0.2532958984375
image_3503.jpg,train,0.010219573974609375,0.013949574902653694,0.0721181258559227,0.000591278076171875,0.6808640956878662,0.003457131562754512,0.3810882568359375,,0.0,0.09594114869832993,-0.3810882568359375
image_3504.jpg,val,0.005199432373046875,0.003492977935820818,0.0006532073020935059,0.001918792724609375,0.7948455810546875,0.00070571358082816,0.3810882568359375,,0.0,0.2779477536678314,-0.3810882568359375
image_3505.jpg,train,0.008209228515625,0.008238857612013817,0.019158754497766495,0.0016632080078125,0.7368782758712769,0.003492761868983507,0.15106201171875,,0.0,0.11832451075315475,-0.15106201171875
image_3506.jpg,test,0.008235931396484375,0.009583907201886177,0.03305383026599884,0.00196075439453125,0.7444935441017151,0.004792599938809872,-0.0499725341796875,,0.0,0.04364293813705444,0.0499725341796875
image_3507.jpg,train,0.006267547607421875,0.007099587470293045,0.013272818177938461,0.0011444091796875,0.7261691689491272,0.0013840581523254514,0.3620147705078125,,0.0,0.11336599290370941,-0.3620147705078125
image_3508.jpg,test,0.0305328369140625,0.035792864859104156,0.24236220121383667,0.0076751708984375,0.7470571994781494,0.18070335686206818,-1.454925537109375,,0.0,0.009130768477916718,1.454925537109375
image_3509.jpg,train,0.039867401123046875,0.06586936861276627,0.36561909317970276,0.00125885009765625,0.6565548777580261,0.09830094873905182,-0.3170013427734375,,0.0,0.02349103055894375,0.3170013427734375
image_3510.jpg,test,0.0372772216796875,0.045999493449926376,0.2953925132751465,0.006816864013671875,0.7249377369880676,0.1342618316411972,-1.6265869140625,,0.0,0.01312222145497799,1.6265869140625
