epoch,train_loss,train_accuracy,train_iou,train_dice,val_loss,val_accuracy,val_iou,val_dice
0,0.6672627581490411,0.6983762078815037,0.4944619718104755,0.6261018594422948,0.6308815012807432,0.7062786558400029,0.5567026503276135,0.6997173972751783
