name,label,train,val,test,true_soil,true_plant,true_residue,pred_soil,pred_plant,pred_residue
image_0001.jpg,label_0001.png,False,True,False,69.59,14.52,15.89,67.9,15.75,16.35
image_0002.jpg,label_0002.png,True,False,False,69.65,15.23,15.12,68.75,16.41,14.84
image_0003.jpg,label_0003.png,False,True,False,70.56,14.1,15.34,68.33,15.07,16.59
image_0004.jpg,label_0004.png,True,False,False,71.13,14.04,14.83,68.75,14.86,16.39
image_0005.jpg,label_0005.png,False,False,True,68.48,17.21,14.3,66.12,17.99,15.9
image_0006.jpg,label_0006.png,False,False,True,68.93,17.96,13.11,66.01,18.48,15.51
image_0007.jpg,label_0007.png,True,False,False,64.75,22.49,12.75,64.64,22.71,12.65
image_0008.jpg,label_0008.png,True,False,False,61.26,26.11,12.63,62.86,25.9,11.24
image_0009.jpg,label_0009.png,False,False,True,62.92,26.34,10.74,65.37,27.05,7.58
image_0010.jpg,label_0010.png,True,False,False,61.17,25.72,13.11,63.08,26.62,10.3
image_0011.jpg,label_0011.png,True,False,False,60.7,26.44,12.86,62.73,28.23,9.05
image_0012.jpg,label_0012.png,True,False,False,64.0,30.24,5.75,67.04,29.72,3.24
image_0013.jpg,label_0013.png,True,False,False,62.66,30.03,7.31,65.86,29.75,4.38
image_0014.jpg,label_0014.png,False,True,False,63.41,24.41,12.18,65.95,25.61,8.44
image_0015.jpg,label_0015.png,True,False,False,64.22,23.45,12.33,66.56,24.64,8.8
image_0016.jpg,label_0016.png,True,False,False,27.36,0.0,72.64,29.92,0.0,70.08
image_0017.jpg,label_0017.png,True,False,False,92.54,0.0,7.46,94.4,0.0,5.6
image_0018.jpg,label_0018.png,True,False,False,73.14,0.0,26.86,75.34,0.0,24.66
image_0019.jpg,label_0019.png,True,False,False,29.86,0.0,70.14,31.35,0.0,68.65
image_0020.jpg,label_0020.png,True,False,False,18.11,0.0,81.89,19.01,0.0,80.99
image_0021.jpg,label_0021.png,True,False,False,18.44,0.0,81.56,18.36,0.0,81.64
image_0022.jpg,label_0022.png,False,True,False,55.91,0.0,44.08,57.01,0.0,42.99
image_0023.jpg,label_0023.png,False,True,False,4.58,0.0,95.41,4.81,0.0,95.19
image_0024.jpg,label_0024.png,True,False,False,80.13,0.0,19.87,82.29,0.0,17.71
image_0025.jpg,label_0025.png,False,True,False,79.62,0.01,20.37,82.11,0.01,17.88
image_0026.jpg,label_0026.png,False,False,True,90.64,0.0,9.35,92.54,0.0,7.46
image_0027.jpg,label_0027.png,True,False,False,86.53,0.0,13.47,86.03,0.0,13.97
image_0028.jpg,label_0028.png,False,True,False,0.0,0.0,100.0,0.0,0.0,100.0
image_0029.jpg,label_0029.png,True,False,False,64.33,0.01,35.66,68.51,0.01,31.48
image_0030.jpg,label_0030.png,True,False,False,56.45,0.0,43.55,59.16,0.0,40.84
image_0031.jpg,label_0031.png,True,False,False,0.0,0.0,100.0,0.0,0.0,100.0
image_0032.jpg,label_0032.png,True,False,False,57.14,0.0,42.86,58.42,0.0,41.58
image_0033.jpg,label_0033.png,True,False,False,41.05,0.0,58.95,43.81,0.0,56.19
image_0034.jpg,label_0034.png,True,False,False,37.62,0.0,62.38,39.7,0.0,60.3
image_0035.jpg,label_0035.png,True,False,False,27.48,0.0,72.52,29.17,0.0,70.83
image_0036.jpg,label_0036.png,True,False,False,12.08,0.0,87.92,12.34,0.0,87.66
image_0037.jpg,label_0037.png,False,False,True,83.44,0.0,16.56,85.07,0.0,14.93
image_0038.jpg,label_0038.png,True,False,False,72.13,0.0,27.87,73.22,0.0,26.78
image_0039.jpg,label_0039.png,True,False,False,0.0,0.0,100.0,1.06,0.0,98.94
image_0040.jpg,label_0040.png,False,False,True,1.35,0.0,98.65,0.85,0.0,99.15
image_0041.jpg,label_0041.png,True,False,False,0.98,0.0,99.02,1.2,0.0,98.8
image_0042.jpg,label_0042.png,True,False,False,40.12,1.11,58.77,40.1,1.26,58.65
image_0043.jpg,label_0043.png,True,False,False,60.64,1.28,38.09,61.28,1.49,37.23
image_0044.jpg,label_0044.png,True,False,False,24.66,2.77,72.57,26.23,2.75,71.02
image_0045.jpg,label_0045.png,True,False,False,14.4,5.21,80.38,15.77,5.26,78.97
image_0046.jpg,label_0046.png,True,False,False,0.0,4.92,95.07,0.01,5.1,94.89
image_0047.jpg,label_0047.png,True,False,False,0.36,3.91,95.73,0.25,4.05,95.7
image_0048.jpg,label_0048.png,True,False,False,3.95,2.24,93.81,3.11,2.32,94.57
image_0049.jpg,label_0049.png,True,False,False,4.66,1.52,93.82,5.46,1.41,93.13
image_0050.jpg,label_0050.png,True,False,False,0.04,5.87,94.09,0.05,5.99,93.96
image_0051.jpg,label_0051.png,True,False,False,50.01,0.25,49.73,49.14,0.34,50.52
image_0052.jpg,label_0052.png,True,False,False,35.8,0.85,63.36,35.24,0.98,63.78
image_0053.jpg,label_0053.png,True,False,False,1.25,2.64,96.11,2.41,2.62,94.97
image_0054.jpg,label_0054.png,False,False,True,9.44,0.42,90.14,10.88,0.42,88.7
image_0055.jpg,label_0055.png,True,False,False,11.94,1.11,86.95,10.61,1.09,88.3
image_0056.jpg,label_0056.png,True,False,False,1.95,1.36,96.69,1.4,1.35,97.25
image_0057.jpg,label_0057.png,True,False,False,41.4,3.89,54.7,42.97,4.13,52.91
image_0058.jpg,label_0058.png,False,True,False,63.81,5.26,30.93,62.44,5.27,32.3
image_0059.jpg,label_0059.png,True,False,False,60.8,1.44,37.76,59.66,1.52,38.82
image_0060.jpg,label_0060.png,True,False,False,0.01,3.0,97.0,0.01,2.75,97.25
image_0061.jpg,label_0061.png,True,False,False,53.29,1.11,45.6,53.55,1.16,45.29
image_0062.jpg,label_0062.png,True,False,False,0.75,0.51,98.74,4.47,0.47,95.07
image_0063.jpg,label_0063.png,True,False,False,57.49,0.38,42.13,56.43,0.39,43.19
image_0064.jpg,label_0064.png,False,True,False,28.32,0.46,71.22,28.79,0.46,70.75
image_0065.jpg,label_0065.png,False,False,True,66.11,1.76,32.13,66.62,1.76,31.62
image_0066.jpg,label_0066.png,True,False,False,0.0,0.03,99.97,0.0,0.02,99.98
image_0067.jpg,label_0067.png,True,False,False,0.0,0.0,100.0,0.23,0.06,99.72
image_0068.jpg,label_0068.png,True,False,False,0.0,0.0,100.0,0.45,0.0,99.55
image_0069.jpg,label_0069.png,True,False,False,0.0,0.03,99.97,0.0,0.02,99.98
image_0070.jpg,label_0070.png,True,False,False,16.4,0.03,83.57,13.74,0.03,86.22
image_0071.jpg,label_0071.png,True,False,False,0.0,0.02,99.98,0.06,0.01,99.93
image_0072.jpg,label_0072.png,True,False,False,1.22,0.05,98.73,1.25,0.04,98.71
image_0073.jpg,label_0073.png,True,False,False,19.22,0.07,80.71,19.87,0.1,80.03
image_0074.jpg,label_0074.png,True,False,False,6.99,0.07,92.94,6.79,0.06,93.15
image_0075.jpg,label_0075.png,True,False,False,0.0,0.05,99.95,0.0,0.04,99.96
image_0076.jpg,label_0076.png,True,False,False,17.08,0.03,82.89,18.47,0.05,81.48
image_0077.jpg,label_0077.png,True,False,False,71.56,0.03,28.42,71.44,0.04,28.53
image_0078.jpg,label_0078.png,True,False,False,35.36,0.0,64.63,35.55,0.0,64.45
image_0079.jpg,label_0079.png,True,False,False,27.83,0.02,72.15,26.3,0.03,73.67
image_0080.jpg,label_0080.png,False,False,True,1.55,0.05,98.41,1.45,0.04,98.5
image_0081.jpg,label_0081.png,True,False,False,0.01,0.03,99.95,0.07,0.03,99.9
image_0082.jpg,label_0082.png,True,False,False,82.04,0.0,17.96,83.98,0.0,16.02
image_0083.jpg,label_0083.png,True,False,False,59.89,0.0,40.11,59.72,0.0,40.28
image_0084.jpg,label_0084.png,False,False,True,52.73,0.0,47.27,55.12,0.0,44.88
image_0085.jpg,label_0085.png,False,False,True,44.74,0.0,55.26,48.57,0.0,51.43
image_0086.jpg,label_0086.png,True,False,False,52.67,0.01,47.32,60.51,0.02,39.46
image_0087.jpg,label_0087.png,False,True,False,85.87,0.0,14.13,87.13,0.0,12.87
image_0088.jpg,label_0088.png,True,False,False,6.97,0.0,93.03,6.96,0.0,93.04
image_0089.jpg,label_0089.png,False,False,True,13.68,0.0,86.31,10.9,0.0,89.1
image_0090.jpg,label_0090.png,False,True,False,0.49,0.0,99.51,1.42,0.0,98.58
image_0091.jpg,label_0091.png,True,False,False,4.03,0.01,95.96,3.02,0.01,96.98
image_0092.jpg,label_0092.png,False,True,False,0.0,0.12,99.88,0.0,0.11,99.89
image_0093.jpg,label_0093.png,False,True,False,0.0,0.01,99.99,0.0,0.0,100.0
image_0094.jpg,label_0094.png,True,False,False,0.0,0.01,99.99,0.0,0.01,99.99
image_0095.jpg,label_0095.png,False,True,False,0.0,0.13,99.87,0.0,0.13,99.87
image_0096.jpg,label_0096.png,True,False,False,0.0,0.0,100.0,0.73,0.0,99.27
image_0097.jpg,label_0097.png,True,False,False,0.0,0.0,100.0,0.08,0.0,99.92
image_0098.jpg,label_0098.png,False,False,True,0.0,0.05,99.95,0.0,0.06,99.93
image_0099.jpg,label_0099.png,True,False,False,0.1,0.0,99.9,0.0,0.0,100.0
image_0100.jpg,label_0100.png,True,False,False,12.46,0.0,87.54,13.46,0.0,86.54
image_0101.jpg,label_0101.png,True,False,False,59.35,0.0,40.65,61.35,0.0,38.65
image_0102.jpg,label_0102.png,True,False,False,11.77,0.0,88.23,11.45,0.0,88.55
image_0103.jpg,label_0103.png,True,False,False,39.39,0.0,60.61,42.2,0.0,57.8
image_0104.jpg,label_0104.png,True,False,False,16.12,0.0,83.88,17.9,0.0,82.1
image_0105.jpg,label_0105.png,False,True,False,0.0,0.01,99.99,0.31,0.0,99.69
image_0106.jpg,label_0106.png,True,False,False,0.04,0.0,99.95,0.46,0.0,99.54
image_0107.jpg,label_0107.png,True,False,False,0.0,0.0,100.0,0.85,0.0,99.15
image_0108.jpg,label_0108.png,True,False,False,0.0,0.0,100.0,0.12,0.0,99.88
image_0109.jpg,label_0109.png,True,False,False,0.0,0.0,100.0,0.02,0.0,99.98
image_0110.jpg,label_0110.png,False,True,False,0.0,0.0,100.0,0.01,0.0,99.99
image_0111.jpg,label_0111.png,True,False,False,0.0,0.0,100.0,0.0,0.0,100.0
image_0112.jpg,label_0112.png,True,False,False,0.0,0.0,100.0,0.2,0.04,99.76
image_0113.jpg,label_0113.png,True,False,False,0.0,0.0,100.0,0.16,0.0,99.84
image_0114.jpg,label_0114.png,True,False,False,0.0,0.0,100.0,0.01,0.0,99.99
image_0115.jpg,label_0115.png,True,False,False,0.0,0.0,100.0,0.04,0.0,99.96
image_0116.jpg,label_0116.png,False,False,True,0.0,0.0,100.0,0.53,0.0,99.47
image_0117.jpg,label_0117.png,True,False,False,0.0,0.0,100.0,0.04,0.01,99.95
image_0118.jpg,label_0118.png,True,False,False,0.0,0.0,100.0,0.0,0.0,100.0
image_0119.jpg,label_0119.png,True,False,False,0.0,0.0,100.0,0.01,0.0,99.99
image_0120.jpg,label_0120.png,True,False,False,0.0,0.0,100.0,0.19,0.0,99.81
image_0121.jpg,label_0121.png,True,False,False,0.0,0.0,100.0,0.05,0.0,99.95
image_0122.jpg,label_0122.png,True,False,False,0.0,0.0,100.0,0.01,0.0,99.99
image_0123.jpg,label_0123.png,True,False,False,0.0,0.0,100.0,0.09,0.0,99.91
image_0124.jpg,label_0124.png,True,False,False,0.0,0.0,100.0,0.0,0.0,100.0
image_0125.jpg,label_0125.png,False,True,False,0.0,0.0,100.0,0.07,0.0,99.93
image_0126.jpg,label_0126.png,True,False,False,0.0,0.0,100.0,0.02,0.0,99.98
image_0127.jpg,label_0127.png,False,True,False,0.0,0.0,100.0,0.02,0.0,99.98
image_0128.jpg,label_0128.png,True,False,False,0.0,0.0,100.0,0.08,0.0,99.92
image_0129.jpg,label_0129.png,True,False,False,0.0,0.0,100.0,0.24,0.0,99.76
image_0130.jpg,label_0130.png,True,False,False,0.0,0.0,100.0,0.02,0.0,99.98
image_0131.jpg,label_0131.png,False,False,True,0.0,0.0,100.0,0.03,0.0,99.97
image_0132.jpg,label_0132.png,True,False,False,0.0,0.0,100.0,0.05,0.0,99.95
image_0133.jpg,label_0133.png,True,False,False,0.0,0.0,100.0,0.0,0.03,99.97
image_0134.jpg,label_0134.png,True,False,False,0.0,0.01,99.99,0.01,0.05,99.95
image_0135.jpg,label_0135.png,True,False,False,0.0,0.0,100.0,0.0,0.0,100.0
image_0136.jpg,label_0136.png,True,False,False,0.0,0.0,100.0,0.0,0.0,100.0
image_0137.jpg,label_0137.png,True,False,False,0.0,0.26,99.74,0.43,0.11,99.47
image_0138.jpg,label_0138.png,True,False,False,0.0,0.0,100.0,0.0,0.0,100.0
image_0139.jpg,label_0139.png,True,False,False,0.0,0.0,100.0,0.01,0.0,99.99
image_0140.jpg,label_0140.png,False,False,True,0.0,0.0,100.0,0.01,0.0,99.99
image_0141.jpg,label_0141.png,True,False,False,0.0,0.0,100.0,0.0,0.0,100.0
image_0142.jpg,label_0142.png,True,False,False,0.0,0.0,100.0,0.03,0.0,99.97
image_0143.jpg,label_0143.png,True,False,False,0.0,0.0,100.0,0.08,0.0,99.92
image_0144.jpg,label_0144.png,True,False,False,0.0,0.0,100.0,0.0,0.0,100.0
image_0145.jpg,label_0145.png,True,False,False,0.0,0.1,99.9,0.0,0.04,99.95
image_0146.jpg,label_0146.png,True,False,False,0.0,0.0,100.0,0.05,0.0,99.95
image_0147.jpg,label_0147.png,True,False,False,0.0,0.0,100.0,0.02,0.0,99.98
image_0148.jpg,label_0148.png,True,False,False,0.0,0.0,100.0,0.0,0.0,100.0
image_0149.jpg,label_0149.png,True,False,False,0.0,0.0,100.0,0.03,0.0,99.97
image_0150.jpg,label_0150.png,True,False,False,0.0,0.0,100.0,0.0,0.0,100.0
image_0151.jpg,label_0151.png,True,False,False,0.0,0.0,100.0,0.01,0.0,99.99
image_0152.jpg,label_0152.png,True,False,False,0.0,0.0,100.0,0.0,0.0,100.0
image_0153.jpg,label_0153.png,True,False,False,0.0,0.03,99.97,0.0,0.01,99.99
image_0154.jpg,label_0154.png,True,False,False,0.0,0.0,100.0,0.0,0.0,100.0
image_0155.jpg,label_0155.png,True,False,False,0.0,0.0,100.0,0.04,0.0,99.96
image_0156.jpg,label_0156.png,False,True,False,0.0,0.0,100.0,0.01,0.0,99.99
image_0157.jpg,label_0157.png,True,False,False,0.0,0.0,100.0,0.04,0.0,99.96
image_0158.jpg,label_0158.png,True,False,False,0.0,0.04,99.95,0.0,0.02,99.97
image_0159.jpg,label_0159.png,True,False,False,0.0,0.03,99.97,0.07,0.01,99.92
image_0160.jpg,label_0160.png,True,False,False,0.0,0.0,100.0,0.0,0.0,100.0
image_0161.jpg,label_0161.png,False,False,True,0.0,0.0,99.99,0.0,0.0,100.0
image_0162.jpg,label_0162.png,False,False,True,0.02,0.0,99.97,0.01,0.0,99.99
image_0163.jpg,label_0163.png,True,False,False,0.0,0.0,100.0,0.05,0.0,99.95
image_0164.jpg,label_0164.png,False,True,False,0.0,0.05,99.95,0.06,0.01,99.93
image_0165.jpg,label_0165.png,True,False,False,0.0,0.03,99.96,0.01,0.01,99.98
image_0166.jpg,label_0166.png,True,False,False,0.0,0.0,100.0,0.03,0.0,99.97
image_0167.jpg,label_0167.png,True,False,False,0.0,0.0,100.0,0.01,0.0,99.99
image_0168.jpg,label_0168.png,True,False,False,0.0,0.0,100.0,0.02,0.0,99.98
image_0169.jpg,label_0169.png,True,False,False,0.0,0.0,100.0,0.05,0.0,99.95
image_0170.jpg,label_0170.png,True,False,False,0.0,0.0,100.0,0.0,0.0,100.0
image_0171.jpg,label_0171.png,False,True,False,0.0,0.0,100.0,0.0,0.0,100.0
image_0172.jpg,label_0172.png,True,False,False,0.0,0.0,100.0,0.0,0.0,100.0
image_0173.jpg,label_0173.png,True,False,False,0.0,0.0,100.0,0.0,0.0,100.0
image_0174.jpg,label_0174.png,True,False,False,0.0,0.0,100.0,0.01,0.0,99.99
image_0175.jpg,label_0175.png,True,False,False,0.0,0.0,100.0,0.09,0.0,99.91
image_0176.jpg,label_0176.png,True,False,False,0.01,0.09,99.9,0.0,0.06,99.94
image_0177.jpg,label_0177.png,True,False,False,0.0,0.09,99.91,0.01,0.06,99.93
image_0178.jpg,label_0178.png,True,False,False,0.0,0.02,99.98,0.01,0.01,99.98
image_0179.jpg,label_0179.png,True,False,False,0.0,0.01,99.99,0.0,0.0,100.0
image_0180.jpg,label_0180.png,True,False,False,0.0,0.06,99.93,0.0,0.03,99.97
image_0181.jpg,label_0181.png,False,True,False,0.0,0.02,99.98,0.0,0.0,100.0
image_0182.jpg,label_0182.png,True,False,False,0.7,0.0,99.3,0.69,0.0,99.31
image_0183.jpg,label_0183.png,True,False,False,0.0,0.03,99.97,0.09,0.01,99.9
image_0184.jpg,label_0184.png,True,False,False,0.0,0.02,99.98,0.0,0.01,99.99
image_0185.jpg,label_0185.png,False,True,False,0.01,0.01,99.97,0.16,0.0,99.84
image_0186.jpg,label_0186.png,False,False,True,0.0,0.02,99.98,0.01,0.0,99.99
image_0187.jpg,label_0187.png,True,False,False,0.0,0.0,100.0,0.0,0.0,100.0
image_0188.jpg,label_0188.png,True,False,False,0.0,0.0,100.0,0.0,0.0,100.0
image_0189.jpg,label_0189.png,False,False,True,0.0,0.0,100.0,0.01,0.0,99.99
image_0190.jpg,label_0190.png,True,False,False,1.27,0.0,98.73,1.31,0.0,98.69
image_0191.jpg,label_0191.png,True,False,False,8.63,0.0,91.37,7.89,0.0,92.11
image_0192.jpg,label_0192.png,True,False,False,11.76,0.0,88.24,11.17,0.0,88.83
image_0193.jpg,label_0193.png,True,False,False,23.61,0.0,76.39,23.72,0.0,76.28
image_0194.jpg,label_0194.png,True,False,False,7.32,0.0,92.68,7.65,0.0,92.35
image_0195.jpg,label_0195.png,True,False,False,5.65,0.0,94.35,6.37,0.0,93.63
image_0196.jpg,label_0196.png,True,False,False,1.27,0.03,98.7,0.98,0.03,98.99
image_0197.jpg,label_0197.png,True,False,False,0.36,0.0,99.64,0.0,0.0,100.0
image_0198.jpg,label_0198.png,False,True,False,0.0,0.0,100.0,0.0,0.0,100.0
image_0199.jpg,label_0199.png,True,False,False,0.0,0.0,100.0,0.0,0.0,100.0
image_0200.jpg,label_0200.png,False,True,False,0.0,0.0,100.0,0.0,0.0,100.0
image_0201.jpg,label_0201.png,False,False,True,0.0,0.01,99.99,0.0,0.0,100.0
image_0202.jpg,label_0202.png,True,False,False,0.0,0.03,99.96,0.01,0.03,99.95
image_0203.jpg,label_0203.png,True,False,False,0.0,0.0,100.0,0.0,0.0,100.0
image_0204.jpg,label_0204.png,False,True,False,0.17,0.05,99.78,0.0,0.05,99.95
image_0205.jpg,label_0205.png,False,False,True,0.13,0.0,99.87,0.0,0.0,100.0
image_0206.jpg,label_0206.png,True,False,False,0.31,0.0,99.69,0.71,0.0,99.29
image_0207.jpg,label_0207.png,True,False,False,0.0,0.0,100.0,0.16,0.0,99.84
image_0208.jpg,label_0208.png,True,False,False,27.97,0.0,72.03,26.71,0.0,73.29
image_0209.jpg,label_0209.png,True,False,False,0.0,0.0,100.0,0.0,0.0,100.0
image_0210.jpg,label_0210.png,True,False,False,1.71,0.0,98.29,1.29,0.0,98.71
image_0211.jpg,label_0211.png,True,False,False,1.6,0.0,98.4,1.35,0.0,98.65
image_0212.jpg,label_0212.png,True,False,False,47.0,0.0,53.0,47.56,0.0,52.44
image_0213.jpg,label_0213.png,True,False,False,13.27,0.0,86.73,16.06,0.0,83.94
image_0214.jpg,label_0214.png,True,False,False,25.82,0.0,74.18,24.96,0.0,75.04
image_0215.jpg,label_0215.png,True,False,False,0.0,0.0,100.0,0.0,0.0,100.0
image_0216.jpg,label_0216.png,False,False,True,2.89,0.0,97.11,3.15,0.0,96.85
image_0217.jpg,label_0217.png,True,False,False,6.33,0.0,93.67,8.11,0.0,91.89
image_0218.jpg,label_0218.png,True,False,False,5.69,0.0,94.31,8.87,0.0,91.13
image_0219.jpg,label_0219.png,True,False,False,0.0,0.0,100.0,0.0,0.0,100.0
image_0220.jpg,label_0220.png,False,True,False,0.0,0.0,100.0,0.0,0.0,100.0
image_0221.jpg,label_0221.png,True,False,False,0.0,0.0,100.0,0.0,0.0,100.0
image_0222.jpg,label_0222.png,True,False,False,0.0,0.0,100.0,0.0,0.0,100.0
image_0223.jpg,label_0223.png,True,False,False,0.0,0.0,100.0,0.0,0.0,100.0
image_0224.jpg,label_0224.png,True,False,False,29.98,0.0,70.02,35.04,0.0,64.96
image_0225.jpg,label_0225.png,True,False,False,46.18,0.0,53.82,49.84,0.0,50.16
image_0226.jpg,label_0226.png,True,False,False,43.77,0.0,56.23,43.29,0.0,56.71
image_0227.jpg,label_0227.png,True,False,False,51.16,0.0,48.84,52.87,0.0,47.13
image_0228.jpg,label_0228.png,True,False,False,29.24,0.0,70.76,33.49,0.0,66.51
image_0229.jpg,label_0229.png,True,False,False,0.0,0.0,100.0,0.0,0.0,100.0
image_0230.jpg,label_0230.png,False,True,False,19.71,0.0,80.29,20.54,0.0,79.46
image_0231.jpg,label_0231.png,True,False,False,0.0,0.0,100.0,0.12,0.0,99.88
image_0232.jpg,label_0232.png,False,False,True,17.42,0.0,82.57,20.86,0.0,79.14
image_0233.jpg,label_0233.png,True,False,False,5.5,0.0,94.5,4.75,0.0,95.25
image_0234.jpg,label_0234.png,True,False,False,36.83,0.0,63.17,36.39,0.0,63.61
image_0235.jpg,label_0235.png,True,False,False,86.0,2.97,11.03,85.49,2.86,11.65
image_0236.jpg,label_0236.png,True,False,False,0.0,2.87,97.13,0.0,2.22,97.78
image_0237.jpg,label_0237.png,True,False,False,0.02,2.49,97.49,0.02,1.95,98.03
image_0238.jpg,label_0238.png,True,False,False,0.0,1.79,98.21,0.0,1.4,98.6
image_0239.jpg,label_0239.png,True,False,False,0.0,2.69,97.31,0.0,2.19,97.81
image_0240.jpg,label_0240.png,False,True,False,0.0,1.88,98.12,0.0,1.67,98.33
image_0241.jpg,label_0241.png,False,False,True,0.02,3.92,96.06,0.0,3.12,96.87
image_0242.jpg,label_0242.png,True,False,False,41.2,3.21,55.59,41.8,2.97,55.23
image_0243.jpg,label_0243.png,True,False,False,5.85,3.58,90.57,3.39,2.97,93.64
image_0244.jpg,label_0244.png,True,False,False,0.0,2.92,97.08,0.72,2.5,96.78
image_0245.jpg,label_0245.png,True,False,False,0.87,1.68,97.46,0.36,1.25,98.4
image_0246.jpg,label_0246.png,True,False,False,0.0,1.07,98.93,0.0,0.85,99.15
image_0247.jpg,label_0247.png,True,False,False,0.01,0.56,99.44,0.0,0.38,99.62
image_0248.jpg,label_0248.png,True,False,False,0.58,0.96,98.46,0.66,0.79,98.55
image_0249.jpg,label_0249.png,True,False,False,0.62,0.5,98.88,0.5,0.41,99.09
image_0250.jpg,label_0250.png,False,False,True,0.0,0.28,99.72,0.0,0.24,99.76
image_0251.jpg,label_0251.png,True,False,False,0.01,0.59,99.41,0.0,0.52,99.47
image_0252.jpg,label_0252.png,False,False,True,0.0,0.23,99.77,0.0,0.2,99.8
image_0253.jpg,label_0253.png,True,False,False,99.78,0.0,0.22,99.77,0.0,0.23
image_0254.jpg,label_0254.png,False,True,False,99.95,0.0,0.05,99.95,0.0,0.05
image_0255.jpg,label_0255.png,True,False,False,98.65,0.05,1.3,99.44,0.1,0.47
image_0256.jpg,label_0256.png,True,False,False,98.31,0.0,1.69,98.94,0.0,1.06
image_0257.jpg,label_0257.png,True,False,False,29.21,65.98,4.81,30.71,65.15,4.14
image_0258.jpg,label_0258.png,True,False,False,37.54,57.4,5.06,40.27,55.55,4.18
image_0259.jpg,label_0259.png,True,False,False,20.55,67.79,11.66,21.57,67.1,11.33
image_0260.jpg,label_0260.png,False,False,True,21.47,46.68,31.85,21.22,46.93,31.84
image_0261.jpg,label_0261.png,False,True,False,29.34,40.16,30.5,30.27,40.78,28.96
image_0262.jpg,label_0262.png,True,False,False,21.7,54.29,24.0,24.34,53.84,21.82
image_0263.jpg,label_0263.png,False,True,False,19.99,55.47,24.54,20.5,54.84,24.66
image_0264.jpg,label_0264.png,True,False,False,17.57,33.91,48.52,17.41,34.67,47.92
image_0265.jpg,label_0265.png,True,False,False,54.99,44.33,0.68,56.35,43.3,0.35
image_0266.jpg,label_0266.png,False,False,True,14.17,36.9,48.93,15.45,37.5,47.05
image_0267.jpg,label_0267.png,True,False,False,18.44,37.21,44.35,17.84,38.24,43.92
image_0268.jpg,label_0268.png,True,False,False,23.96,0.34,75.71,29.56,0.33,70.11
image_0269.jpg,label_0269.png,True,False,False,30.05,0.66,69.3,36.72,0.72,62.56
image_0270.jpg,label_0270.png,True,False,False,12.92,10.97,76.11,22.48,11.21,66.32
image_0271.jpg,label_0271.png,True,False,False,99.33,0.01,0.66,99.4,0.02,0.58
image_0272.jpg,label_0272.png,True,False,False,99.47,0.01,0.52,99.39,0.0,0.6
image_0273.jpg,label_0273.png,True,False,False,98.04,0.02,1.94,97.86,0.01,2.13
image_0274.jpg,label_0274.png,True,False,False,99.02,0.01,0.98,98.83,0.0,1.16
image_0275.jpg,label_0275.png,True,False,False,81.75,1.75,16.5,77.88,1.69,20.43
image_0276.jpg,label_0276.png,False,False,True,81.85,0.66,17.49,76.72,0.69,22.59
image_0277.jpg,label_0277.png,False,True,False,74.0,1.25,24.75,65.94,1.22,32.85
image_0278.jpg,label_0278.png,False,True,False,73.7,0.65,25.65,67.71,0.58,31.71
image_0279.jpg,label_0279.png,True,False,False,71.06,3.11,25.84,63.58,2.8,33.62
image_0280.jpg,label_0280.png,True,False,False,81.68,2.65,15.67,77.28,2.36,20.35
image_0281.jpg,label_0281.png,True,False,False,99.94,0.0,0.06,99.93,0.0,0.07
image_0282.jpg,label_0282.png,False,False,True,99.96,0.0,0.04,99.98,0.0,0.02
image_0283.jpg,label_0283.png,False,True,False,100.0,0.0,0.0,100.0,0.0,0.0
image_0284.jpg,label_0284.png,True,False,False,99.98,0.0,0.02,99.97,0.0,0.03
image_0285.jpg,label_0285.png,True,False,False,99.98,0.0,0.02,99.99,0.0,0.01
image_0286.jpg,label_0286.png,True,False,False,99.43,0.0,0.57,99.83,0.0,0.17
image_0287.jpg,label_0287.png,True,False,False,99.54,0.0,0.46,99.8,0.0,0.2
image_0288.jpg,label_0288.png,True,False,False,99.86,0.0,0.14,99.97,0.0,0.03
image_0289.jpg,label_0289.png,True,False,False,8.8,3.31,87.9,9.64,3.33,87.03
image_0290.jpg,label_0290.png,False,False,True,10.36,8.43,81.21,12.99,8.36,78.64
image_0291.jpg,label_0291.png,True,False,False,14.41,9.36,76.23,13.74,9.13,77.13
image_0292.jpg,label_0292.png,False,False,True,24.79,8.55,66.66,25.07,8.2,66.73
image_0293.jpg,label_0293.png,True,False,False,14.68,7.55,77.77,15.18,7.2,77.62
image_0294.jpg,label_0294.png,True,False,False,17.13,2.18,80.69,19.59,2.12,78.28
image_0295.jpg,label_0295.png,True,False,False,25.15,5.17,69.68,25.87,4.89,69.24
image_0296.jpg,label_0296.png,True,False,False,25.61,1.86,72.53,24.29,1.77,73.94
image_0297.jpg,label_0297.png,False,True,False,0.37,0.54,99.09,2.21,0.52,97.27
image_0298.jpg,label_0298.png,True,False,False,4.0,5.31,90.69,5.79,5.41,88.8
image_0299.jpg,label_0299.png,True,False,False,99.94,0.0,0.06,99.96,0.0,0.04
image_0300.jpg,label_0300.png,True,False,False,99.83,0.0,0.17,99.78,0.0,0.22
image_0301.jpg,label_0301.png,False,True,False,99.83,0.0,0.17,99.88,0.0,0.12
image_0302.jpg,label_0302.png,False,True,False,99.79,0.0,0.21,99.81,0.0,0.19
image_0303.jpg,label_0303.png,True,False,False,99.85,0.0,0.15,99.8,0.0,0.2
image_0304.jpg,label_0304.png,True,False,False,99.88,0.0,0.12,99.78,0.0,0.22
image_0305.jpg,label_0305.png,False,False,True,99.87,0.0,0.13,99.85,0.0,0.15
image_0306.jpg,label_0306.png,False,False,True,99.87,0.0,0.13,99.93,0.0,0.07
image_0307.jpg,label_0307.png,False,False,True,99.86,0.0,0.14,99.84,0.0,0.16
image_0308.jpg,label_0308.png,True,False,False,99.7,0.0,0.3,99.83,0.0,0.17
image_0309.jpg,label_0309.png,True,False,False,99.77,0.0,0.23,99.85,0.0,0.15
image_0310.jpg,label_0310.png,True,False,False,99.08,0.0,0.92,99.39,0.0,0.61
image_0311.jpg,label_0311.png,True,False,False,98.61,0.0,1.39,99.08,0.0,0.92
image_0312.jpg,label_0312.png,True,False,False,99.9,0.0,0.1,99.93,0.0,0.07
image_0313.jpg,label_0313.png,False,False,True,99.92,0.0,0.08,99.96,0.0,0.04
image_0314.jpg,label_0314.png,True,False,False,99.55,0.0,0.45,99.73,0.0,0.27
image_0315.jpg,label_0315.png,True,False,False,99.88,0.0,0.12,99.96,0.0,0.04
image_0316.jpg,label_0316.png,True,False,False,99.89,0.0,0.11,99.93,0.0,0.07
image_0317.jpg,label_0317.png,True,False,False,99.59,0.0,0.41,99.62,0.0,0.38
image_0318.jpg,label_0318.png,True,False,False,99.76,0.0,0.24,99.86,0.0,0.14
image_0319.jpg,label_0319.png,True,False,False,100.0,0.0,0.0,100.0,0.0,0.0
image_0320.jpg,label_0320.png,True,False,False,99.73,0.0,0.27,99.73,0.0,0.27
image_0321.jpg,label_0321.png,True,False,False,99.94,0.0,0.06,99.98,0.0,0.02
image_0322.jpg,label_0322.png,True,False,False,99.97,0.0,0.03,99.97,0.0,0.03
image_0323.jpg,label_0323.png,True,False,False,99.72,0.01,0.27,99.83,0.01,0.16
image_0324.jpg,label_0324.png,False,True,False,99.87,0.0,0.13,99.97,0.0,0.03
image_0325.jpg,label_0325.png,True,False,False,99.79,0.0,0.21,99.82,0.0,0.18
image_0326.jpg,label_0326.png,True,False,False,99.5,0.0,0.5,99.61,0.0,0.38
image_0327.jpg,label_0327.png,False,True,False,99.98,0.0,0.02,100.0,0.0,0.0
image_0328.jpg,label_0328.png,True,False,False,99.83,0.0,0.17,99.95,0.0,0.05
image_0329.jpg,label_0329.png,True,False,False,99.71,0.0,0.29,99.84,0.0,0.16
image_0330.jpg,label_0330.png,True,False,False,100.0,0.0,0.0,99.94,0.0,0.06
image_0331.jpg,label_0331.png,True,False,False,100.0,0.0,0.0,99.97,0.0,0.03
image_0332.jpg,label_0332.png,True,False,False,99.96,0.01,0.03,99.97,0.01,0.02
image_0333.jpg,label_0333.png,True,False,False,99.96,0.02,0.02,99.97,0.03,0.0
image_0334.jpg,label_0334.png,True,False,False,99.96,0.0,0.04,99.93,0.0,0.07
image_0335.jpg,label_0335.png,True,False,False,99.94,0.0,0.06,99.97,0.0,0.03
image_0336.jpg,label_0336.png,True,False,False,99.96,0.0,0.04,99.92,0.0,0.08
image_0337.jpg,label_0337.png,True,False,False,99.89,0.0,0.1,99.92,0.01,0.08
image_0338.jpg,label_0338.png,True,False,False,99.9,0.01,0.09,99.91,0.01,0.08
image_0339.jpg,label_0339.png,False,False,True,98.56,0.01,1.43,98.65,0.01,1.34
image_0340.jpg,label_0340.png,True,False,False,99.89,0.0,0.11,99.93,0.01,0.07
image_0341.jpg,label_0341.png,True,False,False,100.0,0.0,0.0,100.0,0.0,0.0
image_0342.jpg,label_0342.png,False,False,True,99.8,0.0,0.2,99.89,0.0,0.11
image_0343.jpg,label_0343.png,True,False,False,99.5,0.0,0.5,99.5,0.0,0.5
image_0344.jpg,label_0344.png,True,False,False,99.98,0.02,0.0,99.98,0.02,0.0
image_0345.jpg,label_0345.png,False,True,False,99.79,0.0,0.21,99.94,0.0,0.06
image_0346.jpg,label_0346.png,True,False,False,99.86,0.05,0.09,99.91,0.05,0.04
image_0347.jpg,label_0347.png,True,False,False,77.73,0.48,21.79,76.18,0.54,23.28
image_0348.jpg,label_0348.png,True,False,False,81.18,0.48,18.34,80.98,0.51,18.51
image_0349.jpg,label_0349.png,False,True,False,81.45,0.32,18.23,78.87,0.33,20.8
image_0350.jpg,label_0350.png,True,False,False,83.44,0.2,16.36,82.5,0.24,17.26
image_0351.jpg,label_0351.png,True,False,False,91.23,0.19,8.58,91.5,0.22,8.27
image_0352.jpg,label_0352.png,False,False,True,79.6,0.21,20.19,76.82,0.24,22.94
image_0353.jpg,label_0353.png,True,False,False,84.16,0.05,15.79,83.64,0.06,16.3
image_0354.jpg,label_0354.png,True,False,False,77.33,0.27,22.4,74.96,0.28,24.76
image_0355.jpg,label_0355.png,True,False,False,80.7,0.61,18.69,80.67,0.65,18.68
image_0356.jpg,label_0356.png,True,False,False,77.53,0.89,21.58,76.93,0.9,22.17
image_0357.jpg,label_0357.png,True,False,False,89.54,0.08,10.38,89.97,0.08,9.95
image_0358.jpg,label_0358.png,True,False,False,88.83,0.2,10.98,89.88,0.19,9.94
image_0359.jpg,label_0359.png,False,False,True,83.89,0.19,15.92,85.26,0.19,14.55
image_0360.jpg,label_0360.png,False,False,True,100.0,0.0,0.0,99.71,0.0,0.29
image_0361.jpg,label_0361.png,True,False,False,100.0,0.0,0.0,99.64,0.0,0.36
image_0362.jpg,label_0362.png,True,False,False,55.46,0.0,44.54,58.79,0.0,41.21
image_0363.jpg,label_0363.png,True,False,False,45.2,0.05,54.75,48.21,0.08,51.71
image_0364.jpg,label_0364.png,True,False,False,57.12,0.0,42.88,63.5,0.0,36.5
image_0365.jpg,label_0365.png,False,True,False,99.9,0.0,0.1,99.95,0.0,0.05
image_0366.jpg,label_0366.png,True,False,False,51.84,0.55,47.61,52.99,0.57,46.44
image_0367.jpg,label_0367.png,True,False,False,19.21,0.13,80.66,19.77,0.13,80.09
image_0368.jpg,label_0368.png,True,False,False,6.75,4.08,89.17,12.91,4.24,82.85
image_0369.jpg,label_0369.png,True,False,False,99.82,0.0,0.18,99.86,0.0,0.14
image_0370.jpg,label_0370.png,True,False,False,100.0,0.0,0.0,99.93,0.0,0.07
image_0371.jpg,label_0371.png,False,False,True,100.0,0.0,0.0,99.9,0.0,0.1
image_0372.jpg,label_0372.png,False,False,True,99.91,0.0,0.09,99.94,0.0,0.06
image_0373.jpg,label_0373.png,False,True,False,100.0,0.0,0.0,99.93,0.0,0.07
image_0374.jpg,label_0374.png,True,False,False,99.44,0.03,0.53,99.45,0.03,0.53
image_0375.jpg,label_0375.png,False,True,False,98.05,0.08,1.87,98.61,0.08,1.31
image_0376.jpg,label_0376.png,True,False,False,97.76,0.04,2.2,97.82,0.04,2.14
image_0377.jpg,label_0377.png,False,False,True,99.88,0.03,0.08,99.92,0.04,0.04
image_0378.jpg,label_0378.png,False,True,False,98.39,0.04,1.56,98.73,0.05,1.22
image_0379.jpg,label_0379.png,True,False,False,100.0,0.0,0.0,100.0,0.0,0.0
image_0380.jpg,label_0380.png,True,False,False,98.77,0.31,0.92,98.79,0.33,0.88
image_0381.jpg,label_0381.png,True,False,False,91.64,0.23,8.13,92.77,0.3,6.93
image_0382.jpg,label_0382.png,True,False,False,91.34,0.08,8.58,92.14,0.09,7.76
image_0383.jpg,label_0383.png,True,False,False,98.06,0.15,1.79,98.54,0.16,1.3
image_0384.jpg,label_0384.png,True,False,False,97.93,0.11,1.96,98.31,0.15,1.55
image_0385.jpg,label_0385.png,False,True,False,98.69,0.24,1.08,98.82,0.26,0.92
image_0386.jpg,label_0386.png,True,False,False,95.97,0.46,3.57,96.58,0.49,2.93
image_0387.jpg,label_0387.png,True,False,False,100.0,0.0,0.0,99.99,0.0,0.01
image_0388.jpg,label_0388.png,True,False,False,99.96,0.03,0.01,99.96,0.04,0.0
image_0389.jpg,label_0389.png,True,False,False,1.52,4.87,93.6,1.22,4.2,94.58
image_0390.jpg,label_0390.png,True,False,False,91.1,7.93,0.97,91.46,7.63,0.92
image_0391.jpg,label_0391.png,True,False,False,99.99,0.0,0.01,99.99,0.0,0.01
image_0392.jpg,label_0392.png,True,False,False,15.17,5.86,78.97,15.63,5.39,78.98
image_0393.jpg,label_0393.png,False,False,True,16.58,4.01,79.41,21.55,3.64,74.81
image_0394.jpg,label_0394.png,True,False,False,10.05,5.03,84.93,8.45,4.69,86.85
image_0395.jpg,label_0395.png,True,False,False,2.87,4.76,92.38,4.98,5.13,89.89
image_0396.jpg,label_0396.png,True,False,False,3.63,3.56,92.81,4.32,3.3,92.38
image_0397.jpg,label_0397.png,False,False,True,11.6,1.9,86.5,12.89,1.84,85.27
image_0398.jpg,label_0398.png,True,False,False,83.96,13.92,2.12,85.0,13.36,1.64
image_0399.jpg,label_0399.png,True,False,False,99.71,0.0,0.29,99.96,0.0,0.04
image_0400.jpg,label_0400.png,False,True,False,14.44,8.58,76.98,13.93,8.59,77.48
image_0401.jpg,label_0401.png,True,False,False,0.89,19.46,79.66,2.73,20.27,77.0
image_0402.jpg,label_0402.png,True,False,False,81.88,17.8,0.32,82.68,17.13,0.19
image_0403.jpg,label_0403.png,True,False,False,99.07,0.05,0.88,99.75,0.05,0.21
image_0404.jpg,label_0404.png,True,False,False,33.58,6.8,59.62,37.1,6.86,56.04
image_0405.jpg,label_0405.png,True,False,False,31.52,5.09,63.4,33.94,5.24,60.82
image_0406.jpg,label_0406.png,True,False,False,24.52,0.52,74.96,27.03,0.52,72.45
image_0407.jpg,label_0407.png,True,False,False,32.31,1.83,65.86,34.28,1.75,63.97
image_0408.jpg,label_0408.png,True,False,False,17.18,0.49,82.34,17.77,0.34,81.89
image_0409.jpg,label_0409.png,True,False,False,73.45,26.43,0.12,74.68,25.28,0.04
image_0410.jpg,label_0410.png,True,False,False,99.91,0.0,0.09,99.95,0.01,0.04
image_0411.jpg,label_0411.png,True,False,False,100.0,0.0,0.0,99.99,0.0,0.01
image_0412.jpg,label_0412.png,True,False,False,99.98,0.0,0.02,100.0,0.0,0.0
image_0413.jpg,label_0413.png,True,False,False,72.7,0.03,27.27,75.15,0.03,24.82
image_0414.jpg,label_0414.png,False,False,True,0.27,0.0,99.73,0.72,0.0,99.28
image_0415.jpg,label_0415.png,True,False,False,0.0,0.11,99.89,0.01,0.06,99.93
image_0416.jpg,label_0416.png,True,False,False,99.97,0.0,0.03,99.94,0.0,0.06
image_0417.jpg,label_0417.png,False,True,False,6.14,0.05,93.81,4.78,0.04,95.18
image_0418.jpg,label_0418.png,True,False,False,0.16,0.0,99.84,0.34,0.0,99.66
image_0419.jpg,label_0419.png,True,False,False,1.82,0.0,98.18,2.49,0.0,97.51
image_0420.jpg,label_0420.png,True,False,False,99.68,0.0,0.32,99.69,0.0,0.31
image_0421.jpg,label_0421.png,True,False,False,0.59,0.0,99.4,3.71,0.0,96.29
image_0422.jpg,label_0422.png,False,False,True,0.0,0.0,100.0,8.41,0.0,91.59
image_0423.jpg,label_0423.png,True,False,False,1.67,0.03,98.3,2.61,0.0,97.38
image_0424.jpg,label_0424.png,True,False,False,0.67,0.49,98.83,1.04,0.08,98.88
image_0425.jpg,label_0425.png,True,False,False,1.79,0.0,98.21,1.58,0.14,98.28
image_0426.jpg,label_0426.png,True,False,False,0.0,0.0,100.0,0.47,0.01,99.53
image_0427.jpg,label_0427.png,False,True,False,1.65,0.0,98.35,2.36,0.12,97.52
image_0428.jpg,label_0428.png,True,False,False,2.03,0.0,97.97,4.62,0.06,95.32
image_0429.jpg,label_0429.png,True,False,False,1.22,0.0,98.78,1.61,0.14,98.25
image_0430.jpg,label_0430.png,True,False,False,99.2,0.0,0.8,99.4,0.0,0.6
image_0431.jpg,label_0431.png,True,False,False,98.85,0.0,1.15,98.88,0.0,1.12
image_0432.jpg,label_0432.png,True,False,False,0.0,0.0,100.0,2.74,0.06,97.19
image_0433.jpg,label_0433.png,True,False,False,98.26,0.0,1.74,98.08,0.0,1.91
image_0434.jpg,label_0434.png,True,False,False,98.76,0.0,1.24,98.8,0.0,1.2
image_0435.jpg,label_0435.png,False,False,True,3.94,0.0,96.06,7.28,0.49,92.23
image_0436.jpg,label_0436.png,True,False,False,97.32,0.12,2.56,97.89,0.06,2.05
image_0437.jpg,label_0437.png,False,True,False,0.65,0.0,99.35,1.01,0.0,98.99
image_0438.jpg,label_0438.png,True,False,False,1.68,0.0,98.32,1.9,0.0,98.1
image_0439.jpg,label_0439.png,True,False,False,7.53,0.0,92.47,4.13,0.28,95.59
image_0440.jpg,label_0440.png,False,True,False,23.89,0.0,76.11,14.08,0.27,85.64
image_0441.jpg,label_0441.png,False,True,False,17.26,0.0,82.74,13.42,0.24,86.34
image_0442.jpg,label_0442.png,True,False,False,14.77,0.0,85.23,9.97,0.29,89.73
image_0443.jpg,label_0443.png,False,True,False,10.73,0.01,89.26,7.16,0.16,92.68
image_0444.jpg,label_0444.png,False,True,False,1.36,0.1,98.53,5.26,0.06,94.68
image_0445.jpg,label_0445.png,True,False,False,13.68,0.0,86.32,19.67,0.54,79.79
image_0446.jpg,label_0446.png,True,False,False,3.99,0.0,96.01,10.03,0.12,89.86
image_0447.jpg,label_0447.png,True,False,False,0.3,1.11,98.58,4.44,1.57,93.99
image_0448.jpg,label_0448.png,True,False,False,3.61,2.52,93.88,7.83,2.75,89.42
image_0449.jpg,label_0449.png,True,False,False,1.05,1.01,97.93,5.53,1.33,93.14
image_0450.jpg,label_0450.png,False,False,True,0.0,0.51,99.49,8.37,1.53,90.1
image_0451.jpg,label_0451.png,True,False,False,0.0,0.07,99.93,6.12,0.24,93.63
image_0452.jpg,label_0452.png,True,False,False,0.0,0.83,99.17,8.72,2.74,88.55
image_0453.jpg,label_0453.png,False,True,False,0.0,0.68,99.32,7.86,2.89,89.25
image_0454.jpg,label_0454.png,True,False,False,0.08,99.92,0.0,0.14,99.86,0.0
image_0455.jpg,label_0455.png,True,False,False,3.39,96.61,0.0,0.23,99.77,0.0
image_0456.jpg,label_0456.png,True,False,False,1.77,98.17,0.06,2.32,97.59,0.08
image_0457.jpg,label_0457.png,True,False,False,4.31,95.69,0.0,1.21,98.76,0.03
image_0458.jpg,label_0458.png,True,False,False,0.33,99.59,0.09,0.42,99.49,0.08
image_0459.jpg,label_0459.png,True,False,False,3.39,96.4,0.21,2.77,97.19,0.03
image_0460.jpg,label_0460.png,False,False,True,0.26,99.36,0.38,0.47,99.12,0.4
image_0461.jpg,label_0461.png,True,False,False,0.28,99.3,0.42,0.49,99.06,0.45
image_0462.jpg,label_0462.png,True,False,False,0.83,98.65,0.52,1.49,98.05,0.46
image_0463.jpg,label_0463.png,True,False,False,99.98,0.0,0.02,99.97,0.0,0.03
image_0464.jpg,label_0464.png,False,True,False,65.4,33.6,0.99,66.51,32.7,0.79
image_0465.jpg,label_0465.png,True,False,False,47.35,51.34,1.3,49.23,50.0,0.77
image_0466.jpg,label_0466.png,True,False,False,15.4,81.51,3.09,18.1,80.69,1.21
image_0467.jpg,label_0467.png,True,False,False,76.91,22.7,0.39,77.86,21.8,0.34
image_0468.jpg,label_0468.png,True,False,False,42.55,54.78,2.67,45.32,53.42,1.26
image_0469.jpg,label_0469.png,True,False,False,15.53,83.38,1.09,16.93,82.69,0.38
image_0470.jpg,label_0470.png,True,False,False,1.01,9.06,89.93,0.46,8.72,90.82
image_0471.jpg,label_0471.png,False,False,True,99.98,0.0,0.02,99.99,0.0,0.01
image_0472.jpg,label_0472.png,False,True,False,0.66,7.31,92.03,0.28,7.07,92.66
image_0473.jpg,label_0473.png,True,False,False,0.39,3.39,96.21,0.43,2.92,96.65
image_0474.jpg,label_0474.png,True,False,False,92.66,7.09,0.25,92.88,6.81,0.32
image_0475.jpg,label_0475.png,True,False,False,49.12,26.27,24.61,47.76,25.54,26.7
image_0476.jpg,label_0476.png,True,False,False,47.97,23.95,28.07,46.27,22.95,30.78
image_0477.jpg,label_0477.png,False,False,True,52.31,19.24,28.45,48.53,18.17,33.29
image_0478.jpg,label_0478.png,True,False,False,43.14,17.9,38.96,39.58,17.28,43.13
image_0479.jpg,label_0479.png,True,False,False,60.07,20.68,19.24,60.83,20.26,18.92
image_0480.jpg,label_0480.png,True,False,False,49.02,26.65,24.32,51.17,26.19,22.64
image_0481.jpg,label_0481.png,True,False,False,49.79,23.36,26.85,49.92,22.96,27.12
image_0482.jpg,label_0482.png,True,False,False,98.79,1.14,0.07,98.77,1.11,0.12
image_0483.jpg,label_0483.png,True,False,False,42.46,29.13,28.41,39.87,28.64,31.5
image_0484.jpg,label_0484.png,True,False,False,46.13,28.09,25.78,43.8,27.68,28.52
image_0485.jpg,label_0485.png,False,True,False,87.35,12.32,0.34,87.66,11.99,0.35
image_0486.jpg,label_0486.png,True,False,False,47.3,29.37,23.34,46.64,29.03,24.32
image_0487.jpg,label_0487.png,True,False,False,53.29,27.38,19.33,53.44,26.94,19.62
image_0488.jpg,label_0488.png,True,False,False,50.78,31.79,17.43,51.38,30.99,17.63
image_0489.jpg,label_0489.png,True,False,False,38.73,34.71,26.56,39.47,33.85,26.68
image_0490.jpg,label_0490.png,True,False,False,46.71,36.4,16.88,45.29,35.83,18.87
image_0491.jpg,label_0491.png,True,False,False,51.8,35.15,13.06,52.43,34.91,12.66
image_0492.jpg,label_0492.png,True,False,False,0.75,4.46,94.79,0.48,4.45,95.07
image_0493.jpg,label_0493.png,True,False,False,0.0,0.52,99.48,0.74,0.42,98.84
image_0494.jpg,label_0494.png,True,False,False,47.56,32.68,19.76,49.91,32.36,17.73
image_0495.jpg,label_0495.png,True,False,False,43.09,56.84,0.07,39.35,60.52,0.13
image_0496.jpg,label_0496.png,True,False,False,46.98,32.35,20.67,48.09,31.97,19.94
image_0497.jpg,label_0497.png,True,False,False,46.31,51.89,1.8,49.86,49.94,0.2
image_0498.jpg,label_0498.png,True,False,False,9.17,0.52,90.32,10.02,0.45,89.52
image_0499.jpg,label_0499.png,True,False,False,50.45,49.31,0.23,48.54,51.27,0.19
image_0500.jpg,label_0500.png,True,False,False,5.05,0.24,94.71,8.11,0.24,91.65
image_0501.jpg,label_0501.png,True,False,False,4.41,0.27,95.32,3.11,0.29,96.6
image_0502.jpg,label_0502.png,False,False,True,15.93,1.38,82.69,16.3,1.34,82.36
image_0503.jpg,label_0503.png,True,False,False,7.51,0.71,91.78,7.53,0.64,91.84
image_0504.jpg,label_0504.png,True,False,False,4.42,0.72,94.86,3.86,0.58,95.56
image_0505.jpg,label_0505.png,False,True,False,3.17,0.78,96.05,2.88,0.64,96.48
image_0506.jpg,label_0506.png,True,False,False,5.34,0.92,93.74,4.52,0.72,94.76
image_0507.jpg,label_0507.png,True,False,False,0.73,3.62,95.66,0.55,3.64,95.8
image_0508.jpg,label_0508.png,False,True,False,4.27,1.08,94.65,1.97,0.92,97.11
image_0509.jpg,label_0509.png,True,False,False,3.8,1.84,94.36,3.29,1.77,94.94
image_0510.jpg,label_0510.png,True,False,False,10.03,1.69,88.28,9.18,1.48,89.34
image_0511.jpg,label_0511.png,False,True,False,18.38,0.1,81.51,18.39,0.09,81.52
image_0512.jpg,label_0512.png,True,False,False,0.89,0.3,98.81,1.09,0.26,98.65
image_0513.jpg,label_0513.png,True,False,False,2.94,3.74,93.32,1.41,3.55,95.04
image_0514.jpg,label_0514.png,True,False,False,94.47,5.42,0.12,93.39,6.47,0.14
image_0515.jpg,label_0515.png,False,True,False,75.22,24.59,0.19,74.97,24.87,0.16
image_0516.jpg,label_0516.png,True,False,False,82.67,17.18,0.16,82.54,17.33,0.13
image_0517.jpg,label_0517.png,True,False,False,75.39,24.29,0.32,75.24,24.55,0.21
image_0518.jpg,label_0518.png,True,False,False,87.85,11.19,0.96,87.96,11.32,0.72
image_0519.jpg,label_0519.png,False,False,True,70.58,28.86,0.56,70.61,29.04,0.35
image_0520.jpg,label_0520.png,True,False,False,80.11,18.82,1.07,80.26,19.12,0.63
image_0521.jpg,label_0521.png,True,False,False,21.39,35.16,43.46,21.69,35.14,43.17
image_0522.jpg,label_0522.png,True,False,False,17.44,34.65,47.91,19.56,34.59,45.85
image_0523.jpg,label_0523.png,True,False,False,16.17,28.3,55.53,14.55,28.43,57.02
image_0524.jpg,label_0524.png,True,False,False,89.74,10.24,0.01,89.52,10.37,0.1
image_0525.jpg,label_0525.png,True,False,False,28.87,35.07,36.06,28.46,34.78,36.75
image_0526.jpg,label_0526.png,True,False,False,30.35,32.0,37.64,31.61,31.71,36.68
image_0527.jpg,label_0527.png,True,False,False,24.61,13.09,62.3,24.26,13.54,62.2
image_0528.jpg,label_0528.png,False,True,False,32.44,14.38,53.18,35.55,14.69,49.76
image_0529.jpg,label_0529.png,True,False,False,3.35,0.55,96.1,3.41,0.4,96.2
image_0530.jpg,label_0530.png,True,False,False,0.0,0.0,100.0,0.39,0.07,99.55
image_0531.jpg,label_0531.png,True,False,False,30.94,13.12,55.95,30.37,13.41,56.22
image_0532.jpg,label_0532.png,True,False,False,15.84,10.19,73.97,16.02,10.46,73.53
image_0533.jpg,label_0533.png,True,False,False,26.9,14.63,58.47,28.03,14.85,57.13
image_0534.jpg,label_0534.png,True,False,False,28.09,12.02,59.88,29.48,12.29,58.23
image_0535.jpg,label_0535.png,True,False,False,26.68,11.95,61.37,25.47,12.17,62.36
image_0536.jpg,label_0536.png,False,True,False,29.36,0.1,70.54,24.95,0.08,74.96
image_0537.jpg,label_0537.png,True,False,False,33.4,0.07,66.53,32.81,0.04,67.15
image_0538.jpg,label_0538.png,True,False,False,28.23,0.02,71.75,24.06,0.02,75.93
image_0539.jpg,label_0539.png,True,False,False,17.81,0.02,82.17,16.96,0.01,83.02
image_0540.jpg,label_0540.png,True,False,False,0.42,0.0,99.58,3.71,0.0,96.29
image_0541.jpg,label_0541.png,True,False,False,25.4,0.07,74.53,21.96,0.08,77.95
image_0542.jpg,label_0542.png,False,True,False,33.49,0.02,66.5,29.41,0.01,70.58
image_0543.jpg,label_0543.png,True,False,False,0.0,0.0,100.0,1.42,0.0,98.58
image_0544.jpg,label_0544.png,True,False,False,0.79,0.15,99.06,0.56,0.18,99.26
image_0545.jpg,label_0545.png,True,False,False,1.42,0.68,97.9,1.31,0.59,98.1
image_0546.jpg,label_0546.png,True,False,False,1.08,2.92,96.0,8.86,8.71,82.44
image_0547.jpg,label_0547.png,True,False,False,93.28,0.15,6.56,93.32,0.09,6.59
image_0548.jpg,label_0548.png,True,False,False,83.47,0.16,16.37,83.01,0.08,16.91
image_0549.jpg,label_0549.png,True,False,False,93.39,0.24,6.37,94.59,0.14,5.26
image_0550.jpg,label_0550.png,False,True,False,88.62,0.35,11.03,88.45,0.23,11.31
image_0551.jpg,label_0551.png,True,False,False,95.77,0.07,4.17,95.48,0.04,4.48
image_0552.jpg,label_0552.png,False,False,True,91.38,0.69,7.93,91.49,0.61,7.91
image_0553.jpg,label_0553.png,True,False,False,94.9,0.05,5.05,94.33,0.04,5.63
image_0554.jpg,label_0554.png,True,False,False,97.38,0.04,2.59,97.64,0.03,2.33
image_0555.jpg,label_0555.png,True,False,False,94.79,0.07,5.14,94.92,0.05,5.04
image_0556.jpg,label_0556.png,False,False,True,0.25,0.08,99.66,0.35,0.07,99.58
image_0557.jpg,label_0557.png,True,False,False,98.73,0.01,1.25,98.77,0.0,1.22
image_0558.jpg,label_0558.png,False,False,True,95.8,0.06,4.14,95.58,0.02,4.4
image_0559.jpg,label_0559.png,True,False,False,90.81,0.04,9.15,90.49,0.02,9.49
image_0560.jpg,label_0560.png,False,False,True,94.12,0.08,5.8,93.14,0.03,6.83
image_0561.jpg,label_0561.png,True,False,False,91.03,0.1,8.87,90.5,0.06,9.45
image_0562.jpg,label_0562.png,True,False,False,87.28,0.38,12.34,87.05,0.27,12.68
image_0563.jpg,label_0563.png,True,False,False,99.72,0.0,0.28,99.84,0.0,0.16
image_0564.jpg,label_0564.png,True,False,False,99.81,0.0,0.19,99.94,0.0,0.06
image_0565.jpg,label_0565.png,True,False,False,99.85,0.0,0.15,99.86,0.0,0.14
image_0566.jpg,label_0566.png,True,False,False,99.88,0.0,0.12,99.92,0.0,0.08
image_0567.jpg,label_0567.png,True,False,False,98.58,0.0,1.42,98.91,0.0,1.09
image_0568.jpg,label_0568.png,True,False,False,99.47,0.0,0.53,99.62,0.0,0.38
image_0569.jpg,label_0569.png,False,True,False,99.13,0.03,0.84,99.2,0.03,0.77
image_0570.jpg,label_0570.png,True,False,False,99.87,0.0,0.13,99.89,0.0,0.11
image_0571.jpg,label_0571.png,True,False,False,99.25,0.0,0.75,99.41,0.0,0.59
image_0572.jpg,label_0572.png,True,False,False,99.08,0.49,0.42,99.16,0.61,0.23
image_0573.jpg,label_0573.png,True,False,False,98.48,0.91,0.61,98.61,1.08,0.31
image_0574.jpg,label_0574.png,True,False,False,55.13,32.8,12.07,58.82,32.31,8.87
image_0575.jpg,label_0575.png,False,False,True,16.67,46.52,36.81,17.87,48.19,33.94
image_0576.jpg,label_0576.png,True,False,False,48.09,49.67,2.24,50.67,47.75,1.59
image_0577.jpg,label_0577.png,True,False,False,44.29,35.43,20.28,48.34,34.99,16.68
image_0578.jpg,label_0578.png,True,False,False,17.44,43.2,39.36,17.68,43.34,38.98
image_0579.jpg,label_0579.png,True,False,False,17.32,41.53,41.14,16.99,42.05,40.96
image_0580.jpg,label_0580.png,True,False,False,27.39,42.05,30.55,29.24,42.27,28.49
image_0581.jpg,label_0581.png,True,False,False,42.97,0.22,56.81,41.97,0.31,57.71
image_0582.jpg,label_0582.png,True,False,False,41.12,0.21,58.67,38.41,0.24,61.35
image_0583.jpg,label_0583.png,True,False,False,43.55,0.12,56.33,41.16,0.16,58.68
image_0584.jpg,label_0584.png,True,False,False,58.77,0.26,40.97,59.83,0.3,39.88
image_0585.jpg,label_0585.png,True,False,False,4.93,80.43,14.64,4.92,82.2,12.88
image_0586.jpg,label_0586.png,False,True,False,8.9,78.57,12.52,9.8,79.55,10.66
image_0587.jpg,label_0587.png,True,False,False,6.34,79.54,14.13,7.07,80.57,12.36
image_0588.jpg,label_0588.png,True,False,False,99.98,0.0,0.02,100.0,0.0,0.0
image_0589.jpg,label_0589.png,True,False,False,4.62,7.34,88.04,5.0,6.78,88.21
image_0590.jpg,label_0590.png,False,False,True,2.44,0.93,96.63,3.35,0.5,96.15
image_0591.jpg,label_0591.png,True,False,False,3.48,0.09,96.43,3.94,0.01,96.05
image_0592.jpg,label_0592.png,True,False,False,30.74,0.37,68.88,31.17,2.36,66.46
image_0593.jpg,label_0593.png,True,False,False,2.55,0.02,97.43,2.61,0.01,97.39
image_0594.jpg,label_0594.png,False,True,False,32.54,0.08,67.38,33.48,0.35,66.17
image_0595.jpg,label_0595.png,True,False,False,7.6,0.21,92.19,6.38,0.26,93.36
image_0596.jpg,label_0596.png,True,False,False,17.35,0.25,82.4,14.76,0.91,84.33
image_0597.jpg,label_0597.png,True,False,False,6.81,0.0,93.19,8.21,0.28,91.51
image_0598.jpg,label_0598.png,False,False,True,36.55,0.0,63.45,39.14,0.59,60.26
image_0599.jpg,label_0599.png,True,False,False,16.46,0.0,83.54,15.21,0.59,84.2
image_0600.jpg,label_0600.png,True,False,False,14.38,2.39,83.23,13.75,2.34,83.92
image_0601.jpg,label_0601.png,True,False,False,11.76,2.33,85.91,15.48,2.83,81.69
image_0602.jpg,label_0602.png,True,False,False,40.55,0.4,59.05,43.86,0.49,55.65
image_0603.jpg,label_0603.png,True,False,False,40.62,0.0,59.38,45.57,0.33,54.1
image_0604.jpg,label_0604.png,True,False,False,31.17,9.59,59.23,34.34,8.46,57.2
image_0605.jpg,label_0605.png,True,False,False,13.4,0.14,86.45,12.17,0.14,87.69
image_0606.jpg,label_0606.png,True,False,False,1.87,10.22,87.91,0.94,10.22,88.84
image_0607.jpg,label_0607.png,True,False,False,26.64,0.0,73.36,24.18,0.0,75.82
image_0608.jpg,label_0608.png,False,False,True,16.43,0.0,83.57,13.79,0.0,86.21
image_0609.jpg,label_0609.png,True,False,False,27.2,1.47,71.34,25.04,1.49,73.47
image_0610.jpg,label_0610.png,True,False,False,21.68,1.13,77.19,18.16,1.1,80.74
image_0611.jpg,label_0611.png,True,False,False,24.19,0.2,75.61,22.11,0.19,77.7
image_0612.jpg,label_0612.png,True,False,False,4.23,5.24,90.53,3.61,5.13,91.27
image_0613.jpg,label_0613.png,True,False,False,28.87,7.39,63.74,30.02,7.73,62.25
image_0614.jpg,label_0614.png,True,False,False,26.09,1.09,72.82,29.19,1.39,69.42
image_0615.jpg,label_0615.png,True,False,False,0.0,0.17,99.83,0.0,0.24,99.76
image_0616.jpg,label_0616.png,True,False,False,0.0,0.0,100.0,0.02,0.0,99.98
image_0617.jpg,label_0617.png,True,False,False,0.0,0.0,100.0,0.11,0.0,99.89
image_0618.jpg,label_0618.png,True,False,False,67.09,0.21,32.7,67.18,0.22,32.61
image_0619.jpg,label_0619.png,True,False,False,78.28,0.0,21.72,78.43,0.0,21.57
image_0620.jpg,label_0620.png,True,False,False,92.24,0.01,7.75,92.97,0.01,7.02
image_0621.jpg,label_0621.png,True,False,False,95.21,0.0,4.79,95.71,0.0,4.29
image_0622.jpg,label_0622.png,True,False,False,89.35,0.0,10.65,90.45,0.0,9.55
image_0623.jpg,label_0623.png,True,False,False,84.95,0.01,15.04,84.98,0.01,15.01
image_0624.jpg,label_0624.png,True,False,False,53.08,0.01,46.91,55.66,0.01,44.33
image_0625.jpg,label_0625.png,True,False,False,32.75,2.15,65.1,34.31,2.06,63.64
image_0626.jpg,label_0626.png,False,False,True,28.1,0.42,71.49,31.57,0.39,68.04
image_0627.jpg,label_0627.png,True,False,False,84.72,0.01,15.27,86.03,0.02,13.95
image_0628.jpg,label_0628.png,False,False,True,85.53,0.03,14.44,87.1,0.03,12.87
image_0629.jpg,label_0629.png,True,False,False,76.24,0.23,23.53,77.07,0.23,22.69
image_0630.jpg,label_0630.png,True,False,False,74.93,0.01,25.05,74.76,0.01,25.23
image_0631.jpg,label_0631.png,True,False,False,76.79,0.01,23.21,77.11,0.01,22.88
image_0632.jpg,label_0632.png,True,False,False,77.94,0.02,22.04,78.23,0.02,21.75
image_0633.jpg,label_0633.png,True,False,False,64.52,0.26,35.22,64.09,0.28,35.62
image_0634.jpg,label_0634.png,True,False,False,87.88,0.0,12.12,89.59,0.0,10.41
image_0635.jpg,label_0635.png,True,False,False,85.7,0.0,14.3,87.9,0.0,12.1
image_0636.jpg,label_0636.png,True,False,False,80.13,0.0,19.87,82.34,0.0,17.66
image_0637.jpg,label_0637.png,True,False,False,62.36,0.0,37.64,63.84,0.0,36.16
image_0638.jpg,label_0638.png,False,False,True,56.97,0.0,43.03,57.81,0.0,42.19
image_0639.jpg,label_0639.png,True,False,False,30.62,5.03,64.35,30.43,5.09,64.48
image_0640.jpg,label_0640.png,True,False,False,27.84,8.27,63.89,27.57,8.27,64.17
image_0641.jpg,label_0641.png,True,False,False,66.46,0.73,32.82,66.9,0.72,32.38
image_0642.jpg,label_0642.png,True,False,False,69.91,0.09,30.0,69.54,0.09,30.37
image_0643.jpg,label_0643.png,True,False,False,84.42,1.03,14.55,85.04,0.99,13.97
image_0644.jpg,label_0644.png,True,False,False,88.34,0.0,11.66,88.75,0.0,11.25
image_0645.jpg,label_0645.png,True,False,False,43.43,1.2,55.37,43.73,1.11,55.16
image_0646.jpg,label_0646.png,True,False,False,55.91,1.7,42.38,56.71,1.68,41.6
image_0647.jpg,label_0647.png,True,False,False,46.95,0.0,53.05,49.73,0.0,50.27
image_0648.jpg,label_0648.png,False,False,True,61.08,0.0,38.92,62.92,0.0,37.08
image_0649.jpg,label_0649.png,True,False,False,37.44,0.3,62.26,37.56,0.35,62.08
image_0650.jpg,label_0650.png,True,False,False,31.85,0.68,67.47,32.51,0.74,66.75
image_0651.jpg,label_0651.png,True,False,False,71.53,0.0,28.47,71.76,0.0,28.24
image_0652.jpg,label_0652.png,True,False,False,68.62,0.0,31.38,68.75,0.0,31.25
image_0653.jpg,label_0653.png,True,False,False,71.96,0.0,28.04,73.62,0.0,26.38
image_0654.jpg,label_0654.png,True,False,False,52.08,0.1,47.82,54.32,0.09,45.59
image_0655.jpg,label_0655.png,True,False,False,53.36,0.0,46.64,55.0,0.0,45.0
image_0656.jpg,label_0656.png,True,False,False,45.17,0.01,54.82,47.13,0.01,52.86
image_0657.jpg,label_0657.png,True,False,False,42.48,0.0,57.52,42.79,0.0,57.21
image_0658.jpg,label_0658.png,True,False,False,97.06,0.0,2.94,97.05,0.0,2.95
image_0659.jpg,label_0659.png,True,False,False,82.77,0.0,17.23,83.85,0.0,16.15
image_0660.jpg,label_0660.png,True,False,False,57.02,0.0,42.98,58.09,0.0,41.91
image_0661.jpg,label_0661.png,True,False,False,42.82,0.13,57.05,43.88,0.13,55.99
image_0662.jpg,label_0662.png,True,False,False,58.47,0.13,41.4,60.98,0.13,38.89
image_0663.jpg,label_0663.png,True,False,False,82.13,0.0,17.87,84.48,0.0,15.52
image_0664.jpg,label_0664.png,True,False,False,81.12,0.0,18.88,81.34,0.0,18.66
image_0665.jpg,label_0665.png,False,False,True,81.81,0.0,18.19,82.64,0.0,17.36
image_0666.jpg,label_0666.png,False,True,False,90.6,0.0,9.4,91.26,0.0,8.74
image_0667.jpg,label_0667.png,True,False,False,65.13,0.02,34.85,67.39,0.02,32.59
image_0668.jpg,label_0668.png,False,False,True,2.77,96.62,0.61,3.02,96.62,0.37
image_0669.jpg,label_0669.png,True,False,False,2.8,96.69,0.51,3.14,96.55,0.32
image_0670.jpg,label_0670.png,True,False,False,0.03,2.66,97.31,0.02,2.65,97.33
image_0671.jpg,label_0671.png,True,False,False,0.16,1.8,98.05,0.05,1.93,98.02
image_0672.jpg,label_0672.png,True,False,False,0.8,7.45,91.75,0.23,6.78,92.99
image_0673.jpg,label_0673.png,True,False,False,0.31,13.76,85.93,0.18,12.74,87.08
image_0674.jpg,label_0674.png,False,True,False,0.11,5.72,94.17,0.1,5.62,94.28
image_0675.jpg,label_0675.png,True,False,False,0.1,11.62,88.27,0.11,10.67,89.22
image_0676.jpg,label_0676.png,True,False,False,0.26,9.19,90.55,0.18,8.03,91.79
image_0677.jpg,label_0677.png,True,False,False,0.21,14.34,85.45,0.13,13.21,86.66
image_0678.jpg,label_0678.png,True,False,False,0.0,0.81,99.19,0.35,0.8,98.85
image_0679.jpg,label_0679.png,True,False,False,0.68,2.04,97.29,0.68,1.89,97.44
image_0680.jpg,label_0680.png,True,False,False,0.25,10.44,89.31,0.26,9.82,89.92
image_0681.jpg,label_0681.png,True,False,False,2.48,4.39,93.14,1.81,4.13,94.06
image_0682.jpg,label_0682.png,True,False,False,1.61,2.14,96.25,1.54,1.94,96.52
image_0683.jpg,label_0683.png,True,False,False,0.05,1.41,98.54,0.03,1.17,98.8
image_0684.jpg,label_0684.png,True,False,False,1.36,5.71,92.93,0.71,5.19,94.1
image_0685.jpg,label_0685.png,True,False,False,1.71,6.65,91.65,1.02,5.86,93.12
image_0686.jpg,label_0686.png,True,False,False,0.21,12.29,87.5,0.25,11.32,88.43
image_0687.jpg,label_0687.png,True,False,False,0.33,15.41,84.26,0.28,13.83,85.89
image_0688.jpg,label_0688.png,False,False,True,0.08,10.89,89.04,0.04,9.54,90.42
image_0689.jpg,label_0689.png,True,False,False,0.1,10.91,88.99,0.13,10.24,89.63
image_0690.jpg,label_0690.png,True,False,False,0.02,1.79,98.2,0.03,1.61,98.36
image_0691.jpg,label_0691.png,True,False,False,0.02,1.81,98.17,0.02,1.57,98.41
image_0692.jpg,label_0692.png,True,False,False,0.13,3.42,96.45,0.05,3.25,96.7
image_0693.jpg,label_0693.png,False,False,True,0.09,11.24,88.67,0.12,10.62,89.26
image_0694.jpg,label_0694.png,True,False,False,2.55,7.3,90.15,1.85,6.57,91.58
image_0695.jpg,label_0695.png,True,False,False,0.06,10.2,89.74,0.07,9.32,90.62
image_0696.jpg,label_0696.png,False,True,False,0.67,6.62,92.71,0.64,5.76,93.6
image_0697.jpg,label_0697.png,False,False,True,0.09,3.68,96.23,0.03,3.44,96.52
image_0698.jpg,label_0698.png,True,False,False,0.02,5.24,94.75,0.02,4.81,95.17
image_0699.jpg,label_0699.png,True,False,False,0.05,5.32,94.63,0.03,5.13,94.84
image_0700.jpg,label_0700.png,False,True,False,0.73,6.79,92.47,0.12,6.38,93.5
image_0701.jpg,label_0701.png,True,False,False,0.14,4.78,95.08,0.11,4.46,95.43
image_0702.jpg,label_0702.png,True,False,False,0.01,1.81,98.18,0.02,1.72,98.26
image_0703.jpg,label_0703.png,True,False,False,1.75,3.42,94.84,1.73,3.2,95.07
image_0704.jpg,label_0704.png,False,False,True,1.82,0.81,97.36,1.59,0.67,97.74
image_0705.jpg,label_0705.png,True,False,False,0.02,0.85,99.14,0.34,0.7,98.95
image_0706.jpg,label_0706.png,True,False,False,0.43,0.74,98.83,0.37,0.66,98.97
image_0707.jpg,label_0707.png,False,False,True,0.06,0.23,99.7,0.0,0.18,99.81
image_0708.jpg,label_0708.png,True,False,False,0.0,0.36,99.64,0.0,0.33,99.67
image_0709.jpg,label_0709.png,True,False,False,0.0,0.51,99.49,0.0,0.47,99.53
image_0710.jpg,label_0710.png,True,False,False,0.0,0.08,99.92,0.0,0.08,99.92
image_0711.jpg,label_0711.png,True,False,False,0.0,0.43,99.57,0.0,0.39,99.61
image_0712.jpg,label_0712.png,True,False,False,0.25,7.45,92.3,0.68,7.58,91.73
image_0713.jpg,label_0713.png,False,True,False,0.47,5.86,93.68,0.31,5.46,94.22
image_0714.jpg,label_0714.png,False,False,True,0.01,3.18,96.81,0.66,3.31,96.03
image_0715.jpg,label_0715.png,True,False,False,0.49,4.92,94.59,0.65,4.38,94.97
image_0716.jpg,label_0716.png,True,False,False,0.3,0.69,99.01,0.12,0.55,99.33
image_0717.jpg,label_0717.png,True,False,False,0.03,7.92,92.04,0.02,7.18,92.81
image_0718.jpg,label_0718.png,True,False,False,14.41,9.25,76.34,12.39,7.78,79.82
image_0719.jpg,label_0719.png,True,False,False,17.91,8.75,73.34,16.1,7.25,76.65
image_0720.jpg,label_0720.png,False,False,True,0.48,9.67,89.85,0.5,8.9,90.6
image_0721.jpg,label_0721.png,True,False,False,1.3,17.63,81.07,3.14,16.43,80.43
image_0722.jpg,label_0722.png,True,False,False,0.31,6.35,93.34,0.15,6.16,93.68
image_0723.jpg,label_0723.png,True,False,False,0.18,3.98,95.84,0.08,3.71,96.21
image_0724.jpg,label_0724.png,True,False,False,0.83,14.7,84.47,0.37,13.71,85.92
image_0725.jpg,label_0725.png,True,False,False,0.9,11.46,87.64,1.16,10.6,88.23
image_0726.jpg,label_0726.png,False,True,False,8.12,1.65,90.24,7.09,1.53,91.38
image_0727.jpg,label_0727.png,True,False,False,18.0,1.62,80.39,16.89,1.57,81.55
image_0728.jpg,label_0728.png,True,False,False,11.85,0.33,87.83,11.15,0.37,88.48
image_0729.jpg,label_0729.png,True,False,False,13.44,0.38,86.18,12.51,0.34,87.15
image_0730.jpg,label_0730.png,True,False,False,15.1,0.32,84.58,15.78,0.31,83.9
image_0731.jpg,label_0731.png,True,False,False,6.91,1.31,91.77,5.76,1.23,93.01
image_0732.jpg,label_0732.png,True,False,False,3.8,2.05,94.15,3.94,2.04,94.02
image_0733.jpg,label_0733.png,True,False,False,3.09,5.12,91.78,2.44,4.76,92.81
image_0734.jpg,label_0734.png,True,False,False,6.74,0.41,92.84,5.86,0.41,93.73
image_0735.jpg,label_0735.png,True,False,False,5.61,0.11,94.28,5.31,0.12,94.58
image_0736.jpg,label_0736.png,True,False,False,37.96,0.37,61.67,40.15,0.38,59.46
image_0737.jpg,label_0737.png,True,False,False,7.43,0.37,92.2,8.99,0.35,90.66
image_0738.jpg,label_0738.png,True,False,False,11.06,0.25,88.69,10.73,0.23,89.05
image_0739.jpg,label_0739.png,True,False,False,0.07,6.33,93.6,0.02,5.83,94.15
image_0740.jpg,label_0740.png,True,False,False,0.03,7.32,92.65,0.03,7.04,92.93
image_0741.jpg,label_0741.png,False,False,True,0.02,4.13,95.85,0.03,3.85,96.12
image_0742.jpg,label_0742.png,True,False,False,1.16,5.74,93.1,1.0,5.58,93.41
image_0743.jpg,label_0743.png,True,False,False,5.6,0.87,93.53,4.67,0.8,94.53
image_0744.jpg,label_0744.png,True,False,False,8.51,0.47,91.02,7.21,0.45,92.34
image_0745.jpg,label_0745.png,True,False,False,1.12,3.59,95.29,1.08,3.39,95.53
image_0746.jpg,label_0746.png,True,False,False,2.78,1.63,95.59,2.57,1.56,95.88
image_0747.jpg,label_0747.png,True,False,False,1.56,3.58,94.86,1.64,3.81,94.54
image_0748.jpg,label_0748.png,True,False,False,0.32,3.26,96.43,0.31,3.39,96.3
image_0749.jpg,label_0749.png,True,False,False,0.09,1.08,98.83,0.13,1.0,98.87
image_0750.jpg,label_0750.png,True,False,False,0.05,7.53,92.42,0.02,6.89,93.08
image_0751.jpg,label_0751.png,True,False,False,0.04,2.67,97.29,0.01,2.55,97.44
image_0752.jpg,label_0752.png,False,False,True,0.06,1.51,98.43,0.0,1.41,98.58
image_0753.jpg,label_0753.png,True,False,False,1.41,7.96,90.62,1.2,7.15,91.65
image_0754.jpg,label_0754.png,True,False,False,9.5,10.2,80.3,6.15,8.96,84.89
image_0755.jpg,label_0755.png,True,False,False,13.78,6.56,79.66,9.96,6.09,83.95
image_0756.jpg,label_0756.png,True,False,False,14.03,7.86,78.12,10.52,7.08,82.41
image_0757.jpg,label_0757.png,True,False,False,16.23,4.72,79.05,13.18,4.3,82.51
image_0758.jpg,label_0758.png,False,False,True,38.47,5.81,55.73,32.6,5.26,62.14
image_0759.jpg,label_0759.png,True,False,False,23.63,13.53,62.84,24.23,12.92,62.85
image_0760.jpg,label_0760.png,True,False,False,45.46,9.26,45.28,43.35,8.99,47.66
image_0761.jpg,label_0761.png,True,False,False,45.43,9.29,45.28,44.05,9.07,46.88
image_0762.jpg,label_0762.png,True,False,False,32.77,4.3,62.93,32.17,4.14,63.69
image_0763.jpg,label_0763.png,True,False,False,48.0,1.5,50.5,46.97,1.49,51.54
image_0764.jpg,label_0764.png,True,False,False,6.01,7.5,86.49,6.23,7.22,86.55
image_0765.jpg,label_0765.png,True,False,False,5.04,8.07,86.9,2.25,7.29,90.46
image_0766.jpg,label_0766.png,True,False,False,19.37,2.64,77.99,18.92,2.57,78.51
image_0767.jpg,label_0767.png,True,False,False,0.13,9.62,90.25,0.08,9.03,90.89
image_0768.jpg,label_0768.png,True,False,False,0.3,11.0,88.7,0.13,10.83,89.04
image_0769.jpg,label_0769.png,True,False,False,0.32,11.64,88.04,0.2,10.86,88.94
image_0770.jpg,label_0770.png,True,False,False,1.37,8.15,90.49,0.05,7.08,92.87
image_0771.jpg,label_0771.png,True,False,False,0.05,3.17,96.79,0.07,3.23,96.7
image_0772.jpg,label_0772.png,True,False,False,0.4,7.17,92.43,0.13,6.73,93.14
image_0773.jpg,label_0773.png,True,False,False,40.29,6.13,53.58,39.31,6.01,54.68
image_0774.jpg,label_0774.png,True,False,False,41.24,8.51,50.25,38.72,8.18,53.1
image_0775.jpg,label_0775.png,True,False,False,39.36,5.17,55.48,36.76,4.92,58.32
image_0776.jpg,label_0776.png,True,False,False,38.92,8.37,52.71,39.49,8.13,52.38
image_0777.jpg,label_0777.png,True,False,False,13.11,5.6,81.29,14.22,5.85,79.93
image_0778.jpg,label_0778.png,True,False,False,1.87,13.17,84.96,1.21,11.87,86.93
image_0779.jpg,label_0779.png,True,False,False,1.19,10.85,87.97,0.94,10.66,88.4
image_0780.jpg,label_0780.png,True,False,False,40.33,4.0,55.67,39.77,3.84,56.39
image_0781.jpg,label_0781.png,False,True,False,10.46,7.77,81.77,8.92,6.95,84.12
image_0782.jpg,label_0782.png,True,False,False,25.38,8.49,66.13,23.8,7.94,68.26
image_0783.jpg,label_0783.png,True,False,False,6.33,5.76,87.91,3.91,4.93,91.15
image_0784.jpg,label_0784.png,True,False,False,2.82,11.1,86.09,1.88,13.17,84.94
image_0785.jpg,label_0785.png,False,False,True,2.19,5.34,92.47,1.86,5.95,92.19
image_0786.jpg,label_0786.png,True,False,False,0.09,2.24,97.67,0.0,1.91,98.09
image_0787.jpg,label_0787.png,False,False,True,0.14,0.97,98.89,0.55,1.2,98.25
image_0788.jpg,label_0788.png,True,False,False,17.33,0.06,82.61,17.67,0.07,82.26
image_0789.jpg,label_0789.png,True,False,False,34.62,0.51,64.87,35.25,0.5,64.25
image_0790.jpg,label_0790.png,True,False,False,21.48,0.04,78.48,22.22,0.05,77.73
image_0791.jpg,label_0791.png,True,False,False,23.0,0.01,77.0,23.46,0.05,76.49
image_0792.jpg,label_0792.png,True,False,False,13.66,0.06,86.28,12.54,0.09,87.37
image_0793.jpg,label_0793.png,True,False,False,61.25,0.32,38.43,59.95,0.34,39.71
image_0794.jpg,label_0794.png,False,False,True,27.93,2.74,69.33,28.41,2.93,68.66
image_0795.jpg,label_0795.png,True,False,False,72.35,0.0,27.65,74.01,0.13,25.87
image_0796.jpg,label_0796.png,False,True,False,5.32,0.51,94.18,4.92,0.73,94.35
image_0797.jpg,label_0797.png,True,False,False,81.95,1.86,16.19,82.69,1.93,15.38
image_0798.jpg,label_0798.png,True,False,False,64.49,0.0,35.51,66.11,0.0,33.89
image_0799.jpg,label_0799.png,True,False,False,15.98,0.0,84.02,16.86,0.0,83.14
image_0800.jpg,label_0800.png,True,False,False,29.04,0.0,70.96,28.31,0.0,71.69
image_0801.jpg,label_0801.png,False,True,False,4.83,0.0,95.17,5.45,0.0,94.55
image_0802.jpg,label_0802.png,True,False,False,0.0,0.0,100.0,0.51,0.0,99.49
image_0803.jpg,label_0803.png,True,False,False,0.0,0.0,100.0,3.34,0.0,96.66
image_0804.jpg,label_0804.png,False,False,True,0.0,0.0,100.0,1.68,0.0,98.32
image_0805.jpg,label_0805.png,True,False,False,0.0,0.0,100.0,3.43,0.0,96.57
image_0806.jpg,label_0806.png,True,False,False,0.0,0.0,100.0,0.68,0.0,99.32
image_0807.jpg,label_0807.png,True,False,False,0.0,0.0,100.0,1.87,0.0,98.13
image_0808.jpg,label_0808.png,True,False,False,0.0,0.0,100.0,1.24,0.0,98.76
image_0809.jpg,label_0809.png,True,False,False,0.1,0.0,99.9,3.93,0.0,96.07
image_0810.jpg,label_0810.png,True,False,False,0.0,0.0,100.0,1.06,0.0,98.94
image_0811.jpg,label_0811.png,False,True,False,0.0,0.0,100.0,3.43,0.0,96.57
image_0812.jpg,label_0812.png,True,False,False,18.16,0.0,81.84,15.88,0.0,84.12
image_0813.jpg,label_0813.png,False,False,True,12.0,0.0,88.0,14.03,0.0,85.97
image_0814.jpg,label_0814.png,True,False,False,0.23,0.05,99.73,0.72,0.05,99.23
image_0815.jpg,label_0815.png,False,True,False,1.2,0.02,98.78,1.23,0.01,98.76
image_0816.jpg,label_0816.png,True,False,False,1.06,0.03,98.91,1.11,0.03,98.87
image_0817.jpg,label_0817.png,True,False,False,0.0,0.0,100.0,0.09,0.01,99.89
image_0818.jpg,label_0818.png,True,False,False,0.0,0.0,100.0,1.35,0.05,98.61
image_0819.jpg,label_0819.png,True,False,False,0.0,0.0,100.0,0.67,0.08,99.25
image_0820.jpg,label_0820.png,True,False,False,0.0,0.0,100.0,0.11,0.01,99.88
image_0821.jpg,label_0821.png,True,False,False,0.0,0.0,100.0,0.03,0.03,99.94
image_0822.jpg,label_0822.png,False,True,False,0.0,0.02,99.98,0.11,0.06,99.83
image_0823.jpg,label_0823.png,False,True,False,0.0,0.0,100.0,0.44,0.1,99.46
image_0824.jpg,label_0824.png,True,False,False,0.16,0.0,99.84,0.57,0.01,99.41
image_0825.jpg,label_0825.png,True,False,False,6.44,0.19,93.37,6.79,0.16,93.05
image_0826.jpg,label_0826.png,True,False,False,2.2,0.04,97.76,2.58,0.04,97.39
image_0827.jpg,label_0827.png,False,True,False,0.01,0.23,99.76,0.21,0.14,99.65
image_0828.jpg,label_0828.png,True,False,False,0.0,0.09,99.91,0.13,0.04,99.83
image_0829.jpg,label_0829.png,True,False,False,0.33,0.04,99.64,0.36,0.02,99.61
image_0830.jpg,label_0830.png,False,False,True,0.0,0.0,100.0,2.35,0.03,97.62
image_0831.jpg,label_0831.png,True,False,False,0.57,0.01,99.42,3.19,0.04,96.77
image_0832.jpg,label_0832.png,True,False,False,0.34,0.0,99.66,0.86,0.0,99.14
image_0833.jpg,label_0833.png,True,False,False,2.44,0.03,97.53,1.89,0.03,98.09
image_0834.jpg,label_0834.png,False,False,True,3.71,0.01,96.28,6.32,0.06,93.62
image_0835.jpg,label_0835.png,True,False,False,0.18,0.02,99.8,0.53,0.03,99.44
image_0836.jpg,label_0836.png,True,False,False,13.88,0.03,86.09,0.92,0.07,99.01
image_0837.jpg,label_0837.png,True,False,False,31.39,0.5,68.11,31.5,0.52,67.98
image_0838.jpg,label_0838.png,True,False,False,15.72,1.04,83.24,13.4,0.97,85.63
image_0839.jpg,label_0839.png,True,False,False,25.66,0.82,73.52,24.63,0.78,74.59
image_0840.jpg,label_0840.png,True,False,False,16.13,1.18,82.69,16.45,1.17,82.39
image_0841.jpg,label_0841.png,True,False,False,29.63,0.39,69.97,28.19,0.39,71.42
image_0842.jpg,label_0842.png,True,False,False,25.75,0.38,73.87,25.21,0.37,74.42
image_0843.jpg,label_0843.png,True,False,False,25.17,0.2,74.63,24.87,0.23,74.9
image_0844.jpg,label_0844.png,True,False,False,26.63,0.38,72.99,23.51,0.37,76.12
image_0845.jpg,label_0845.png,True,False,False,15.1,0.28,84.62,13.34,0.26,86.4
image_0846.jpg,label_0846.png,True,False,False,0.0,0.05,99.95,3.57,0.19,96.25
image_0847.jpg,label_0847.png,True,False,False,0.49,0.0,99.51,5.01,0.06,94.93
image_0848.jpg,label_0848.png,True,False,False,20.11,0.83,79.05,18.92,0.78,80.3
image_0849.jpg,label_0849.png,True,False,False,16.32,0.37,83.31,17.28,0.39,82.33
image_0850.jpg,label_0850.png,False,True,False,64.01,0.6,35.39,65.53,0.61,33.86
image_0851.jpg,label_0851.png,True,False,False,45.87,0.4,53.72,46.52,0.43,53.05
image_0852.jpg,label_0852.png,True,False,False,58.47,0.97,40.56,60.89,0.93,38.18
image_0853.jpg,label_0853.png,True,False,False,40.13,0.66,59.2,44.18,0.67,55.15
image_0854.jpg,label_0854.png,True,False,False,36.23,0.4,63.37,34.33,0.45,65.22
image_0855.jpg,label_0855.png,True,False,False,45.15,0.56,54.29,45.94,0.58,53.48
image_0856.jpg,label_0856.png,True,False,False,28.5,0.85,70.64,32.88,0.83,66.29
image_0857.jpg,label_0857.png,True,False,False,32.14,0.41,67.45,30.78,0.42,68.8
image_0858.jpg,label_0858.png,True,False,False,10.93,1.41,87.66,9.55,1.29,89.17
image_0859.jpg,label_0859.png,True,False,False,14.99,1.12,83.89,13.65,1.14,85.21
image_0860.jpg,label_0860.png,True,False,False,88.4,0.0,11.6,88.56,0.0,11.44
image_0861.jpg,label_0861.png,True,False,False,81.25,0.0,18.75,83.7,0.0,16.3
image_0862.jpg,label_0862.png,True,False,False,1.29,0.04,98.67,1.5,0.05,98.45
image_0863.jpg,label_0863.png,False,False,True,3.7,0.0,96.3,3.7,0.0,96.3
image_0864.jpg,label_0864.png,True,False,False,0.62,0.0,99.38,0.5,0.0,99.5
image_0865.jpg,label_0865.png,True,False,False,1.98,0.0,98.02,2.7,0.0,97.3
image_0866.jpg,label_0866.png,True,False,False,7.44,0.0,92.55,7.57,0.0,92.43
image_0867.jpg,label_0867.png,False,False,True,0.0,0.0,100.0,0.58,0.0,99.42
image_0868.jpg,label_0868.png,True,False,False,1.76,0.0,98.24,1.68,0.0,98.32
image_0869.jpg,label_0869.png,False,False,True,8.02,0.0,91.98,6.32,0.0,93.68
image_0870.jpg,label_0870.png,True,False,False,0.26,0.0,99.74,0.3,0.0,99.7
image_0871.jpg,label_0871.png,False,True,False,7.39,0.0,92.61,7.92,0.0,92.08
image_0872.jpg,label_0872.png,True,False,False,4.95,0.0,95.05,5.48,0.0,94.52
image_0873.jpg,label_0873.png,False,False,True,2.45,0.0,97.55,3.4,0.0,96.6
image_0874.jpg,label_0874.png,True,False,False,63.12,0.0,36.88,66.12,0.0,33.88
image_0875.jpg,label_0875.png,True,False,False,48.77,0.0,51.23,52.7,0.0,47.3
image_0876.jpg,label_0876.png,True,False,False,44.39,0.0,55.61,50.81,0.0,49.19
image_0877.jpg,label_0877.png,True,False,False,14.03,0.0,85.97,14.18,0.0,85.82
image_0878.jpg,label_0878.png,False,True,False,16.29,0.0,83.71,16.3,0.0,83.7
image_0879.jpg,label_0879.png,True,False,False,8.76,0.0,91.24,9.03,0.0,90.97
image_0880.jpg,label_0880.png,True,False,False,14.37,0.0,85.63,16.69,0.0,83.31
image_0881.jpg,label_0881.png,True,False,False,3.97,0.0,96.03,4.96,0.0,95.04
image_0882.jpg,label_0882.png,True,False,False,59.44,0.0,40.56,60.98,0.0,39.02
image_0883.jpg,label_0883.png,True,False,False,32.23,0.0,67.77,33.15,0.0,66.85
image_0884.jpg,label_0884.png,True,False,False,0.0,0.0,100.0,0.22,0.0,99.78
image_0885.jpg,label_0885.png,True,False,False,6.59,0.0,93.41,6.49,0.0,93.51
image_0886.jpg,label_0886.png,False,False,True,0.0,0.0,100.0,0.07,0.0,99.93
image_0887.jpg,label_0887.png,True,False,False,0.08,0.0,99.92,0.15,0.0,99.85
image_0888.jpg,label_0888.png,True,False,False,0.53,0.0,99.47,0.45,0.0,99.55
image_0889.jpg,label_0889.png,True,False,False,45.72,0.0,54.28,50.62,0.0,49.38
image_0890.jpg,label_0890.png,True,False,False,50.72,0.0,49.28,52.85,0.0,47.15
image_0891.jpg,label_0891.png,True,False,False,67.88,0.0,32.12,72.39,0.0,27.61
image_0892.jpg,label_0892.png,True,False,False,63.92,0.0,36.08,63.91,0.0,36.09
image_0893.jpg,label_0893.png,True,False,False,0.0,0.0,100.0,0.0,0.0,100.0
image_0894.jpg,label_0894.png,True,False,False,0.0,0.0,100.0,0.0,0.0,100.0
image_0895.jpg,label_0895.png,True,False,False,0.0,0.0,100.0,0.0,0.0,100.0
image_0896.jpg,label_0896.png,True,False,False,0.0,0.06,99.94,0.56,0.27,99.17
image_0897.jpg,label_0897.png,False,False,True,0.0,0.18,99.82,1.89,0.38,97.73
image_0898.jpg,label_0898.png,False,True,False,0.0,0.04,99.96,0.49,0.29,99.21
image_0899.jpg,label_0899.png,True,False,False,0.0,0.11,99.89,2.06,0.25,97.69
image_0900.jpg,label_0900.png,True,False,False,0.0,0.34,99.66,1.24,0.61,98.15
image_0901.jpg,label_0901.png,True,False,False,0.0,0.1,99.9,3.97,0.35,95.68
image_0902.jpg,label_0902.png,True,False,False,0.0,0.08,99.92,3.22,0.19,96.6
image_0903.jpg,label_0903.png,True,False,False,0.0,0.18,99.82,2.43,0.38,97.19
image_0904.jpg,label_0904.png,True,False,False,0.0,0.09,99.91,2.78,0.25,96.97
image_0905.jpg,label_0905.png,False,False,True,0.0,0.03,99.97,1.98,0.07,97.95
image_0906.jpg,label_0906.png,True,False,False,0.0,0.06,99.94,0.66,0.21,99.12
image_0907.jpg,label_0907.png,True,False,False,0.26,0.06,99.69,0.74,0.2,99.07
image_0908.jpg,label_0908.png,True,False,False,0.0,0.0,100.0,1.39,0.05,98.57
image_0909.jpg,label_0909.png,True,False,False,0.0,0.0,100.0,2.21,0.03,97.76
image_0910.jpg,label_0910.png,False,False,True,0.0,0.41,99.59,1.06,0.83,98.11
image_0911.jpg,label_0911.png,True,False,False,0.0,0.09,99.91,2.73,0.52,96.76
image_0912.jpg,label_0912.png,True,False,False,0.0,0.03,99.97,1.8,0.28,97.92
image_0913.jpg,label_0913.png,False,True,False,2.39,0.6,97.01,2.86,0.49,96.65
image_0914.jpg,label_0914.png,True,False,False,15.55,0.92,83.52,15.57,0.89,83.54
image_0915.jpg,label_0915.png,True,False,False,16.0,0.62,83.39,12.87,0.55,86.58
image_0916.jpg,label_0916.png,True,False,False,19.19,0.91,79.9,18.64,0.86,80.5
image_0917.jpg,label_0917.png,True,False,False,17.09,0.64,82.26,11.72,0.52,87.76
image_0918.jpg,label_0918.png,True,False,False,14.84,0.9,84.25,13.23,0.79,85.98
image_0919.jpg,label_0919.png,True,False,False,7.44,0.55,92.01,4.21,0.43,95.37
image_0920.jpg,label_0920.png,False,False,True,10.29,1.2,88.51,8.33,1.05,90.62
image_0921.jpg,label_0921.png,True,False,False,13.91,1.04,85.05,15.16,0.97,83.87
image_0922.jpg,label_0922.png,False,True,False,5.49,0.82,93.69,3.9,0.69,95.41
image_0923.jpg,label_0923.png,True,False,False,24.62,0.92,74.46,23.78,0.91,75.31
image_0924.jpg,label_0924.png,True,False,False,11.44,0.66,87.91,11.15,0.66,88.19
image_0925.jpg,label_0925.png,True,False,False,5.89,0.35,93.76,5.88,0.33,93.78
image_0926.jpg,label_0926.png,True,False,False,15.85,0.64,83.51,16.88,0.61,82.52
image_0927.jpg,label_0927.png,True,False,False,7.86,0.53,91.6,7.16,0.5,92.34
image_0928.jpg,label_0928.png,False,True,False,2.87,0.34,96.79,2.8,0.33,96.87
image_0929.jpg,label_0929.png,True,False,False,20.02,1.38,78.6,16.83,1.24,81.94
image_0930.jpg,label_0930.png,True,False,False,0.0,0.27,99.73,2.16,0.55,97.29
image_0931.jpg,label_0931.png,True,False,False,0.0,0.09,99.91,2.64,0.29,97.08
image_0932.jpg,label_0932.png,True,False,False,0.0,0.46,99.54,0.56,0.58,98.86
image_0933.jpg,label_0933.png,True,False,False,0.0,0.03,99.97,0.5,0.25,99.26
image_0934.jpg,label_0934.png,True,False,False,0.0,0.39,99.61,1.56,0.65,97.79
image_0935.jpg,label_0935.png,True,False,False,0.0,0.49,99.51,1.41,0.86,97.72
image_0936.jpg,label_0936.png,True,False,False,19.07,0.86,80.08,19.43,0.8,79.77
image_0937.jpg,label_0937.png,False,False,True,9.67,0.74,89.6,10.97,0.65,88.38
image_0938.jpg,label_0938.png,True,False,False,5.63,0.54,93.83,5.72,0.45,93.83
image_0939.jpg,label_0939.png,True,False,False,0.0,0.19,99.81,1.62,0.49,97.89
image_0940.jpg,label_0940.png,False,False,True,0.0,0.16,99.84,2.01,0.44,97.55
image_0941.jpg,label_0941.png,True,False,False,0.0,0.76,99.24,7.62,1.22,91.15
image_0942.jpg,label_0942.png,True,False,False,0.0,0.16,99.84,5.21,0.44,94.35
image_0943.jpg,label_0943.png,False,False,True,7.59,0.45,91.97,12.54,0.4,87.06
image_0944.jpg,label_0944.png,True,False,False,10.68,0.73,88.59,14.82,0.71,84.47
image_0945.jpg,label_0945.png,True,False,False,3.78,0.43,95.78,4.64,0.39,94.97
image_0946.jpg,label_0946.png,True,False,False,1.14,1.1,97.76,1.33,0.97,97.7
image_0947.jpg,label_0947.png,True,False,False,0.0,0.39,99.61,2.07,0.6,97.33
image_0948.jpg,label_0948.png,True,False,False,0.65,0.61,98.74,2.17,1.06,96.77
image_0949.jpg,label_0949.png,True,False,False,1.56,0.74,97.69,2.22,0.96,96.82
image_0950.jpg,label_0950.png,True,False,False,1.16,1.07,97.77,3.67,1.33,95.01
image_0951.jpg,label_0951.png,False,False,True,0.35,0.24,99.41,0.79,0.66,98.55
image_0952.jpg,label_0952.png,False,False,True,0.57,0.59,98.83,1.34,0.97,97.68
image_0953.jpg,label_0953.png,True,False,False,9.52,0.71,89.77,6.9,0.6,92.5
image_0954.jpg,label_0954.png,True,False,False,9.23,0.35,90.42,10.88,0.33,88.78
image_0955.jpg,label_0955.png,True,False,False,11.22,0.67,88.1,15.38,0.7,83.92
image_0956.jpg,label_0956.png,True,False,False,5.41,0.47,94.12,3.68,0.38,95.94
image_0957.jpg,label_0957.png,False,False,True,2.99,0.53,96.48,2.82,0.52,96.66
image_0958.jpg,label_0958.png,True,False,False,21.57,0.8,77.63,24.52,0.77,74.71
image_0959.jpg,label_0959.png,True,False,False,5.97,0.82,93.21,5.56,0.73,93.71
image_0960.jpg,label_0960.png,True,False,False,5.87,0.53,93.59,5.28,0.5,94.22
image_0961.jpg,label_0961.png,True,False,False,18.81,0.92,80.27,18.43,0.81,80.76
image_0962.jpg,label_0962.png,True,False,False,11.33,0.76,87.91,10.46,0.67,88.87
image_0963.jpg,label_0963.png,True,False,False,8.0,0.62,91.38,7.29,0.66,92.05
image_0964.jpg,label_0964.png,True,False,False,0.0,0.41,99.59,0.34,0.63,99.03
image_0965.jpg,label_0965.png,True,False,False,0.0,0.36,99.64,0.2,0.78,99.03
image_0966.jpg,label_0966.png,True,False,False,0.0,0.14,99.86,0.09,0.66,99.25
image_0967.jpg,label_0967.png,True,False,False,55.13,2.08,42.79,56.21,1.97,41.83
image_0968.jpg,label_0968.png,True,False,False,35.83,1.61,62.55,34.74,1.53,63.74
image_0969.jpg,label_0969.png,False,True,False,33.97,1.3,64.73,36.67,1.26,62.07
image_0970.jpg,label_0970.png,True,False,False,25.95,0.99,73.06,24.93,0.96,74.11
image_0971.jpg,label_0971.png,True,False,False,45.56,1.07,53.37,45.56,1.07,53.37
image_0972.jpg,label_0972.png,True,False,False,30.29,1.17,68.54,28.86,1.16,69.98
image_0973.jpg,label_0973.png,False,True,False,33.99,1.84,64.17,33.49,1.93,64.58
image_0974.jpg,label_0974.png,True,False,False,14.07,1.11,84.82,15.85,1.14,83.01
image_0975.jpg,label_0975.png,True,False,False,63.65,1.03,35.32,64.87,1.07,34.07
image_0976.jpg,label_0976.png,True,False,False,67.89,0.61,31.49,67.77,0.65,31.58
image_0977.jpg,label_0977.png,True,False,False,14.17,0.28,85.54,15.46,0.28,84.26
image_0978.jpg,label_0978.png,False,True,False,25.79,0.88,73.33,26.73,0.85,72.42
image_0979.jpg,label_0979.png,True,False,False,42.23,1.13,56.64,45.49,1.13,53.38
image_0980.jpg,label_0980.png,True,False,False,0.0,0.35,99.65,1.1,0.64,98.26
image_0981.jpg,label_0981.png,True,False,False,0.0,0.19,99.81,0.36,0.55,99.1
image_0982.jpg,label_0982.png,True,False,False,0.0,0.23,99.77,0.05,0.48,99.47
image_0983.jpg,label_0983.png,True,False,False,0.19,0.34,99.47,0.31,0.45,99.24
image_0984.jpg,label_0984.png,True,False,False,0.0,0.19,99.81,0.04,0.73,99.23
image_0985.jpg,label_0985.png,True,False,False,88.92,0.88,10.2,89.85,0.9,9.25
image_0986.jpg,label_0986.png,True,False,False,8.38,0.07,91.55,10.41,0.1,89.49
image_0987.jpg,label_0987.png,False,False,True,0.0,0.13,99.87,3.55,0.14,96.31
image_0988.jpg,label_0988.png,True,False,False,8.72,0.46,90.83,7.18,0.37,92.45
image_0989.jpg,label_0989.png,True,False,False,23.03,0.55,76.43,24.73,0.6,74.67
image_0990.jpg,label_0990.png,True,False,False,12.34,0.76,86.91,13.21,0.69,86.1
image_0991.jpg,label_0991.png,True,False,False,5.93,0.64,93.43,6.75,0.61,92.63
image_0992.jpg,label_0992.png,False,True,False,0.0,0.52,99.48,0.1,0.85,99.05
image_0993.jpg,label_0993.png,True,False,False,0.0,0.59,99.41,0.05,0.84,99.11
image_0994.jpg,label_0994.png,True,False,False,0.0,0.06,99.94,0.43,0.44,99.13
image_0995.jpg,label_0995.png,True,False,False,56.33,0.63,43.05,58.03,0.62,41.34
image_0996.jpg,label_0996.png,True,False,False,10.03,2.36,87.61,10.34,2.66,87.0
image_0997.jpg,label_0997.png,True,False,False,44.93,0.71,54.36,46.0,0.67,53.34
image_0998.jpg,label_0998.png,True,False,False,55.41,2.58,42.01,53.44,2.57,43.99
image_0999.jpg,label_0999.png,True,False,False,0.13,1.41,98.47,0.33,1.34,98.33
image_1000.jpg,label_1000.png,True,False,False,0.0,0.04,99.96,1.52,0.08,98.4
image_1001.jpg,label_1001.png,True,False,False,6.63,0.0,93.37,6.43,0.12,93.45
image_1002.jpg,label_1002.png,True,False,False,2.6,0.24,97.16,2.7,0.2,97.11
image_1003.jpg,label_1003.png,False,False,True,3.21,0.18,96.6,3.04,0.14,96.82
image_1004.jpg,label_1004.png,True,False,False,36.18,1.43,62.39,32.9,1.89,65.21
image_1005.jpg,label_1005.png,True,False,False,18.66,0.33,81.02,20.19,0.36,79.45
image_1006.jpg,label_1006.png,True,False,False,0.78,0.04,99.18,0.93,0.22,98.85
image_1007.jpg,label_1007.png,True,False,False,4.15,0.0,95.85,4.6,0.0,95.4
image_1008.jpg,label_1008.png,True,False,False,6.0,0.05,93.95,7.93,0.05,92.02
image_1009.jpg,label_1009.png,False,False,True,33.47,0.22,66.31,32.8,0.21,66.98
image_1010.jpg,label_1010.png,True,False,False,60.86,0.37,38.77,60.4,0.44,39.17
image_1011.jpg,label_1011.png,True,False,False,56.67,0.38,42.96,58.8,0.52,40.68
image_1012.jpg,label_1012.png,True,False,False,26.11,0.29,73.6,29.71,0.3,69.99
image_1013.jpg,label_1013.png,True,False,False,23.86,0.96,75.18,27.45,0.94,71.61
image_1014.jpg,label_1014.png,False,False,True,2.93,1.7,95.37,3.12,1.68,95.2
image_1015.jpg,label_1015.png,True,False,False,1.46,0.6,97.95,2.76,0.53,96.71
image_1016.jpg,label_1016.png,True,False,False,3.21,0.76,96.03,3.45,0.7,95.86
image_1017.jpg,label_1017.png,True,False,False,8.57,1.28,90.15,11.42,1.26,87.32
image_1018.jpg,label_1018.png,True,False,False,0.0,0.11,99.89,0.65,0.34,99.01
image_1019.jpg,label_1019.png,True,False,False,0.0,0.28,99.72,1.95,0.63,97.42
image_1020.jpg,label_1020.png,False,False,True,0.0,0.04,99.96,0.0,0.56,99.43
image_1021.jpg,label_1021.png,True,False,False,10.79,0.69,88.52,12.31,0.78,86.91
image_1022.jpg,label_1022.png,True,False,False,3.89,1.02,95.09,3.65,0.96,95.39
image_1023.jpg,label_1023.png,True,False,False,7.02,1.27,91.7,7.05,1.27,91.69
image_1024.jpg,label_1024.png,True,False,False,0.39,0.4,99.21,0.32,0.37,99.31
image_1025.jpg,label_1025.png,True,False,False,2.7,3.59,93.7,2.38,3.14,94.48
image_1026.jpg,label_1026.png,True,False,False,4.17,0.32,95.52,5.57,0.3,94.13
image_1027.jpg,label_1027.png,True,False,False,8.58,1.7,89.72,7.98,1.65,90.37
image_1028.jpg,label_1028.png,True,False,False,3.68,3.04,93.28,3.3,2.83,93.86
image_1029.jpg,label_1029.png,True,False,False,32.98,1.27,65.76,36.65,1.26,62.09
image_1030.jpg,label_1030.png,False,True,False,0.0,0.41,99.59,2.31,1.84,95.85
image_1031.jpg,label_1031.png,False,False,True,55.03,1.01,43.96,57.2,1.16,41.64
image_1032.jpg,label_1032.png,True,False,False,0.42,0.17,99.41,0.43,1.46,98.11
image_1033.jpg,label_1033.png,True,False,False,18.12,0.87,81.02,26.03,0.87,73.1
image_1034.jpg,label_1034.png,True,False,False,0.0,0.19,99.81,0.67,1.26,98.07
image_1035.jpg,label_1035.png,False,False,True,4.7,0.83,94.46,9.4,0.79,89.81
image_1036.jpg,label_1036.png,True,False,False,0.0,0.11,99.89,0.0,0.81,99.19
image_1037.jpg,label_1037.png,True,False,False,0.0,0.13,99.87,0.19,0.81,98.99
image_1038.jpg,label_1038.png,True,False,False,0.0,0.1,99.9,0.01,0.57,99.43
image_1039.jpg,label_1039.png,True,False,False,0.0,0.07,99.93,0.41,0.47,99.12
image_1040.jpg,label_1040.png,True,False,False,36.52,3.37,60.11,40.84,3.15,56.0
image_1041.jpg,label_1041.png,True,False,False,10.74,3.38,85.88,13.8,2.91,83.29
image_1042.jpg,label_1042.png,True,False,False,0.0,0.58,99.42,1.06,1.61,97.33
image_1043.jpg,label_1043.png,False,True,False,0.0,0.51,99.49,4.04,1.19,94.77
image_1044.jpg,label_1044.png,True,False,False,0.0,1.11,98.89,10.47,2.77,86.76
image_1045.jpg,label_1045.png,True,False,False,0.0,0.19,99.81,0.13,0.51,99.36
image_1046.jpg,label_1046.png,True,False,False,7.33,1.26,91.41,7.61,1.08,91.31
image_1047.jpg,label_1047.png,True,False,False,11.97,2.04,85.99,13.62,1.85,84.53
image_1048.jpg,label_1048.png,True,False,False,8.7,1.87,89.43,10.72,1.87,87.41
image_1049.jpg,label_1049.png,True,False,False,19.16,1.7,79.14,26.96,1.56,71.48
image_1050.jpg,label_1050.png,True,False,False,9.27,2.53,88.2,8.4,2.14,89.46
image_1051.jpg,label_1051.png,True,False,False,1.2,1.44,97.35,1.06,1.12,97.81
image_1052.jpg,label_1052.png,False,False,True,26.39,2.05,71.56,30.54,1.84,67.61
image_1053.jpg,label_1053.png,False,True,False,36.59,3.88,59.52,39.62,3.59,56.79
image_1054.jpg,label_1054.png,True,False,False,47.98,3.02,49.01,48.59,2.95,48.46
image_1055.jpg,label_1055.png,True,False,False,40.51,1.99,57.5,42.01,1.88,56.1
image_1056.jpg,label_1056.png,False,False,True,46.36,3.17,50.48,55.96,3.09,40.96
image_1057.jpg,label_1057.png,True,False,False,17.9,2.33,79.77,18.46,2.13,79.41
image_1058.jpg,label_1058.png,True,False,False,42.62,3.31,54.07,46.27,3.34,50.39
image_1059.jpg,label_1059.png,False,True,False,15.97,1.99,82.04,18.14,1.95,79.92
image_1060.jpg,label_1060.png,True,False,False,0.0,1.72,98.28,0.55,2.84,96.6
image_1061.jpg,label_1061.png,False,True,False,0.0,2.92,97.08,0.31,3.62,96.07
image_1062.jpg,label_1062.png,True,False,False,0.0,1.16,98.84,0.4,2.18,97.41
image_1063.jpg,label_1063.png,False,False,True,0.0,1.74,98.26,3.41,3.24,93.35
image_1064.jpg,label_1064.png,True,False,False,0.0,0.4,99.6,0.33,1.18,98.48
image_1065.jpg,label_1065.png,True,False,False,0.0,2.09,97.91,1.33,3.01,95.66
image_1066.jpg,label_1066.png,True,False,False,0.0,0.84,99.16,0.62,1.64,97.74
image_1067.jpg,label_1067.png,True,False,False,0.0,0.73,99.27,0.52,1.48,98.01
image_1068.jpg,label_1068.png,True,False,False,0.0,0.34,99.66,1.49,1.7,96.81
image_1069.jpg,label_1069.png,True,False,False,80.21,4.16,15.63,80.92,4.13,14.95
image_1070.jpg,label_1070.png,False,False,True,74.31,4.85,20.83,76.68,5.28,18.04
image_1071.jpg,label_1071.png,True,False,False,68.08,3.2,28.73,72.51,3.19,24.3
image_1072.jpg,label_1072.png,True,False,False,67.34,1.86,30.8,71.86,2.39,25.75
image_1073.jpg,label_1073.png,True,False,False,58.22,1.92,39.86,69.59,1.86,28.55
image_1074.jpg,label_1074.png,True,False,False,58.46,1.52,40.03,62.96,1.59,35.45
image_1075.jpg,label_1075.png,True,False,False,50.34,1.29,48.38,51.99,1.48,46.53
image_1076.jpg,label_1076.png,False,True,False,93.27,3.08,3.65,94.87,3.02,2.11
image_1077.jpg,label_1077.png,True,False,False,87.87,2.39,9.74,88.78,3.04,8.18
image_1078.jpg,label_1078.png,True,False,False,99.93,0.0,0.07,99.9,0.02,0.08
image_1079.jpg,label_1079.png,False,True,False,96.88,0.0,3.12,97.78,0.01,2.21
image_1080.jpg,label_1080.png,True,False,False,94.33,0.32,5.35,95.18,0.33,4.49
image_1081.jpg,label_1081.png,True,False,False,85.49,0.28,14.24,86.98,0.3,12.72
image_1082.jpg,label_1082.png,True,False,False,81.25,0.33,18.41,83.07,0.35,16.57
image_1083.jpg,label_1083.png,True,False,False,91.74,0.3,7.96,94.52,0.36,5.12
image_1084.jpg,label_1084.png,True,False,False,99.32,0.07,0.62,99.7,0.06,0.24
image_1085.jpg,label_1085.png,True,False,False,98.76,0.11,1.12,99.13,0.12,0.75
image_1086.jpg,label_1086.png,True,False,False,99.44,0.0,0.56,99.49,0.0,0.51
image_1087.jpg,label_1087.png,False,True,False,6.75,1.44,91.8,7.8,1.34,90.86
image_1088.jpg,label_1088.png,True,False,False,25.46,3.8,70.74,27.58,3.5,68.92
image_1089.jpg,label_1089.png,True,False,False,1.64,1.62,96.73,2.23,1.41,96.35
image_1090.jpg,label_1090.png,True,False,False,9.27,2.01,88.73,13.41,1.84,84.75
image_1091.jpg,label_1091.png,False,False,True,13.72,2.05,84.22,15.77,1.91,82.32
image_1092.jpg,label_1092.png,True,False,False,0.76,2.23,97.01,3.81,4.59,91.6
image_1093.jpg,label_1093.png,False,True,False,2.91,2.52,94.57,8.15,4.35,87.5
image_1094.jpg,label_1094.png,True,False,False,10.48,4.0,85.51,11.52,3.46,85.03
image_1095.jpg,label_1095.png,False,True,False,19.71,5.46,74.83,23.51,4.9,71.59
image_1096.jpg,label_1096.png,False,True,False,11.87,2.95,85.18,13.72,2.57,83.71
image_1097.jpg,label_1097.png,True,False,False,5.06,1.78,93.17,4.92,1.61,93.48
image_1098.jpg,label_1098.png,True,False,False,2.82,0.26,96.92,4.31,0.2,95.49
image_1099.jpg,label_1099.png,True,False,False,1.12,0.16,98.73,1.28,0.15,98.57
image_1100.jpg,label_1100.png,True,False,False,9.76,1.47,88.76,11.82,1.34,86.85
image_1101.jpg,label_1101.png,False,True,False,2.32,1.48,96.19,3.82,1.29,94.9
image_1102.jpg,label_1102.png,False,True,False,1.3,0.96,97.74,1.84,0.87,97.29
image_1103.jpg,label_1103.png,True,False,False,0.0,0.59,99.41,0.08,1.5,98.42
image_1104.jpg,label_1104.png,True,False,False,0.0,0.14,99.86,0.34,0.83,98.83
image_1105.jpg,label_1105.png,True,False,False,11.69,1.39,86.92,12.71,1.26,86.03
image_1106.jpg,label_1106.png,False,True,False,0.0,1.1,98.9,0.26,2.42,97.32
image_1107.jpg,label_1107.png,True,False,False,1.87,1.62,96.51,2.57,1.41,96.02
image_1108.jpg,label_1108.png,False,False,True,0.0,0.26,99.74,0.03,1.33,98.64
image_1109.jpg,label_1109.png,True,False,False,0.77,1.35,97.88,1.09,3.1,95.82
image_1110.jpg,label_1110.png,True,False,False,0.64,0.33,99.03,0.78,0.25,98.97
image_1111.jpg,label_1111.png,True,False,False,0.0,0.0,100.0,0.01,0.01,99.97
image_1112.jpg,label_1112.png,False,True,False,0.0,0.01,99.99,0.54,0.07,99.39
image_1113.jpg,label_1113.png,True,False,False,0.48,0.0,99.51,1.22,0.05,98.73
image_1114.jpg,label_1114.png,True,False,False,0.66,0.24,99.1,1.61,0.71,97.68
image_1115.jpg,label_1115.png,True,False,False,1.94,0.0,98.06,2.62,0.0,97.38
image_1116.jpg,label_1116.png,True,False,False,0.0,0.0,100.0,0.02,0.0,99.98
image_1117.jpg,label_1117.png,True,False,False,0.0,0.0,100.0,0.0,0.02,99.98
image_1118.jpg,label_1118.png,True,False,False,1.19,0.0,98.81,0.69,0.0,99.31
image_1119.jpg,label_1119.png,True,False,False,2.19,0.02,97.79,2.08,0.01,97.91
image_1120.jpg,label_1120.png,True,False,False,0.12,0.01,99.87,0.25,0.02,99.73
image_1121.jpg,label_1121.png,True,False,False,2.57,0.02,97.4,2.7,0.02,97.29
image_1122.jpg,label_1122.png,True,False,False,0.01,0.09,99.9,0.04,0.06,99.9
image_1123.jpg,label_1123.png,True,False,False,0.01,0.14,99.86,0.41,0.1,99.49
image_1124.jpg,label_1124.png,False,True,False,0.0,0.03,99.97,0.0,0.01,99.98
image_1125.jpg,label_1125.png,True,False,False,0.2,0.12,99.68,0.03,0.07,99.9
image_1126.jpg,label_1126.png,False,False,True,1.37,0.09,98.53,0.73,0.06,99.21
image_1127.jpg,label_1127.png,False,True,False,0.0,0.05,99.95,0.01,0.03,99.96
image_1128.jpg,label_1128.png,True,False,False,0.0,0.15,99.85,0.03,0.11,99.87
image_1129.jpg,label_1129.png,True,False,False,0.01,0.09,99.9,0.0,0.04,99.96
image_1130.jpg,label_1130.png,True,False,False,1.77,0.0,98.23,1.35,0.0,98.65
image_1131.jpg,label_1131.png,True,False,False,0.0,0.0,100.0,1.56,0.01,98.44
image_1132.jpg,label_1132.png,True,False,False,0.0,0.0,100.0,2.14,0.0,97.86
image_1133.jpg,label_1133.png,True,False,False,0.0,0.03,99.97,1.36,0.08,98.56
image_1134.jpg,label_1134.png,True,False,False,0.0,0.1,99.9,0.01,0.06,99.94
image_1135.jpg,label_1135.png,False,False,True,0.0,0.0,100.0,0.02,0.0,99.98
image_1136.jpg,label_1136.png,True,False,False,0.0,0.03,99.97,0.01,0.11,99.88
image_1137.jpg,label_1137.png,True,False,False,0.0,0.0,100.0,0.04,0.0,99.96
image_1138.jpg,label_1138.png,True,False,False,0.0,0.0,100.0,0.09,0.0,99.91
image_1139.jpg,label_1139.png,True,False,False,0.65,0.0,99.35,1.72,0.0,98.28
image_1140.jpg,label_1140.png,True,False,False,0.11,0.0,99.89,4.94,0.0,95.06
image_1141.jpg,label_1141.png,True,False,False,0.0,0.0,100.0,0.88,0.0,99.12
image_1142.jpg,label_1142.png,False,True,False,0.15,0.0,99.85,0.98,0.0,99.02
image_1143.jpg,label_1143.png,True,False,False,0.0,0.0,100.0,2.21,0.0,97.79
image_1144.jpg,label_1144.png,True,False,False,1.17,0.0,98.83,1.46,0.0,98.54
image_1145.jpg,label_1145.png,True,False,False,23.95,0.0,76.05,20.17,0.0,79.83
image_1146.jpg,label_1146.png,True,False,False,2.1,0.0,97.9,2.19,0.0,97.81
image_1147.jpg,label_1147.png,True,False,False,48.84,0.0,51.16,49.29,0.0,50.71
image_1148.jpg,label_1148.png,True,False,False,0.0,0.0,100.0,0.0,0.0,100.0
image_1149.jpg,label_1149.png,True,False,False,0.44,12.73,86.82,0.46,12.43,87.11
image_1150.jpg,label_1150.png,True,False,False,99.79,0.0,0.21,99.89,0.0,0.11
image_1151.jpg,label_1151.png,True,False,False,1.28,98.52,0.21,1.09,98.78,0.13
image_1152.jpg,label_1152.png,True,False,False,1.98,97.99,0.03,1.64,98.36,0.0
image_1153.jpg,label_1153.png,True,False,False,0.15,98.86,0.98,0.16,99.22,0.62
image_1154.jpg,label_1154.png,False,True,False,1.19,98.78,0.02,0.95,99.04,0.01
image_1155.jpg,label_1155.png,True,False,False,1.67,98.28,0.05,1.33,98.67,0.0
image_1156.jpg,label_1156.png,False,False,True,0.0,0.0,100.0,1.74,0.0,98.26
image_1157.jpg,label_1157.png,True,False,False,0.0,0.0,100.0,0.46,0.0,99.54
image_1158.jpg,label_1158.png,True,False,False,0.0,0.0,100.0,0.37,0.0,99.63
image_1159.jpg,label_1159.png,True,False,False,0.0,0.0,100.0,0.29,0.0,99.71
image_1160.jpg,label_1160.png,True,False,False,0.0,0.0,100.0,0.39,0.0,99.61
image_1161.jpg,label_1161.png,True,False,False,43.32,0.0,56.68,42.62,0.0,57.38
image_1162.jpg,label_1162.png,True,False,False,93.09,0.0,6.91,93.25,0.0,6.75
image_1163.jpg,label_1163.png,True,False,False,0.0,0.0,100.0,0.5,0.0,99.5
image_1164.jpg,label_1164.png,True,False,False,0.0,0.0,100.0,0.82,0.0,99.18
image_1165.jpg,label_1165.png,True,False,False,2.27,0.0,97.73,1.62,0.0,98.38
image_1166.jpg,label_1166.png,True,False,False,1.27,0.0,98.73,0.31,0.0,99.69
image_1167.jpg,label_1167.png,False,True,False,52.5,0.0,47.5,51.77,0.0,48.23
image_1168.jpg,label_1168.png,True,False,False,71.73,0.02,28.25,70.58,0.03,29.39
image_1169.jpg,label_1169.png,True,False,False,46.76,0.25,52.99,57.6,0.28,42.12
image_1170.jpg,label_1170.png,False,False,True,21.38,0.43,78.19,35.27,0.6,64.13
image_1171.jpg,label_1171.png,True,False,False,28.36,0.52,71.12,32.47,0.57,66.97
image_1172.jpg,label_1172.png,True,False,False,56.51,0.07,43.42,61.19,0.08,38.73
image_1173.jpg,label_1173.png,True,False,False,0.0,0.0,100.0,0.11,0.0,99.89
image_1174.jpg,label_1174.png,False,False,True,0.0,0.0,100.0,0.01,0.0,99.99
image_1175.jpg,label_1175.png,True,False,False,0.0,0.0,100.0,0.01,0.0,99.99
image_1176.jpg,label_1176.png,True,False,False,0.68,0.0,99.32,0.54,0.0,99.46
image_1177.jpg,label_1177.png,False,True,False,0.93,0.0,99.07,0.69,0.0,99.31
image_1178.jpg,label_1178.png,True,False,False,0.0,0.0,100.0,0.2,0.0,99.8
image_1179.jpg,label_1179.png,True,False,False,23.73,0.0,76.27,23.52,0.0,76.48
image_1180.jpg,label_1180.png,True,False,False,45.53,0.01,54.46,42.35,0.02,57.64
image_1181.jpg,label_1181.png,True,False,False,99.93,0.0,0.07,99.95,0.0,0.05
image_1182.jpg,label_1182.png,True,False,False,77.96,0.0,22.04,78.29,0.0,21.71
image_1183.jpg,label_1183.png,False,False,True,98.05,0.0,1.95,98.54,0.0,1.46
image_1184.jpg,label_1184.png,False,True,False,90.42,0.0,9.58,91.21,0.0,8.79
image_1185.jpg,label_1185.png,False,False,True,13.62,0.0,86.38,16.89,0.0,83.11
image_1186.jpg,label_1186.png,True,False,False,90.65,0.42,8.93,92.54,0.48,6.98
image_1187.jpg,label_1187.png,True,False,False,2.25,0.0,97.75,1.39,0.0,98.61
image_1188.jpg,label_1188.png,True,False,False,0.0,0.0,100.0,0.0,0.0,100.0
image_1189.jpg,label_1189.png,False,False,True,0.7,0.0,99.3,0.07,0.0,99.93
image_1190.jpg,label_1190.png,True,False,False,74.22,0.16,25.62,73.04,0.16,26.81
image_1191.jpg,label_1191.png,True,False,False,72.51,0.0,27.49,71.09,0.0,28.91
image_1192.jpg,label_1192.png,False,False,True,0.0,0.0,100.0,0.0,0.0,100.0
image_1193.jpg,label_1193.png,True,False,False,0.0,0.0,100.0,0.11,0.0,99.89
image_1194.jpg,label_1194.png,True,False,False,0.0,0.0,100.0,0.58,0.0,99.42
image_1195.jpg,label_1195.png,True,False,False,0.0,0.0,100.0,0.34,0.0,99.66
image_1196.jpg,label_1196.png,True,False,False,29.71,0.0,70.29,27.31,0.0,72.69
image_1197.jpg,label_1197.png,True,False,False,15.62,0.0,84.38,16.17,0.0,83.83
image_1198.jpg,label_1198.png,True,False,False,0.0,0.0,100.0,0.08,0.0,99.92
image_1199.jpg,label_1199.png,True,False,False,81.89,0.0,18.11,83.58,0.0,16.42
image_1200.jpg,label_1200.png,True,False,False,90.46,0.0,9.54,91.24,0.0,8.76
image_1201.jpg,label_1201.png,True,False,False,90.52,0.75,8.73,92.75,0.75,6.5
image_1202.jpg,label_1202.png,True,False,False,90.97,0.28,8.74,91.54,0.31,8.15
image_1203.jpg,label_1203.png,False,True,False,99.17,0.41,0.43,99.01,0.41,0.58
image_1204.jpg,label_1204.png,True,False,False,89.62,0.0,10.38,88.49,0.0,11.51
image_1205.jpg,label_1205.png,True,False,False,0.0,0.11,99.88,0.82,0.1,99.08
image_1206.jpg,label_1206.png,False,True,False,1.18,0.12,98.7,0.02,0.1,99.88
image_1207.jpg,label_1207.png,True,False,False,100.0,0.0,0.0,99.98,0.0,0.02
image_1208.jpg,label_1208.png,True,False,False,99.79,0.0,0.21,99.87,0.0,0.13
image_1209.jpg,label_1209.png,False,False,True,0.0,0.0,100.0,3.1,0.0,96.9
image_1210.jpg,label_1210.png,True,False,False,46.97,0.0,53.03,42.71,0.0,57.29
image_1211.jpg,label_1211.png,True,False,False,0.0,0.0,100.0,0.35,0.0,99.65
image_1212.jpg,label_1212.png,True,False,False,58.79,0.0,41.21,60.14,0.0,39.86
image_1213.jpg,label_1213.png,True,False,False,0.0,0.0,100.0,2.22,0.0,97.78
image_1214.jpg,label_1214.png,True,False,False,0.96,0.0,99.04,2.68,0.0,97.32
image_1215.jpg,label_1215.png,True,False,False,0.0,0.0,100.0,1.57,0.0,98.43
image_1216.jpg,label_1216.png,True,False,False,0.0,0.0,100.0,0.77,0.0,99.23
image_1217.jpg,label_1217.png,False,True,False,99.26,0.0,0.74,99.19,0.0,0.81
image_1218.jpg,label_1218.png,False,False,True,0.81,98.4,0.79,0.58,98.96,0.45
image_1219.jpg,label_1219.png,True,False,False,99.42,0.0,0.58,99.48,0.0,0.52
image_1220.jpg,label_1220.png,False,False,True,97.66,0.0,2.34,98.08,0.0,1.92
image_1221.jpg,label_1221.png,True,False,False,93.95,0.0,6.05,93.8,0.0,6.2
image_1222.jpg,label_1222.png,True,False,False,92.98,0.0,7.02,93.22,0.0,6.78
image_1223.jpg,label_1223.png,True,False,False,93.77,2.56,3.67,94.5,2.68,2.83
image_1224.jpg,label_1224.png,True,False,False,90.07,7.51,2.42,89.42,7.92,2.66
image_1225.jpg,label_1225.png,True,False,False,1.28,98.14,0.58,0.8,98.83,0.36
image_1226.jpg,label_1226.png,True,False,False,1.39,98.32,0.29,1.13,98.58,0.28
image_1227.jpg,label_1227.png,True,False,False,94.75,0.0,5.25,94.8,0.0,5.2
image_1228.jpg,label_1228.png,True,False,False,96.98,0.0,3.02,97.11,0.0,2.89
image_1229.jpg,label_1229.png,True,False,False,94.08,0.1,5.81,94.56,0.11,5.34
image_1230.jpg,label_1230.png,False,True,False,96.88,0.0,3.12,97.66,0.0,2.34
image_1231.jpg,label_1231.png,True,False,False,0.18,20.49,79.32,0.16,19.67,80.16
image_1232.jpg,label_1232.png,True,False,False,0.1,18.51,81.39,0.3,19.36,80.34
image_1233.jpg,label_1233.png,True,False,False,5.44,47.87,46.68,1.86,49.62,48.52
image_1234.jpg,label_1234.png,True,False,False,4.51,40.61,54.88,1.48,41.67,56.84
image_1235.jpg,label_1235.png,True,False,False,0.29,11.22,88.5,0.08,10.5,89.42
image_1236.jpg,label_1236.png,True,False,False,0.0,0.0,100.0,0.0,0.05,99.95
image_1237.jpg,label_1237.png,True,False,False,0.0,0.0,100.0,0.0,0.0,100.0
image_1238.jpg,label_1238.png,True,False,False,100.0,0.0,0.0,100.0,0.0,0.0
image_1239.jpg,label_1239.png,True,False,False,100.0,0.0,0.0,100.0,0.0,0.0
image_1240.jpg,label_1240.png,True,False,False,0.0,0.0,100.0,0.0,0.0,100.0
image_1241.jpg,label_1241.png,True,False,False,0.0,0.0,100.0,0.0,0.0,100.0
image_1242.jpg,label_1242.png,True,False,False,0.88,0.0,99.12,0.81,0.0,99.19
image_1243.jpg,label_1243.png,False,True,False,4.51,0.0,95.49,5.94,0.0,94.06
image_1244.jpg,label_1244.png,False,False,True,2.99,0.0,97.01,4.17,0.0,95.83
image_1245.jpg,label_1245.png,True,False,False,9.8,0.0,90.2,12.73,0.0,87.27
image_1246.jpg,label_1246.png,True,False,False,21.29,0.0,78.71,19.57,0.0,80.43
image_1247.jpg,label_1247.png,False,True,False,0.0,0.0,100.0,0.0,0.0,100.0
image_1248.jpg,label_1248.png,False,False,True,0.12,0.0,99.88,0.08,0.0,99.92
image_1249.jpg,label_1249.png,True,False,False,3.92,0.0,96.08,3.63,0.0,96.37
image_1250.jpg,label_1250.png,False,True,False,17.26,0.0,82.74,19.28,0.0,80.72
image_1251.jpg,label_1251.png,False,True,False,23.75,0.0,76.25,28.16,0.0,71.84
image_1252.jpg,label_1252.png,True,False,False,0.13,0.0,99.87,0.08,0.0,99.92
image_1253.jpg,label_1253.png,True,False,False,12.72,0.0,87.28,14.86,0.0,85.14
image_1254.jpg,label_1254.png,True,False,False,0.0,0.0,100.0,0.0,0.0,100.0
image_1255.jpg,label_1255.png,False,True,False,0.0,0.0,100.0,0.0,0.0,100.0
image_1256.jpg,label_1256.png,True,False,False,10.81,0.0,89.19,10.13,0.0,89.87
image_1257.jpg,label_1257.png,True,False,False,10.36,0.64,89.0,9.92,0.7,89.38
image_1258.jpg,label_1258.png,True,False,False,16.84,0.41,82.75,16.9,0.44,82.66
image_1259.jpg,label_1259.png,True,False,False,19.14,0.5,80.36,20.51,0.49,79.0
image_1260.jpg,label_1260.png,True,False,False,42.55,0.0,57.45,44.81,0.0,55.19
image_1261.jpg,label_1261.png,True,False,False,8.74,5.75,85.51,9.67,5.92,84.41
image_1262.jpg,label_1262.png,True,False,False,26.29,0.78,72.93,27.48,0.84,71.68
image_1263.jpg,label_1263.png,False,False,True,22.31,0.01,77.68,24.54,0.01,75.45
image_1264.jpg,label_1264.png,True,False,False,27.1,0.05,72.85,31.47,0.08,68.45
image_1265.jpg,label_1265.png,False,False,True,54.32,0.15,45.53,56.01,0.25,43.74
image_1266.jpg,label_1266.png,True,False,False,42.15,0.35,57.49,41.37,0.36,58.27
image_1267.jpg,label_1267.png,True,False,False,36.81,0.18,63.01,37.33,0.18,62.49
image_1268.jpg,label_1268.png,False,False,True,0.0,0.03,99.97,0.32,0.71,98.97
image_1269.jpg,label_1269.png,True,False,False,0.07,5.08,94.85,0.02,4.81,95.17
image_1270.jpg,label_1270.png,True,False,False,0.1,5.72,94.19,0.03,5.28,94.69
image_1271.jpg,label_1271.png,False,False,True,0.01,0.22,99.77,0.0,0.22,99.78
image_1272.jpg,label_1272.png,True,False,False,0.0,0.42,99.58,0.15,0.43,99.42
image_1273.jpg,label_1273.png,True,False,False,0.37,1.62,98.01,0.39,1.67,97.94
image_1274.jpg,label_1274.png,True,False,False,0.13,3.34,96.53,0.11,3.4,96.49
image_1275.jpg,label_1275.png,True,False,False,5.08,0.02,94.9,6.23,0.04,93.73
image_1276.jpg,label_1276.png,True,False,False,93.17,0.0,6.83,91.8,0.0,8.2
image_1277.jpg,label_1277.png,True,False,False,72.79,0.38,26.83,70.54,0.46,29.01
image_1278.jpg,label_1278.png,True,False,False,49.79,0.16,50.05,49.82,0.19,49.99
image_1279.jpg,label_1279.png,True,False,False,67.66,0.19,32.15,67.53,0.21,32.27
image_1280.jpg,label_1280.png,True,False,False,42.72,0.86,56.43,43.0,0.9,56.1
image_1281.jpg,label_1281.png,True,False,False,34.25,0.25,65.5,36.71,0.31,62.98
image_1282.jpg,label_1282.png,True,False,False,31.85,1.0,67.15,35.03,1.15,63.83
image_1283.jpg,label_1283.png,True,False,False,56.84,0.43,42.73,58.72,0.45,40.83
image_1284.jpg,label_1284.png,False,True,False,63.4,1.39,35.2,62.83,1.43,35.74
image_1285.jpg,label_1285.png,True,False,False,43.53,0.93,55.54,47.02,1.0,51.98
image_1286.jpg,label_1286.png,True,False,False,40.31,0.66,59.03,42.07,0.66,57.27
image_1287.jpg,label_1287.png,True,False,False,56.72,0.77,42.51,59.09,0.77,40.14
image_1288.jpg,label_1288.png,True,False,False,18.36,0.52,81.13,21.1,0.59,78.31
image_1289.jpg,label_1289.png,False,False,True,29.93,0.82,69.25,36.07,0.9,63.03
image_1290.jpg,label_1290.png,False,True,False,25.46,0.82,73.73,34.96,0.97,64.07
image_1291.jpg,label_1291.png,True,False,False,34.74,0.75,64.51,39.34,0.82,59.83
image_1292.jpg,label_1292.png,True,False,False,20.19,0.53,79.29,25.52,0.63,73.85
image_1293.jpg,label_1293.png,True,False,False,24.52,0.39,75.09,30.63,0.42,68.95
image_1294.jpg,label_1294.png,True,False,False,26.18,0.81,73.01,30.6,0.88,68.53
image_1295.jpg,label_1295.png,True,False,False,21.7,0.39,77.91,22.63,0.44,76.93
image_1296.jpg,label_1296.png,True,False,False,21.7,0.55,77.75,29.62,0.56,69.82
image_1297.jpg,label_1297.png,True,False,False,42.48,0.45,57.07,48.13,0.51,51.36
image_1298.jpg,label_1298.png,True,False,False,24.9,0.46,74.63,30.96,0.49,68.55
image_1299.jpg,label_1299.png,False,True,False,38.42,0.74,60.84,41.29,0.81,57.9
image_1300.jpg,label_1300.png,True,False,False,74.96,1.21,23.84,74.8,1.26,23.94
image_1301.jpg,label_1301.png,True,False,False,23.12,0.33,76.55,27.79,0.35,71.86
image_1302.jpg,label_1302.png,True,False,False,3.54,0.23,96.23,5.11,0.25,94.64
image_1303.jpg,label_1303.png,True,False,False,5.68,0.25,94.07,8.24,0.26,91.5
image_1304.jpg,label_1304.png,True,False,False,30.54,0.16,69.3,34.43,0.21,65.35
image_1305.jpg,label_1305.png,True,False,False,11.48,0.34,88.18,12.89,0.41,86.7
image_1306.jpg,label_1306.png,True,False,False,34.75,0.92,64.32,37.13,0.93,61.94
image_1307.jpg,label_1307.png,True,False,False,0.0,0.0,100.0,0.0,0.0,100.0
image_1308.jpg,label_1308.png,False,True,False,0.0,0.0,100.0,0.0,0.0,100.0
image_1309.jpg,label_1309.png,True,False,False,7.91,2.9,89.19,10.15,2.87,86.97
image_1310.jpg,label_1310.png,True,False,False,3.85,0.17,95.97,3.14,0.17,96.69
image_1311.jpg,label_1311.png,False,True,False,0.0,0.0,100.0,0.0,0.0,100.0
image_1312.jpg,label_1312.png,True,False,False,0.0,0.0,100.0,0.0,0.0,100.0
image_1313.jpg,label_1313.png,True,False,False,0.01,0.07,99.92,0.0,0.07,99.93
image_1314.jpg,label_1314.png,True,False,False,0.0,0.0,100.0,0.0,0.0,100.0
image_1315.jpg,label_1315.png,False,False,True,0.0,1.13,98.86,0.0,1.09,98.9
image_1316.jpg,label_1316.png,False,False,True,0.19,0.66,99.15,0.16,0.63,99.21
image_1317.jpg,label_1317.png,True,False,False,18.62,4.8,76.59,21.43,4.66,73.91
image_1318.jpg,label_1318.png,True,False,False,17.09,7.26,75.65,17.99,6.98,75.03
image_1319.jpg,label_1319.png,False,True,False,34.44,5.07,60.5,37.02,4.99,57.99
image_1320.jpg,label_1320.png,True,False,False,0.01,2.49,97.5,0.03,2.34,97.64
image_1321.jpg,label_1321.png,True,False,False,0.91,2.89,96.21,0.91,2.83,96.26
image_1322.jpg,label_1322.png,False,True,False,0.0,2.07,97.93,0.29,1.92,97.79
image_1323.jpg,label_1323.png,True,False,False,0.02,2.06,97.92,0.52,2.0,97.48
image_1324.jpg,label_1324.png,True,False,False,0.15,3.46,96.4,0.14,3.32,96.54
image_1325.jpg,label_1325.png,True,False,False,0.03,2.54,97.43,0.07,2.46,97.47
image_1326.jpg,label_1326.png,True,False,False,0.02,3.07,96.91,0.99,3.06,95.95
image_1327.jpg,label_1327.png,True,False,False,1.54,2.24,96.22,0.8,2.17,97.03
image_1328.jpg,label_1328.png,True,False,False,6.02,1.47,92.52,6.35,1.41,92.23
image_1329.jpg,label_1329.png,True,False,False,24.05,4.02,71.93,24.59,3.98,71.43
image_1330.jpg,label_1330.png,True,False,False,25.6,4.4,70.0,25.96,4.23,69.8
image_1331.jpg,label_1331.png,True,False,False,0.1,3.03,96.87,1.19,3.03,95.79
image_1332.jpg,label_1332.png,True,False,False,16.34,2.13,81.53,17.01,2.11,80.87
image_1333.jpg,label_1333.png,False,False,True,0.02,1.64,98.34,0.58,1.6,97.82
image_1334.jpg,label_1334.png,True,False,False,0.11,2.4,97.5,0.31,2.33,97.36
image_1335.jpg,label_1335.png,False,True,False,0.75,1.52,97.73,0.45,1.43,98.12
image_1336.jpg,label_1336.png,False,False,True,0.03,2.35,97.61,0.46,2.32,97.22
image_1337.jpg,label_1337.png,True,False,False,0.01,2.23,97.77,0.09,2.39,97.52
image_1338.jpg,label_1338.png,True,False,False,0.01,2.26,97.73,0.3,2.26,97.45
image_1339.jpg,label_1339.png,True,False,False,0.15,2.03,97.81,0.42,2.01,97.57
image_1340.jpg,label_1340.png,True,False,False,22.24,4.78,72.98,23.03,4.7,72.27
image_1341.jpg,label_1341.png,True,False,False,19.47,5.12,75.41,18.47,4.95,76.58
image_1342.jpg,label_1342.png,False,True,False,0.73,0.83,98.43,1.05,2.74,96.21
image_1343.jpg,label_1343.png,True,False,False,4.35,5.01,90.64,5.32,4.87,89.81
image_1344.jpg,label_1344.png,True,False,False,26.8,4.34,68.86,26.01,4.26,69.74
image_1345.jpg,label_1345.png,True,False,False,24.27,4.29,71.43,25.38,4.25,70.37
image_1346.jpg,label_1346.png,True,False,False,31.04,5.49,63.47,35.1,5.8,59.1
image_1347.jpg,label_1347.png,True,False,False,34.99,4.28,60.73,35.29,4.27,60.44
image_1348.jpg,label_1348.png,True,False,False,44.62,4.06,51.31,46.13,4.27,49.6
image_1349.jpg,label_1349.png,True,False,False,20.24,5.98,73.78,21.12,6.42,72.46
image_1350.jpg,label_1350.png,False,False,True,38.53,5.58,55.89,40.96,5.91,53.13
image_1351.jpg,label_1351.png,True,False,False,11.19,4.46,84.35,11.63,4.23,84.14
image_1352.jpg,label_1352.png,False,False,True,2.58,3.74,93.68,4.49,3.59,91.92
image_1353.jpg,label_1353.png,False,True,False,10.32,5.1,84.57,10.47,4.84,84.69
image_1354.jpg,label_1354.png,True,False,False,34.89,4.4,60.71,36.6,4.29,59.12
image_1355.jpg,label_1355.png,True,False,False,57.61,2.15,40.24,59.96,2.25,37.79
image_1356.jpg,label_1356.png,False,True,False,0.0,0.94,99.06,0.44,2.34,97.22
image_1357.jpg,label_1357.png,True,False,False,0.0,1.7,98.3,1.92,2.28,95.8
image_1358.jpg,label_1358.png,True,False,False,3.85,0.01,96.13,4.89,0.01,95.09
image_1359.jpg,label_1359.png,True,False,False,2.69,0.0,97.31,2.56,0.0,97.44
image_1360.jpg,label_1360.png,True,False,False,5.76,0.0,94.24,5.64,0.0,94.36
image_1361.jpg,label_1361.png,True,False,False,17.49,0.0,82.51,18.89,0.0,81.11
image_1362.jpg,label_1362.png,True,False,False,15.17,0.0,84.83,16.21,0.0,83.79
image_1363.jpg,label_1363.png,True,False,False,20.41,0.0,79.59,21.65,0.0,78.35
image_1364.jpg,label_1364.png,True,False,False,15.5,0.0,84.5,16.52,0.0,83.48
image_1365.jpg,label_1365.png,True,False,False,11.14,0.0,88.86,13.39,0.0,86.61
image_1366.jpg,label_1366.png,True,False,False,28.32,9.8,61.89,28.88,9.69,61.44
image_1367.jpg,label_1367.png,True,False,False,14.69,9.03,76.28,14.46,9.24,76.3
image_1368.jpg,label_1368.png,True,False,False,0.02,4.55,95.44,0.94,4.4,94.66
image_1369.jpg,label_1369.png,True,False,False,19.16,5.1,75.74,19.5,5.02,75.47
image_1370.jpg,label_1370.png,True,False,False,88.69,0.94,10.37,88.71,1.02,10.27
image_1371.jpg,label_1371.png,True,False,False,73.93,2.99,23.08,75.9,3.14,20.97
image_1372.jpg,label_1372.png,True,False,False,0.07,4.81,95.13,0.03,4.85,95.12
image_1373.jpg,label_1373.png,True,False,False,2.74,5.45,91.81,2.28,5.4,92.32
image_1374.jpg,label_1374.png,True,False,False,0.4,5.71,93.89,0.02,5.5,94.48
image_1375.jpg,label_1375.png,False,False,True,72.62,2.5,24.89,70.76,2.53,26.72
image_1376.jpg,label_1376.png,True,False,False,11.89,4.64,83.46,9.21,4.66,86.13
image_1377.jpg,label_1377.png,True,False,False,6.69,5.6,87.71,6.47,5.65,87.88
image_1378.jpg,label_1378.png,True,False,False,20.65,7.6,71.74,20.59,7.6,71.82
image_1379.jpg,label_1379.png,True,False,False,40.86,7.97,51.17,39.8,7.96,52.24
image_1380.jpg,label_1380.png,True,False,False,23.95,4.52,71.52,21.68,4.55,73.76
image_1381.jpg,label_1381.png,True,False,False,16.56,6.01,77.43,15.67,5.98,78.35
image_1382.jpg,label_1382.png,False,True,False,5.16,4.61,90.23,2.58,4.44,92.98
image_1383.jpg,label_1383.png,True,False,False,10.07,5.89,84.04,7.54,5.83,86.63
image_1384.jpg,label_1384.png,True,False,False,14.22,5.38,80.39,15.29,5.46,79.24
image_1385.jpg,label_1385.png,True,False,False,20.46,4.08,75.46,19.94,3.98,76.08
image_1386.jpg,label_1386.png,False,True,False,1.72,9.64,88.64,1.47,9.12,89.41
image_1387.jpg,label_1387.png,True,False,False,52.4,0.1,47.49,54.3,0.1,45.6
image_1388.jpg,label_1388.png,False,False,True,48.07,0.26,51.66,48.02,0.28,51.7
image_1389.jpg,label_1389.png,True,False,False,44.26,0.44,55.3,45.76,0.48,53.77
image_1390.jpg,label_1390.png,False,False,True,61.72,6.22,32.06,60.59,6.25,33.15
image_1391.jpg,label_1391.png,True,False,False,24.15,0.0,75.85,24.28,0.0,75.72
image_1392.jpg,label_1392.png,True,False,False,27.63,0.11,72.26,24.54,0.12,75.33
image_1393.jpg,label_1393.png,True,False,False,75.56,0.0,24.44,74.46,0.0,25.54
image_1394.jpg,label_1394.png,True,False,False,9.02,0.0,90.98,7.93,0.0,92.07
image_1395.jpg,label_1395.png,True,False,False,1.14,0.0,98.86,1.43,0.0,98.57
image_1396.jpg,label_1396.png,True,False,False,54.83,0.0,45.17,56.14,0.0,43.86
image_1397.jpg,label_1397.png,True,False,False,1.14,0.0,98.86,0.84,0.0,99.16
image_1398.jpg,label_1398.png,True,False,False,0.0,0.0,100.0,0.01,0.0,99.99
image_1399.jpg,label_1399.png,False,False,True,11.87,0.0,88.13,9.45,0.0,90.55
image_1400.jpg,label_1400.png,True,False,False,10.12,0.0,89.88,10.7,0.0,89.3
image_1401.jpg,label_1401.png,True,False,False,14.27,0.0,85.73,18.28,0.0,81.72
image_1402.jpg,label_1402.png,True,False,False,21.23,0.0,78.77,22.1,0.0,77.9
image_1403.jpg,label_1403.png,True,False,False,31.36,0.01,68.63,32.41,0.01,67.58
image_1404.jpg,label_1404.png,True,False,False,77.93,1.28,20.79,76.52,1.23,22.25
image_1405.jpg,label_1405.png,False,True,False,66.24,9.21,24.55,65.67,9.36,24.97
image_1406.jpg,label_1406.png,True,False,False,25.78,9.06,65.16,24.66,9.11,66.23
image_1407.jpg,label_1407.png,True,False,False,1.49,4.06,94.45,1.63,4.04,94.33
image_1408.jpg,label_1408.png,True,False,False,3.4,1.96,94.64,4.22,1.93,93.85
image_1409.jpg,label_1409.png,True,False,False,32.81,4.09,63.1,33.51,4.23,62.25
image_1410.jpg,label_1410.png,False,True,False,0.16,3.63,96.21,0.01,3.76,96.23
image_1411.jpg,label_1411.png,True,False,False,54.21,0.0,45.79,57.59,0.0,42.41
image_1412.jpg,label_1412.png,True,False,False,94.56,0.1,5.34,95.9,0.12,3.98
image_1413.jpg,label_1413.png,True,False,False,96.31,0.03,3.66,97.0,0.03,2.97
image_1414.jpg,label_1414.png,True,False,False,98.35,0.25,1.41,98.49,0.29,1.22
image_1415.jpg,label_1415.png,True,False,False,77.89,0.71,21.4,79.35,0.76,19.89
image_1416.jpg,label_1416.png,True,False,False,88.54,0.75,10.72,89.4,0.8,9.79
image_1417.jpg,label_1417.png,True,False,False,92.14,0.45,7.41,92.23,0.46,7.31
image_1418.jpg,label_1418.png,True,False,False,91.56,0.42,8.02,92.24,0.44,7.32
image_1419.jpg,label_1419.png,True,False,False,91.88,0.49,7.63,92.54,0.5,6.96
image_1420.jpg,label_1420.png,True,False,False,85.38,0.49,14.13,85.78,0.54,13.68
image_1421.jpg,label_1421.png,True,False,False,81.86,0.3,17.84,83.73,0.32,15.96
image_1422.jpg,label_1422.png,True,False,False,87.64,0.22,12.14,89.3,0.22,10.48
image_1423.jpg,label_1423.png,True,False,False,80.88,0.0,19.12,81.87,0.01,18.12
image_1424.jpg,label_1424.png,True,False,False,97.2,0.05,2.75,97.63,0.07,2.3
image_1425.jpg,label_1425.png,True,False,False,99.54,0.06,0.39,99.56,0.06,0.39
image_1426.jpg,label_1426.png,True,False,False,37.87,0.0,62.13,36.84,0.0,63.16
image_1427.jpg,label_1427.png,True,False,False,9.3,0.0,90.7,10.08,0.0,89.92
image_1428.jpg,label_1428.png,True,False,False,0.09,0.0,99.91,1.31,0.0,98.69
image_1429.jpg,label_1429.png,True,False,False,38.93,0.0,61.07,38.85,0.0,61.15
image_1430.jpg,label_1430.png,True,False,False,36.72,0.0,63.28,37.89,0.0,62.11
image_1431.jpg,label_1431.png,True,False,False,33.04,0.0,66.96,34.91,0.0,65.09
image_1432.jpg,label_1432.png,False,False,True,0.37,2.55,97.09,0.02,2.81,97.17
image_1433.jpg,label_1433.png,True,False,False,2.79,2.89,94.32,1.91,3.1,95.0
image_1434.jpg,label_1434.png,True,False,False,0.94,2.93,96.13,0.99,3.43,95.58
image_1435.jpg,label_1435.png,True,False,False,1.24,1.6,97.16,1.36,1.99,96.64
image_1436.jpg,label_1436.png,True,False,False,0.02,5.71,94.27,0.01,5.37,94.61
image_1437.jpg,label_1437.png,True,False,False,3.3,1.15,95.54,2.95,0.99,96.06
image_1438.jpg,label_1438.png,True,False,False,0.29,0.99,98.71,0.5,0.88,98.62
image_1439.jpg,label_1439.png,True,False,False,8.06,0.79,91.15,7.33,0.81,91.85
image_1440.jpg,label_1440.png,True,False,False,8.43,3.98,87.58,6.54,3.91,89.55
image_1441.jpg,label_1441.png,True,False,False,1.11,3.79,95.1,0.82,3.72,95.46
image_1442.jpg,label_1442.png,True,False,False,14.04,2.21,83.75,10.65,2.15,87.2
image_1443.jpg,label_1443.png,False,False,True,21.33,10.32,68.35,21.2,11.56,67.24
image_1444.jpg,label_1444.png,True,False,False,28.58,11.71,59.7,29.85,12.02,58.13
image_1445.jpg,label_1445.png,True,False,False,30.07,13.62,56.31,29.18,14.09,56.74
image_1446.jpg,label_1446.png,True,False,False,38.3,8.12,53.58,38.56,8.13,53.32
image_1447.jpg,label_1447.png,False,True,False,36.78,8.11,55.1,38.56,8.13,53.32
image_1448.jpg,label_1448.png,False,True,False,22.33,18.14,59.53,23.37,18.35,58.28
image_1449.jpg,label_1449.png,True,False,False,30.13,8.6,61.27,27.74,8.64,63.62
image_1450.jpg,label_1450.png,False,False,True,1.23,0.21,98.56,1.76,0.22,98.02
image_1451.jpg,label_1451.png,True,False,False,96.34,0.06,3.6,97.43,0.08,2.5
image_1452.jpg,label_1452.png,True,False,False,58.83,7.79,33.39,61.66,8.42,29.92
image_1453.jpg,label_1453.png,False,True,False,99.66,0.0,0.34,99.63,0.0,0.37
image_1454.jpg,label_1454.png,True,False,False,99.58,0.0,0.42,99.68,0.0,0.32
image_1455.jpg,label_1455.png,False,False,True,98.35,1.31,0.34,98.28,1.3,0.42
image_1456.jpg,label_1456.png,True,False,False,99.34,0.0,0.66,99.43,0.0,0.57
image_1457.jpg,label_1457.png,True,False,False,98.61,0.0,1.39,98.91,0.0,1.09
image_1458.jpg,label_1458.png,False,True,False,41.69,9.15,49.16,38.82,9.35,51.83
image_1459.jpg,label_1459.png,True,False,False,11.43,10.45,78.12,13.31,10.94,75.75
image_1460.jpg,label_1460.png,True,False,False,30.91,7.53,61.56,32.03,7.61,60.36
image_1461.jpg,label_1461.png,False,False,True,20.24,0.31,79.45,19.25,0.32,80.42
image_1462.jpg,label_1462.png,True,False,False,20.61,1.21,78.18,16.78,1.2,82.02
image_1463.jpg,label_1463.png,True,False,False,34.41,2.38,63.21,34.38,2.52,63.1
image_1464.jpg,label_1464.png,True,False,False,30.55,5.67,63.78,25.4,5.86,68.74
image_1465.jpg,label_1465.png,False,True,False,26.41,17.31,56.28,20.17,19.16,60.67
image_1466.jpg,label_1466.png,True,False,False,29.45,11.33,59.22,26.53,11.57,61.91
image_1467.jpg,label_1467.png,True,False,False,99.38,0.0,0.62,99.41,0.0,0.59
image_1468.jpg,label_1468.png,True,False,False,99.45,0.0,0.55,99.44,0.0,0.56
image_1469.jpg,label_1469.png,True,False,False,99.84,0.0,0.16,99.81,0.0,0.19
image_1470.jpg,label_1470.png,True,False,False,99.56,0.02,0.42,99.52,0.04,0.45
image_1471.jpg,label_1471.png,True,False,False,99.54,0.25,0.21,99.57,0.25,0.18
image_1472.jpg,label_1472.png,True,False,False,97.05,0.0,2.95,97.45,0.0,2.55
image_1473.jpg,label_1473.png,True,False,False,44.83,0.29,54.87,38.83,0.3,60.86
image_1474.jpg,label_1474.png,True,False,False,32.78,0.01,67.22,35.51,0.01,64.48
image_1475.jpg,label_1475.png,True,False,False,31.95,0.17,67.88,32.32,0.17,67.51
image_1476.jpg,label_1476.png,False,False,True,40.63,0.0,59.37,37.76,0.0,62.24
image_1477.jpg,label_1477.png,True,False,False,35.02,0.02,64.96,35.29,0.02,64.69
image_1478.jpg,label_1478.png,True,False,False,26.96,0.0,73.04,24.68,0.0,75.32
image_1479.jpg,label_1479.png,True,False,False,32.77,0.01,67.22,33.69,0.01,66.3
image_1480.jpg,label_1480.png,False,True,False,24.99,16.1,58.91,21.42,17.26,61.32
image_1481.jpg,label_1481.png,True,False,False,23.35,16.35,60.3,23.03,14.87,62.1
image_1482.jpg,label_1482.png,False,True,False,52.59,12.49,34.92,47.98,13.22,38.8
image_1483.jpg,label_1483.png,True,False,False,19.7,36.08,44.22,15.02,36.9,48.08
image_1484.jpg,label_1484.png,True,False,False,15.99,33.73,50.28,16.48,34.27,49.25
image_1485.jpg,label_1485.png,True,False,False,16.99,39.79,43.22,13.93,40.99,45.08
image_1486.jpg,label_1486.png,True,False,False,15.84,41.78,42.38,14.2,42.69,43.11
image_1487.jpg,label_1487.png,True,False,False,22.21,37.46,40.33,21.99,37.99,40.02
image_1488.jpg,label_1488.png,False,False,True,21.38,29.86,48.76,18.45,30.61,50.94
image_1489.jpg,label_1489.png,True,False,False,27.74,20.38,51.88,26.56,21.33,52.11
image_1490.jpg,label_1490.png,True,False,False,27.93,20.95,51.11,29.83,21.97,48.2
image_1491.jpg,label_1491.png,True,False,False,20.64,20.92,58.45,18.49,21.51,60.0
image_1492.jpg,label_1492.png,True,False,False,21.76,18.13,60.11,22.35,18.86,58.78
image_1493.jpg,label_1493.png,True,False,False,31.36,1.88,66.76,29.5,2.0,68.5
image_1494.jpg,label_1494.png,True,False,False,33.04,2.83,64.13,29.81,2.87,67.33
image_1495.jpg,label_1495.png,True,False,False,25.89,5.2,68.91,24.06,5.24,70.7
image_1496.jpg,label_1496.png,True,False,False,43.01,4.53,52.46,39.19,4.68,56.13
image_1497.jpg,label_1497.png,True,False,False,34.47,0.24,65.29,32.78,0.26,66.96
image_1498.jpg,label_1498.png,True,False,False,33.82,0.42,65.76,31.48,0.44,68.08
image_1499.jpg,label_1499.png,True,False,False,26.33,0.79,72.88,25.75,0.84,73.41
image_1500.jpg,label_1500.png,True,False,False,24.67,0.06,75.28,25.32,0.06,74.62
image_1501.jpg,label_1501.png,True,False,False,27.19,0.0,72.81,28.63,0.0,71.37
image_1502.jpg,label_1502.png,True,False,False,37.5,1.17,61.33,36.02,1.14,62.84
image_1503.jpg,label_1503.png,True,False,False,42.0,1.82,56.18,40.56,1.82,57.63
image_1504.jpg,label_1504.png,True,False,False,37.42,0.03,62.55,38.82,0.03,61.15
image_1505.jpg,label_1505.png,True,False,False,32.38,0.9,66.72,31.1,1.03,67.87
image_1506.jpg,label_1506.png,True,False,False,28.48,3.82,67.7,25.53,3.68,70.79
image_1507.jpg,label_1507.png,False,False,True,38.57,2.14,59.29,35.85,2.07,62.07
image_1508.jpg,label_1508.png,False,True,False,46.35,0.26,53.39,47.55,0.25,52.19
image_1509.jpg,label_1509.png,True,False,False,30.98,0.46,68.57,26.26,0.44,73.3
image_1510.jpg,label_1510.png,True,False,False,31.53,6.29,62.18,32.46,6.28,61.27
image_1511.jpg,label_1511.png,True,False,False,0.18,1.85,97.96,0.17,2.02,97.81
image_1512.jpg,label_1512.png,True,False,False,0.0,0.4,99.6,0.0,0.45,99.55
image_1513.jpg,label_1513.png,True,False,False,0.0,0.08,99.92,0.12,0.09,99.79
image_1514.jpg,label_1514.png,True,False,False,0.08,3.1,96.82,0.07,3.39,96.55
image_1515.jpg,label_1515.png,True,False,False,0.03,2.22,97.74,0.0,2.32,97.68
image_1516.jpg,label_1516.png,True,False,False,0.04,4.41,95.56,0.03,4.48,95.5
image_1517.jpg,label_1517.png,True,False,False,0.01,3.79,96.2,0.01,4.3,95.69
image_1518.jpg,label_1518.png,False,True,False,2.18,4.37,93.45,1.59,4.81,93.6
image_1519.jpg,label_1519.png,True,False,False,0.64,8.62,90.74,0.41,9.07,90.52
image_1520.jpg,label_1520.png,True,False,False,62.58,0.0,37.42,60.41,0.0,39.59
image_1521.jpg,label_1521.png,False,True,False,68.93,0.0,31.07,67.42,0.0,32.58
image_1522.jpg,label_1522.png,False,False,True,67.77,0.0,32.23,66.49,0.0,33.51
image_1523.jpg,label_1523.png,False,True,False,63.0,0.0,37.0,56.74,0.0,43.26
image_1524.jpg,label_1524.png,True,False,False,68.71,0.0,31.29,66.56,0.0,33.44
image_1525.jpg,label_1525.png,True,False,False,53.68,0.0,46.32,51.13,0.0,48.87
image_1526.jpg,label_1526.png,True,False,False,56.99,0.0,43.01,55.93,0.0,44.07
image_1527.jpg,label_1527.png,True,False,False,60.06,0.0,39.94,56.66,0.0,43.34
image_1528.jpg,label_1528.png,True,False,False,82.17,0.0,17.83,81.19,0.0,18.81
image_1529.jpg,label_1529.png,True,False,False,78.76,0.0,21.24,78.69,0.0,21.31
image_1530.jpg,label_1530.png,False,False,True,83.61,0.0,16.39,82.77,0.0,17.23
image_1531.jpg,label_1531.png,True,False,False,80.21,0.0,19.79,79.38,0.0,20.62
image_1532.jpg,label_1532.png,True,False,False,85.31,0.0,14.69,84.54,0.0,15.46
image_1533.jpg,label_1533.png,False,True,False,85.47,0.0,14.53,84.39,0.0,15.61
image_1534.jpg,label_1534.png,False,False,True,60.85,0.0,39.14,60.78,0.02,39.2
image_1535.jpg,label_1535.png,True,False,False,61.29,0.02,38.69,62.16,0.02,37.82
image_1536.jpg,label_1536.png,True,False,False,35.12,0.0,64.88,33.23,0.0,66.77
image_1537.jpg,label_1537.png,False,False,True,42.92,0.0,57.08,43.05,0.0,56.95
image_1538.jpg,label_1538.png,True,False,False,50.72,0.0,49.28,49.34,0.0,50.66
image_1539.jpg,label_1539.png,True,False,False,64.97,0.0,35.03,63.19,0.0,36.81
image_1540.jpg,label_1540.png,True,False,False,54.34,0.0,45.66,53.65,0.0,46.35
image_1541.jpg,label_1541.png,True,False,False,78.06,0.0,21.94,77.62,0.0,22.38
image_1542.jpg,label_1542.png,False,True,False,73.92,0.0,26.08,73.8,0.0,26.2
image_1543.jpg,label_1543.png,True,False,False,62.54,0.0,37.46,61.54,0.0,38.46
image_1544.jpg,label_1544.png,True,False,False,69.03,0.0,30.97,67.04,0.0,32.96
image_1545.jpg,label_1545.png,True,False,False,68.63,0.0,31.37,66.95,0.0,33.05
image_1546.jpg,label_1546.png,True,False,False,69.67,0.0,30.33,68.41,0.0,31.59
image_1547.jpg,label_1547.png,True,False,False,90.24,0.0,9.76,89.81,0.0,10.19
image_1548.jpg,label_1548.png,True,False,False,92.02,0.0,7.98,91.99,0.0,8.01
image_1549.jpg,label_1549.png,True,False,False,77.52,0.0,22.48,75.75,0.0,24.25
image_1550.jpg,label_1550.png,True,False,False,0.94,0.0,99.06,2.7,0.0,97.3
image_1551.jpg,label_1551.png,True,False,False,8.96,0.0,91.03,13.88,0.01,86.12
image_1552.jpg,label_1552.png,True,False,False,79.99,0.0,20.01,81.25,0.0,18.75
image_1553.jpg,label_1553.png,True,False,False,84.98,0.0,15.02,86.42,0.0,13.58
image_1554.jpg,label_1554.png,True,False,False,76.53,0.0,23.47,77.49,0.0,22.51
image_1555.jpg,label_1555.png,True,False,False,0.86,0.08,99.06,2.98,0.1,96.92
image_1556.jpg,label_1556.png,True,False,False,29.53,0.02,70.45,31.62,0.03,68.35
image_1557.jpg,label_1557.png,True,False,False,90.32,0.0,9.68,91.74,0.0,8.26
image_1558.jpg,label_1558.png,True,False,False,90.21,0.0,9.79,91.29,0.0,8.71
image_1559.jpg,label_1559.png,False,False,True,89.69,0.0,10.31,90.26,0.0,9.74
image_1560.jpg,label_1560.png,True,False,False,84.81,0.0,15.19,84.8,0.0,15.2
image_1561.jpg,label_1561.png,True,False,False,87.99,0.0,12.01,88.33,0.0,11.67
image_1562.jpg,label_1562.png,True,False,False,82.08,0.0,17.92,81.82,0.0,18.18
image_1563.jpg,label_1563.png,True,False,False,94.04,0.0,5.96,94.57,0.0,5.43
image_1564.jpg,label_1564.png,True,False,False,96.87,0.0,3.13,97.28,0.0,2.72
image_1565.jpg,label_1565.png,True,False,False,98.08,0.0,1.92,98.19,0.0,1.81
image_1566.jpg,label_1566.png,True,False,False,95.59,0.0,4.41,96.17,0.0,3.83
image_1567.jpg,label_1567.png,False,True,False,92.27,0.0,7.73,92.84,0.0,7.16
image_1568.jpg,label_1568.png,True,False,False,86.45,0.0,13.55,86.82,0.0,13.18
image_1569.jpg,label_1569.png,True,False,False,90.59,0.0,9.41,90.74,0.0,9.26
image_1570.jpg,label_1570.png,True,False,False,91.06,0.0,8.94,91.58,0.0,8.42
image_1571.jpg,label_1571.png,True,False,False,95.4,0.0,4.6,95.7,0.0,4.3
image_1572.jpg,label_1572.png,True,False,False,96.46,0.0,3.54,96.91,0.0,3.09
image_1573.jpg,label_1573.png,True,False,False,95.53,0.0,4.47,95.89,0.0,4.11
image_1574.jpg,label_1574.png,True,False,False,83.82,0.0,16.18,84.22,0.0,15.78
image_1575.jpg,label_1575.png,True,False,False,80.7,0.0,19.3,80.84,0.0,19.16
image_1576.jpg,label_1576.png,True,False,False,76.18,0.0,23.82,77.46,0.0,22.54
image_1577.jpg,label_1577.png,True,False,False,78.62,0.0,21.38,80.48,0.0,19.52
image_1578.jpg,label_1578.png,True,False,False,97.86,0.0,2.14,98.19,0.0,1.81
image_1579.jpg,label_1579.png,True,False,False,97.31,0.0,2.69,97.54,0.0,2.46
image_1580.jpg,label_1580.png,True,False,False,88.67,0.0,11.33,89.45,0.0,10.55
image_1581.jpg,label_1581.png,True,False,False,90.9,0.0,9.1,92.45,0.0,7.55
image_1582.jpg,label_1582.png,True,False,False,89.6,0.0,10.4,90.45,0.0,9.55
image_1583.jpg,label_1583.png,True,False,False,86.48,0.0,13.52,87.46,0.0,12.54
image_1584.jpg,label_1584.png,True,False,False,83.47,0.0,16.53,84.21,0.0,15.79
image_1585.jpg,label_1585.png,True,False,False,98.64,0.0,1.36,98.82,0.0,1.18
image_1586.jpg,label_1586.png,True,False,False,99.6,0.0,0.4,99.73,0.0,0.27
image_1587.jpg,label_1587.png,False,False,True,98.55,0.0,1.45,98.65,0.0,1.35
image_1588.jpg,label_1588.png,True,False,False,93.97,0.0,6.03,94.19,0.01,5.8
image_1589.jpg,label_1589.png,True,False,False,90.79,0.0,9.21,91.27,0.0,8.73
image_1590.jpg,label_1590.png,True,False,False,81.23,0.0,18.77,81.8,0.0,18.2
image_1591.jpg,label_1591.png,True,False,False,86.41,0.0,13.59,87.26,0.0,12.74
image_1592.jpg,label_1592.png,True,False,False,84.33,0.0,15.67,85.0,0.0,15.0
image_1593.jpg,label_1593.png,True,False,False,87.06,0.0,12.94,87.61,0.0,12.39
image_1594.jpg,label_1594.png,True,False,False,90.23,0.0,9.77,91.12,0.0,8.88
image_1595.jpg,label_1595.png,True,False,False,85.7,0.0,14.3,86.9,0.0,13.1
image_1596.jpg,label_1596.png,True,False,False,97.83,0.0,2.17,98.0,0.0,2.0
image_1597.jpg,label_1597.png,True,False,False,97.38,0.0,2.62,97.56,0.0,2.44
image_1598.jpg,label_1598.png,True,False,False,96.14,0.0,3.86,96.83,0.0,3.17
image_1599.jpg,label_1599.png,True,False,False,51.17,0.0,48.83,52.16,0.0,47.84
image_1600.jpg,label_1600.png,True,False,False,40.18,0.0,59.82,42.48,0.0,57.52
image_1601.jpg,label_1601.png,True,False,False,39.44,0.0,60.56,42.73,0.0,57.27
image_1602.jpg,label_1602.png,True,False,False,75.77,0.0,24.23,77.69,0.0,22.31
image_1603.jpg,label_1603.png,False,False,True,52.77,0.0,47.23,57.53,0.0,42.47
image_1604.jpg,label_1604.png,False,True,False,76.82,0.01,23.17,76.15,0.01,23.83
image_1605.jpg,label_1605.png,True,False,False,77.18,0.0,22.82,76.25,0.0,23.75
image_1606.jpg,label_1606.png,True,False,False,70.47,0.0,29.53,71.85,0.0,28.15
image_1607.jpg,label_1607.png,True,False,False,63.92,0.0,36.08,64.9,0.0,35.1
image_1608.jpg,label_1608.png,True,False,False,70.21,0.0,29.79,69.96,0.0,30.04
image_1609.jpg,label_1609.png,True,False,False,73.24,0.0,26.76,72.09,0.0,27.91
image_1610.jpg,label_1610.png,False,False,True,53.86,0.0,46.14,54.8,0.0,45.2
image_1611.jpg,label_1611.png,False,False,True,34.74,0.0,65.26,33.97,0.0,66.03
image_1612.jpg,label_1612.png,True,False,False,70.62,0.0,29.38,72.98,0.0,27.02
image_1613.jpg,label_1613.png,True,False,False,59.76,0.0,40.24,63.68,0.0,36.32
image_1614.jpg,label_1614.png,True,False,False,42.47,0.0,57.53,42.7,0.0,57.3
image_1615.jpg,label_1615.png,True,False,False,35.47,0.0,64.53,42.38,0.0,57.62
image_1616.jpg,label_1616.png,True,False,False,3.36,0.0,96.64,7.6,0.0,92.4
image_1617.jpg,label_1617.png,False,False,True,3.73,0.0,96.27,4.39,0.0,95.61
image_1618.jpg,label_1618.png,True,False,False,65.81,0.0,34.19,65.78,0.0,34.22
image_1619.jpg,label_1619.png,True,False,False,63.45,0.0,36.55,63.99,0.0,36.01
image_1620.jpg,label_1620.png,False,False,True,59.14,0.0,40.86,58.61,0.0,41.39
image_1621.jpg,label_1621.png,True,False,False,50.97,0.0,49.03,52.12,0.0,47.88
image_1622.jpg,label_1622.png,True,False,False,47.48,0.0,52.52,49.53,0.0,50.47
image_1623.jpg,label_1623.png,True,False,False,25.39,0.0,74.61,30.65,0.0,69.35
image_1624.jpg,label_1624.png,True,False,False,36.19,0.0,63.81,39.45,0.0,60.55
image_1625.jpg,label_1625.png,True,False,False,37.05,0.0,62.95,44.22,0.0,55.78
image_1626.jpg,label_1626.png,True,False,False,74.86,0.0,25.14,74.89,0.0,25.11
image_1627.jpg,label_1627.png,False,False,True,77.54,0.0,22.46,76.97,0.0,23.03
image_1628.jpg,label_1628.png,False,True,False,82.01,0.0,17.99,83.76,0.0,16.24
image_1629.jpg,label_1629.png,False,True,False,19.76,30.32,49.92,20.21,31.34,48.45
image_1630.jpg,label_1630.png,True,False,False,26.56,19.25,54.2,28.42,20.13,51.45
image_1631.jpg,label_1631.png,True,False,False,27.74,17.86,54.4,32.97,18.67,48.36
image_1632.jpg,label_1632.png,True,False,False,24.38,31.24,44.38,22.5,32.24,45.26
image_1633.jpg,label_1633.png,True,False,False,14.1,28.62,57.28,16.25,29.48,54.27
image_1634.jpg,label_1634.png,True,False,False,27.57,28.74,43.69,27.83,29.83,42.33
image_1635.jpg,label_1635.png,False,True,False,27.88,25.8,46.32,29.87,27.33,42.8
image_1636.jpg,label_1636.png,False,False,True,22.65,23.16,54.19,25.2,24.0,50.8
image_1637.jpg,label_1637.png,True,False,False,24.22,22.12,53.66,24.77,22.83,52.4
image_1638.jpg,label_1638.png,True,False,False,23.33,21.81,54.86,25.88,22.68,51.44
image_1639.jpg,label_1639.png,False,True,False,0.0,0.0,100.0,0.51,0.0,99.49
image_1640.jpg,label_1640.png,True,False,False,0.38,0.0,99.62,0.59,0.0,99.41
image_1641.jpg,label_1641.png,True,False,False,0.0,0.0,100.0,0.68,0.0,99.32
image_1642.jpg,label_1642.png,True,False,False,1.05,0.0,98.95,1.02,0.0,98.98
image_1643.jpg,label_1643.png,True,False,False,0.0,0.0,100.0,0.11,0.0,99.89
image_1644.jpg,label_1644.png,True,False,False,0.23,0.0,99.77,0.19,0.0,99.81
image_1645.jpg,label_1645.png,True,False,False,91.74,0.01,8.25,90.95,0.02,9.02
image_1646.jpg,label_1646.png,False,False,True,31.37,0.0,68.63,25.96,0.0,74.04
image_1647.jpg,label_1647.png,True,False,False,94.62,0.01,5.37,96.35,0.01,3.64
image_1648.jpg,label_1648.png,True,False,False,49.96,0.29,49.74,47.17,0.37,52.46
image_1649.jpg,label_1649.png,False,True,False,0.0,0.0,100.0,1.06,0.0,98.94
image_1650.jpg,label_1650.png,True,False,False,0.59,0.0,99.41,1.14,0.0,98.86
image_1651.jpg,label_1651.png,True,False,False,0.15,0.0,99.85,1.11,0.0,98.89
image_1652.jpg,label_1652.png,True,False,False,23.09,0.0,76.91,28.71,0.0,71.29
image_1653.jpg,label_1653.png,True,False,False,6.22,0.0,93.78,10.71,0.0,89.29
image_1654.jpg,label_1654.png,True,False,False,42.4,0.0,57.6,44.22,0.0,55.78
image_1655.jpg,label_1655.png,False,True,False,0.0,0.0,100.0,0.71,0.0,99.29
image_1656.jpg,label_1656.png,False,False,True,0.07,0.0,99.93,2.27,0.0,97.73
image_1657.jpg,label_1657.png,True,False,False,3.14,0.0,96.86,4.95,0.0,95.05
image_1658.jpg,label_1658.png,True,False,False,0.0,0.0,100.0,0.62,0.0,99.38
image_1659.jpg,label_1659.png,True,False,False,53.2,0.0,46.8,57.04,0.0,42.96
image_1660.jpg,label_1660.png,True,False,False,66.91,0.0,33.09,69.8,0.0,30.2
image_1661.jpg,label_1661.png,True,False,False,41.81,0.0,58.19,43.18,0.0,56.82
image_1662.jpg,label_1662.png,True,False,False,0.43,0.0,99.57,3.1,0.0,96.9
image_1663.jpg,label_1663.png,True,False,False,73.57,0.0,26.43,73.19,0.0,26.81
image_1664.jpg,label_1664.png,True,False,False,71.98,0.0,28.02,71.83,0.0,28.17
image_1665.jpg,label_1665.png,True,False,False,40.06,0.0,59.94,41.72,0.0,58.28
image_1666.jpg,label_1666.png,True,False,False,53.81,0.0,46.19,56.64,0.0,43.36
image_1667.jpg,label_1667.png,False,False,True,3.08,0.0,96.92,7.61,0.0,92.39
image_1668.jpg,label_1668.png,True,False,False,14.86,0.0,85.14,19.89,0.0,80.11
image_1669.jpg,label_1669.png,True,False,False,27.46,0.0,72.54,30.45,0.0,69.55
image_1670.jpg,label_1670.png,True,False,False,39.75,0.0,60.25,40.6,0.0,59.4
image_1671.jpg,label_1671.png,True,False,False,30.48,0.0,69.52,36.91,0.0,63.09
image_1672.jpg,label_1672.png,True,False,False,89.7,0.0,10.3,91.12,0.0,8.88
image_1673.jpg,label_1673.png,True,False,False,87.46,0.0,12.54,87.48,0.0,12.52
image_1674.jpg,label_1674.png,True,False,False,49.75,0.0,50.25,52.78,0.0,47.22
image_1675.jpg,label_1675.png,True,False,False,0.83,0.0,99.17,1.72,0.0,98.28
image_1676.jpg,label_1676.png,True,False,False,25.39,0.0,74.61,22.0,0.0,78.0
image_1677.jpg,label_1677.png,True,False,False,54.56,0.0,45.44,54.18,0.0,45.82
image_1678.jpg,label_1678.png,False,True,False,61.49,0.0,38.51,63.33,0.0,36.67
image_1679.jpg,label_1679.png,False,True,False,2.16,0.0,97.84,3.9,0.0,96.1
image_1680.jpg,label_1680.png,True,False,False,17.2,0.0,82.8,20.25,0.0,79.75
image_1681.jpg,label_1681.png,True,False,False,35.65,0.0,64.35,39.19,0.0,60.81
image_1682.jpg,label_1682.png,True,False,False,43.48,0.1,56.42,39.94,0.14,59.92
image_1683.jpg,label_1683.png,False,True,False,34.75,0.32,64.93,26.93,0.37,72.7
image_1684.jpg,label_1684.png,True,False,False,0.02,5.48,94.5,0.02,5.41,94.57
image_1685.jpg,label_1685.png,True,False,False,0.01,4.48,95.5,0.41,4.48,95.11
image_1686.jpg,label_1686.png,True,False,False,0.09,18.0,81.9,0.11,16.83,83.06
image_1687.jpg,label_1687.png,False,True,False,0.03,17.5,82.47,0.04,16.56,83.4
image_1688.jpg,label_1688.png,False,False,True,0.09,17.15,82.77,0.19,16.41,83.4
image_1689.jpg,label_1689.png,True,False,False,0.13,19.44,80.43,0.1,18.23,81.68
image_1690.jpg,label_1690.png,True,False,False,0.12,17.62,82.26,0.08,16.96,82.96
image_1691.jpg,label_1691.png,True,False,False,0.08,18.73,81.19,0.09,18.11,81.8
image_1692.jpg,label_1692.png,True,False,False,0.23,13.35,86.42,0.04,13.19,86.76
image_1693.jpg,label_1693.png,True,False,False,0.38,14.22,85.4,0.07,13.91,86.01
image_1694.jpg,label_1694.png,True,False,False,3.18,15.99,80.83,2.13,15.7,82.17
image_1695.jpg,label_1695.png,True,False,False,0.16,23.75,76.09,0.14,22.45,77.41
image_1696.jpg,label_1696.png,True,False,False,0.09,17.56,82.35,0.08,16.5,83.42
image_1697.jpg,label_1697.png,False,False,True,0.02,14.19,85.79,0.02,13.33,86.64
image_1698.jpg,label_1698.png,True,False,False,1.42,13.3,85.27,1.73,13.12,85.15
image_1699.jpg,label_1699.png,True,False,False,0.19,19.15,80.66,0.57,18.37,81.07
image_1700.jpg,label_1700.png,True,False,False,39.64,0.03,60.33,46.98,0.04,52.98
image_1701.jpg,label_1701.png,True,False,False,17.96,0.0,82.04,17.12,0.0,82.88
image_1702.jpg,label_1702.png,False,True,False,20.18,0.0,79.82,19.5,0.0,80.5
image_1703.jpg,label_1703.png,False,False,True,17.23,0.0,82.77,16.47,0.0,83.53
image_1704.jpg,label_1704.png,True,False,False,76.08,0.0,23.92,79.73,0.0,20.27
image_1705.jpg,label_1705.png,False,True,False,29.95,0.0,70.05,32.35,0.0,67.65
image_1706.jpg,label_1706.png,True,False,False,2.6,0.0,97.4,4.53,0.0,95.47
image_1707.jpg,label_1707.png,True,False,False,3.1,0.0,96.9,4.09,0.0,95.91
image_1708.jpg,label_1708.png,True,False,False,37.36,0.0,62.64,41.05,0.0,58.95
image_1709.jpg,label_1709.png,True,False,False,0.42,0.0,99.58,2.81,0.0,97.19
image_1710.jpg,label_1710.png,True,False,False,1.78,0.0,98.22,1.23,0.0,98.77
image_1711.jpg,label_1711.png,True,False,False,12.91,0.0,87.09,14.43,0.0,85.57
image_1712.jpg,label_1712.png,True,False,False,23.75,0.0,76.25,26.46,0.0,73.54
image_1713.jpg,label_1713.png,True,False,False,75.07,0.0,24.93,73.95,0.0,26.05
image_1714.jpg,label_1714.png,True,False,False,20.91,0.0,79.09,20.23,0.0,79.77
image_1715.jpg,label_1715.png,True,False,False,57.33,0.0,42.67,61.01,0.0,38.99
image_1716.jpg,label_1716.png,False,True,False,16.15,0.0,83.85,24.02,0.0,75.98
image_1717.jpg,label_1717.png,True,False,False,74.04,0.0,25.96,73.34,0.0,26.66
image_1718.jpg,label_1718.png,True,False,False,92.04,0.0,7.96,91.49,0.0,8.51
image_1719.jpg,label_1719.png,False,False,True,64.08,21.74,14.18,62.8,22.24,14.96
image_1720.jpg,label_1720.png,True,False,False,9.02,70.25,20.73,10.77,74.36,14.87
image_1721.jpg,label_1721.png,True,False,False,7.05,80.12,12.83,8.07,84.24,7.69
image_1722.jpg,label_1722.png,True,False,False,22.59,62.1,15.32,23.48,63.72,12.8
image_1723.jpg,label_1723.png,False,False,True,33.67,56.98,9.36,35.13,58.28,6.59
image_1724.jpg,label_1724.png,True,False,False,7.85,64.15,28.0,9.55,68.22,22.23
image_1725.jpg,label_1725.png,False,True,False,6.49,79.77,13.74,4.95,81.62,13.42
image_1726.jpg,label_1726.png,True,False,False,7.94,82.76,9.31,6.24,84.13,9.63
image_1727.jpg,label_1727.png,True,False,False,7.62,68.64,23.74,9.83,71.1,19.07
image_1728.jpg,label_1728.png,False,True,False,55.48,34.24,10.28,51.63,37.09,11.28
image_1729.jpg,label_1729.png,True,False,False,24.32,62.65,13.03,23.89,64.03,12.08
image_1730.jpg,label_1730.png,False,True,False,29.46,58.66,11.88,32.07,61.23,6.7
image_1731.jpg,label_1731.png,True,False,False,76.55,0.0,23.45,77.8,0.0,22.2
image_1732.jpg,label_1732.png,False,False,True,57.27,0.0,42.73,54.6,0.0,45.4
image_1733.jpg,label_1733.png,True,False,False,85.87,0.0,14.13,86.74,0.0,13.26
image_1734.jpg,label_1734.png,True,False,False,73.87,0.0,26.13,74.31,0.0,25.69
image_1735.jpg,label_1735.png,True,False,False,69.96,0.0,30.04,70.48,0.0,29.52
image_1736.jpg,label_1736.png,True,False,False,64.78,0.0,35.22,65.84,0.0,34.16
image_1737.jpg,label_1737.png,True,False,False,96.74,0.0,3.26,97.43,0.0,2.57
image_1738.jpg,label_1738.png,True,False,False,95.46,0.0,4.54,95.89,0.0,4.11
image_1739.jpg,label_1739.png,False,True,False,87.15,0.0,12.85,86.86,0.0,13.14
image_1740.jpg,label_1740.png,True,False,False,90.93,0.0,9.07,92.94,0.0,7.06
image_1741.jpg,label_1741.png,False,True,False,21.39,0.0,78.61,16.85,0.0,83.15
image_1742.jpg,label_1742.png,False,False,True,64.71,7.66,27.63,63.32,7.56,29.12
image_1743.jpg,label_1743.png,True,False,False,36.58,46.21,17.21,38.12,45.04,16.84
image_1744.jpg,label_1744.png,True,False,False,8.33,68.77,22.9,8.53,67.92,23.55
image_1745.jpg,label_1745.png,True,False,False,90.82,0.0,9.18,90.59,0.0,9.41
image_1746.jpg,label_1746.png,True,False,False,88.31,0.0,11.69,88.96,0.0,11.04
image_1747.jpg,label_1747.png,True,False,False,96.55,0.0,3.45,96.97,0.0,3.03
image_1748.jpg,label_1748.png,False,False,True,98.75,0.0,1.25,98.83,0.0,1.17
image_1749.jpg,label_1749.png,True,False,False,99.63,0.0,0.37,99.66,0.0,0.34
image_1750.jpg,label_1750.png,True,False,False,99.63,0.0,0.37,99.68,0.0,0.32
image_1751.jpg,label_1751.png,True,False,False,99.4,0.0,0.6,99.43,0.0,0.57
image_1752.jpg,label_1752.png,True,False,False,98.69,0.0,1.31,98.85,0.0,1.15
image_1753.jpg,label_1753.png,True,False,False,93.82,0.0,6.18,93.42,0.0,6.58
image_1754.jpg,label_1754.png,True,False,False,90.29,0.0,9.71,92.82,0.0,7.18
image_1755.jpg,label_1755.png,True,False,False,83.99,0.0,16.01,87.27,0.0,12.73
image_1756.jpg,label_1756.png,True,False,False,94.4,0.0,5.6,95.06,0.0,4.94
image_1757.jpg,label_1757.png,True,False,False,89.7,0.0,10.3,89.39,0.0,10.61
image_1758.jpg,label_1758.png,False,False,True,94.76,0.0,5.24,95.85,0.0,4.15
image_1759.jpg,label_1759.png,True,False,False,95.86,0.0,4.14,96.21,0.0,3.79
image_1760.jpg,label_1760.png,True,False,False,95.45,0.0,4.55,96.64,0.0,3.36
image_1761.jpg,label_1761.png,False,False,True,14.43,73.08,12.49,12.79,76.84,10.36
image_1762.jpg,label_1762.png,True,False,False,6.81,81.44,11.74,6.84,83.3,9.86
image_1763.jpg,label_1763.png,True,False,False,2.49,90.22,7.29,1.89,90.79,7.32
image_1764.jpg,label_1764.png,True,False,False,0.0,0.02,99.98,0.01,0.03,99.96
image_1765.jpg,label_1765.png,True,False,False,0.0,0.01,99.99,0.0,0.0,100.0
image_1766.jpg,label_1766.png,True,False,False,0.0,0.0,100.0,0.04,0.0,99.96
image_1767.jpg,label_1767.png,True,False,False,0.0,1.75,98.25,0.01,1.93,98.05
image_1768.jpg,label_1768.png,True,False,False,0.0,1.19,98.81,0.0,1.2,98.8
image_1769.jpg,label_1769.png,True,False,False,0.0,0.0,100.0,0.0,0.0,100.0
image_1770.jpg,label_1770.png,False,True,False,0.0,0.0,100.0,0.0,0.0,100.0
image_1771.jpg,label_1771.png,True,False,False,99.86,0.0,0.14,99.89,0.0,0.11
image_1772.jpg,label_1772.png,False,True,False,100.0,0.0,0.0,100.0,0.0,0.0
image_1773.jpg,label_1773.png,False,True,False,100.0,0.0,0.0,100.0,0.0,0.0
image_1774.jpg,label_1774.png,True,False,False,100.0,0.0,0.0,100.0,0.0,0.0
image_1775.jpg,label_1775.png,True,False,False,99.99,0.0,0.01,100.0,0.0,0.0
image_1776.jpg,label_1776.png,True,False,False,99.99,0.0,0.01,100.0,0.0,0.0
image_1777.jpg,label_1777.png,True,False,False,100.0,0.0,0.0,100.0,0.0,0.0
image_1778.jpg,label_1778.png,False,True,False,100.0,0.0,0.0,100.0,0.0,0.0
image_1779.jpg,label_1779.png,True,False,False,99.91,0.0,0.09,99.96,0.0,0.04
image_1780.jpg,label_1780.png,True,False,False,99.98,0.0,0.02,99.99,0.0,0.01
image_1781.jpg,label_1781.png,True,False,False,99.99,0.0,0.01,100.0,0.0,0.0
image_1782.jpg,label_1782.png,False,True,False,99.99,0.0,0.01,100.0,0.0,0.0
image_1783.jpg,label_1783.png,True,False,False,100.0,0.0,0.0,100.0,0.0,0.0
image_1784.jpg,label_1784.png,False,False,True,100.0,0.0,0.0,100.0,0.0,0.0
image_1785.jpg,label_1785.png,False,True,False,100.0,0.0,0.0,100.0,0.0,0.0
image_1786.jpg,label_1786.png,True,False,False,99.97,0.0,0.03,99.98,0.0,0.02
image_1787.jpg,label_1787.png,True,False,False,98.15,0.01,1.83,98.17,0.02,1.81
image_1788.jpg,label_1788.png,True,False,False,99.17,0.14,0.69,99.19,0.14,0.67
image_1789.jpg,label_1789.png,True,False,False,98.08,0.69,1.23,98.11,0.7,1.19
image_1790.jpg,label_1790.png,True,False,False,0.23,0.0,99.77,0.02,0.0,99.98
image_1791.jpg,label_1791.png,True,False,False,0.3,0.0,99.7,0.47,0.0,99.53
image_1792.jpg,label_1792.png,True,False,False,10.35,0.0,89.65,8.85,0.0,91.15
image_1793.jpg,label_1793.png,True,False,False,2.62,0.0,97.38,1.29,0.0,98.71
image_1794.jpg,label_1794.png,True,False,False,0.0,0.0,100.0,0.0,0.0,100.0
image_1795.jpg,label_1795.png,True,False,False,0.0,0.04,99.96,0.15,0.03,99.81
image_1796.jpg,label_1796.png,True,False,False,4.15,0.0,95.85,4.87,0.0,95.13
image_1797.jpg,label_1797.png,True,False,False,37.95,0.0,62.05,37.76,0.0,62.24
image_1798.jpg,label_1798.png,False,True,False,4.65,0.0,95.35,3.16,0.0,96.84
image_1799.jpg,label_1799.png,True,False,False,0.49,0.0,99.51,0.31,0.0,99.69
image_1800.jpg,label_1800.png,True,False,False,1.33,0.0,98.67,0.94,0.0,99.06
image_1801.jpg,label_1801.png,True,False,False,0.0,0.0,100.0,0.23,0.0,99.77
image_1802.jpg,label_1802.png,True,False,False,0.63,0.0,99.37,0.92,0.0,99.08
image_1803.jpg,label_1803.png,False,True,False,0.96,0.0,99.04,0.27,0.0,99.73
image_1804.jpg,label_1804.png,True,False,False,0.0,0.0,100.0,0.01,0.0,99.99
image_1805.jpg,label_1805.png,True,False,False,0.57,0.0,99.43,0.5,0.0,99.5
image_1806.jpg,label_1806.png,True,False,False,0.97,0.0,99.03,1.21,0.0,98.79
image_1807.jpg,label_1807.png,False,True,False,81.02,0.0,18.98,83.07,0.0,16.93
image_1808.jpg,label_1808.png,True,False,False,0.0,0.0,100.0,0.27,0.0,99.73
image_1809.jpg,label_1809.png,True,False,False,1.34,0.0,98.66,1.29,0.0,98.71
image_1810.jpg,label_1810.png,True,False,False,99.66,0.0,0.34,99.87,0.0,0.13
image_1811.jpg,label_1811.png,True,False,False,99.81,0.0,0.19,99.93,0.0,0.07
image_1812.jpg,label_1812.png,True,False,False,100.0,0.0,0.0,99.81,0.0,0.19
image_1813.jpg,label_1813.png,True,False,False,100.0,0.0,0.0,100.0,0.0,0.0
image_1814.jpg,label_1814.png,True,False,False,99.85,0.0,0.15,99.92,0.0,0.08
image_1815.jpg,label_1815.png,True,False,False,98.1,0.0,1.9,98.27,0.0,1.73
image_1816.jpg,label_1816.png,True,False,False,99.83,0.0,0.17,99.88,0.0,0.12
image_1817.jpg,label_1817.png,True,False,False,99.81,0.0,0.19,99.75,0.0,0.25
image_1818.jpg,label_1818.png,True,False,False,99.43,0.0,0.57,99.53,0.0,0.47
image_1819.jpg,label_1819.png,True,False,False,99.79,0.0,0.21,99.88,0.0,0.12
image_1820.jpg,label_1820.png,True,False,False,87.97,0.0,12.03,87.05,0.0,12.95
image_1821.jpg,label_1821.png,True,False,False,93.59,0.0,6.41,93.47,0.0,6.53
image_1822.jpg,label_1822.png,True,False,False,10.17,0.0,89.83,10.91,0.0,89.09
image_1823.jpg,label_1823.png,True,False,False,0.0,0.0,100.0,0.49,0.0,99.51
image_1824.jpg,label_1824.png,False,True,False,0.0,0.0,100.0,0.0,0.0,100.0
image_1825.jpg,label_1825.png,False,True,False,0.97,0.0,99.03,0.0,0.0,100.0
image_1826.jpg,label_1826.png,True,False,False,1.51,0.0,98.49,1.44,0.0,98.56
image_1827.jpg,label_1827.png,True,False,False,55.52,0.0,44.48,54.87,0.0,45.13
image_1828.jpg,label_1828.png,True,False,False,99.91,0.0,0.09,99.94,0.0,0.06
image_1829.jpg,label_1829.png,True,False,False,99.68,0.0,0.32,99.85,0.0,0.15
image_1830.jpg,label_1830.png,True,False,False,99.47,0.24,0.28,99.46,0.27,0.27
image_1831.jpg,label_1831.png,False,False,True,98.41,0.0,1.59,98.37,0.0,1.63
image_1832.jpg,label_1832.png,True,False,False,85.65,0.0,14.35,85.95,0.0,14.05
image_1833.jpg,label_1833.png,True,False,False,83.76,0.0,16.24,85.95,0.0,14.05
image_1834.jpg,label_1834.png,True,False,False,99.94,0.0,0.06,99.95,0.0,0.05
image_1835.jpg,label_1835.png,False,True,False,100.0,0.0,0.0,100.0,0.0,0.0
image_1836.jpg,label_1836.png,True,False,False,99.98,0.0,0.02,99.99,0.0,0.01
image_1837.jpg,label_1837.png,False,True,False,99.98,0.0,0.02,99.98,0.0,0.02
image_1838.jpg,label_1838.png,False,False,True,97.77,0.0,2.23,97.63,0.0,2.37
image_1839.jpg,label_1839.png,True,False,False,99.35,0.0,0.65,99.44,0.0,0.56
image_1840.jpg,label_1840.png,True,False,False,99.99,0.0,0.01,99.99,0.0,0.01
image_1841.jpg,label_1841.png,False,True,False,99.47,0.0,0.53,99.5,0.0,0.5
image_1842.jpg,label_1842.png,True,False,False,0.0,0.0,100.0,0.0,0.0,100.0
image_1843.jpg,label_1843.png,True,False,False,0.0,0.0,100.0,0.01,0.0,99.99
image_1844.jpg,label_1844.png,True,False,False,0.0,0.0,100.0,0.15,0.0,99.85
image_1845.jpg,label_1845.png,True,False,False,0.0,0.0,100.0,1.64,0.0,98.36
image_1846.jpg,label_1846.png,False,False,True,99.94,0.0,0.06,99.94,0.0,0.06
image_1847.jpg,label_1847.png,True,False,False,99.87,0.0,0.13,99.85,0.01,0.14
image_1848.jpg,label_1848.png,True,False,False,99.95,0.0,0.05,99.87,0.0,0.13
image_1849.jpg,label_1849.png,False,False,True,99.89,0.0,0.11,99.97,0.0,0.03
image_1850.jpg,label_1850.png,True,False,False,99.89,0.0,0.11,99.93,0.0,0.07
image_1851.jpg,label_1851.png,False,False,True,100.0,0.0,0.0,99.99,0.0,0.01
image_1852.jpg,label_1852.png,True,False,False,100.0,0.0,0.0,100.0,0.0,0.0
image_1853.jpg,label_1853.png,True,False,False,9.19,0.0,90.81,10.04,0.0,89.96
image_1854.jpg,label_1854.png,True,False,False,1.29,0.0,98.71,1.86,0.0,98.14
image_1855.jpg,label_1855.png,False,True,False,1.62,0.0,98.38,2.21,0.0,97.79
image_1856.jpg,label_1856.png,True,False,False,0.0,0.0,100.0,0.2,0.0,99.8
image_1857.jpg,label_1857.png,True,False,False,0.0,0.0,100.0,0.79,0.0,99.21
image_1858.jpg,label_1858.png,True,False,False,0.0,0.0,100.0,0.42,0.0,99.58
image_1859.jpg,label_1859.png,True,False,False,0.0,0.0,100.0,2.18,0.0,97.82
image_1860.jpg,label_1860.png,False,True,False,1.08,0.0,98.92,4.75,0.0,95.25
image_1861.jpg,label_1861.png,True,False,False,0.78,0.0,99.22,1.86,0.0,98.14
image_1862.jpg,label_1862.png,True,False,False,1.29,0.0,98.71,0.04,0.0,99.96
image_1863.jpg,label_1863.png,True,False,False,0.0,0.0,100.0,0.41,0.0,99.59
image_1864.jpg,label_1864.png,True,False,False,0.0,0.0,100.0,0.69,0.0,99.31
image_1865.jpg,label_1865.png,True,False,False,0.0,0.0,100.0,0.05,0.0,99.95
image_1866.jpg,label_1866.png,True,False,False,0.0,0.0,100.0,2.88,0.0,97.12
image_1867.jpg,label_1867.png,False,False,True,18.14,0.0,81.86,19.56,0.0,80.44
image_1868.jpg,label_1868.png,True,False,False,6.68,0.0,93.32,9.51,0.0,90.49
image_1869.jpg,label_1869.png,True,False,False,96.98,0.66,2.36,96.82,0.73,2.45
image_1870.jpg,label_1870.png,True,False,False,98.11,0.21,1.68,98.85,0.26,0.89
image_1871.jpg,label_1871.png,True,False,False,95.78,0.51,3.71,95.93,0.6,3.47
image_1872.jpg,label_1872.png,True,False,False,98.27,0.0,1.73,99.3,0.0,0.7
image_1873.jpg,label_1873.png,True,False,False,99.92,0.0,0.08,99.93,0.0,0.07
image_1874.jpg,label_1874.png,True,False,False,99.73,0.0,0.27,99.75,0.0,0.25
image_1875.jpg,label_1875.png,True,False,False,95.96,0.0,4.04,95.87,0.0,4.13
image_1876.jpg,label_1876.png,False,False,True,96.37,0.0,3.63,96.26,0.0,3.74
image_1877.jpg,label_1877.png,True,False,False,98.52,0.0,1.48,98.61,0.0,1.39
image_1878.jpg,label_1878.png,True,False,False,98.25,0.0,1.75,98.34,0.0,1.66
image_1879.jpg,label_1879.png,False,False,True,99.53,0.0,0.47,99.45,0.0,0.55
image_1880.jpg,label_1880.png,False,False,True,98.64,0.0,1.36,98.52,0.0,1.48
image_1881.jpg,label_1881.png,True,False,False,98.61,0.0,1.39,98.69,0.0,1.31
image_1882.jpg,label_1882.png,True,False,False,0.78,0.0,99.22,0.74,0.0,99.26
image_1883.jpg,label_1883.png,True,False,False,0.0,0.0,100.0,0.0,0.0,100.0
image_1884.jpg,label_1884.png,True,False,False,0.0,0.0,100.0,0.05,0.0,99.95
image_1885.jpg,label_1885.png,True,False,False,0.0,0.0,100.0,0.16,0.0,99.84
image_1886.jpg,label_1886.png,True,False,False,0.0,0.0,100.0,0.01,0.0,99.99
image_1887.jpg,label_1887.png,True,False,False,0.02,0.0,99.98,0.23,0.0,99.77
image_1888.jpg,label_1888.png,True,False,False,54.01,0.0,45.99,53.32,0.0,46.68
image_1889.jpg,label_1889.png,True,False,False,19.27,0.0,80.73,22.23,0.0,77.77
image_1890.jpg,label_1890.png,True,False,False,15.5,0.0,84.5,16.27,0.0,83.73
image_1891.jpg,label_1891.png,True,False,False,3.9,0.0,96.1,3.61,0.0,96.39
image_1892.jpg,label_1892.png,True,False,False,70.45,0.0,29.55,70.47,0.0,29.53
image_1893.jpg,label_1893.png,True,False,False,36.46,0.0,63.54,35.93,0.0,64.07
image_1894.jpg,label_1894.png,True,False,False,2.48,0.0,97.52,0.92,0.0,99.08
image_1895.jpg,label_1895.png,False,True,False,30.3,0.0,69.7,31.33,0.0,68.67
image_1896.jpg,label_1896.png,False,True,False,100.0,0.0,0.0,100.0,0.0,0.0
image_1897.jpg,label_1897.png,True,False,False,100.0,0.0,0.0,100.0,0.0,0.0
image_1898.jpg,label_1898.png,True,False,False,100.0,0.0,0.0,100.0,0.0,0.0
image_1899.jpg,label_1899.png,True,False,False,100.0,0.0,0.0,100.0,0.0,0.0
image_1900.jpg,label_1900.png,True,False,False,0.03,17.55,82.42,0.04,16.64,83.32
image_1901.jpg,label_1901.png,True,False,False,0.05,15.78,84.17,0.06,14.66,85.28
image_1902.jpg,label_1902.png,True,False,False,1.55,40.16,58.29,0.79,37.39,61.82
image_1903.jpg,label_1903.png,True,False,False,0.01,12.85,87.14,0.02,12.01,87.97
image_1904.jpg,label_1904.png,True,False,False,2.47,20.16,77.37,2.39,19.07,78.55
image_1905.jpg,label_1905.png,True,False,False,0.1,18.78,81.12,0.1,17.55,82.35
image_1906.jpg,label_1906.png,True,False,False,0.12,14.27,85.61,0.12,13.15,86.72
image_1907.jpg,label_1907.png,True,False,False,0.0,6.88,93.11,0.01,6.2,93.79
image_1908.jpg,label_1908.png,True,False,False,0.84,8.25,90.9,0.31,7.77,91.92
image_1909.jpg,label_1909.png,True,False,False,0.01,15.8,84.19,0.02,15.03,84.95
image_1910.jpg,label_1910.png,True,False,False,0.03,10.71,89.26,0.03,10.14,89.83
image_1911.jpg,label_1911.png,True,False,False,0.12,20.56,79.32,0.09,18.97,80.94
image_1912.jpg,label_1912.png,True,False,False,0.09,11.06,88.85,0.08,10.11,89.81
image_1913.jpg,label_1913.png,True,False,False,0.15,14.51,85.34,0.14,13.03,86.83
image_1914.jpg,label_1914.png,True,False,False,0.67,10.16,89.18,0.04,9.27,90.69
image_1915.jpg,label_1915.png,False,True,False,59.47,0.0,40.53,62.64,0.0,37.36
image_1916.jpg,label_1916.png,True,False,False,98.89,0.0,1.11,98.98,0.0,1.02
image_1917.jpg,label_1917.png,False,True,False,96.33,2.29,1.37,96.6,2.26,1.14
image_1918.jpg,label_1918.png,True,False,False,98.85,0.0,1.15,98.95,0.0,1.05
image_1919.jpg,label_1919.png,True,False,False,96.81,0.7,2.49,96.75,0.7,2.55
image_1920.jpg,label_1920.png,True,False,False,99.31,0.0,0.69,99.33,0.0,0.67
image_1921.jpg,label_1921.png,True,False,False,99.21,0.06,0.73,99.23,0.07,0.71
image_1922.jpg,label_1922.png,True,False,False,98.7,0.0,1.3,98.74,0.0,1.26
image_1923.jpg,label_1923.png,True,False,False,98.13,0.0,1.87,98.24,0.0,1.76
image_1924.jpg,label_1924.png,True,False,False,18.32,9.84,71.84,18.54,9.93,71.53
image_1925.jpg,label_1925.png,True,False,False,20.12,6.84,73.04,19.79,6.93,73.27
image_1926.jpg,label_1926.png,False,False,True,16.61,43.06,40.33,17.14,43.44,39.43
image_1927.jpg,label_1927.png,True,False,False,56.6,13.05,30.35,59.44,13.51,27.05
image_1928.jpg,label_1928.png,True,False,False,46.5,0.02,53.48,47.8,0.02,52.18
image_1929.jpg,label_1929.png,True,False,False,98.93,0.0,1.07,99.06,0.0,0.94
image_1930.jpg,label_1930.png,True,False,False,0.65,0.29,99.05,0.59,0.31,99.09
image_1931.jpg,label_1931.png,True,False,False,0.29,2.56,97.16,0.33,2.79,96.89
image_1932.jpg,label_1932.png,True,False,False,100.0,0.0,0.0,100.0,0.0,0.0
image_1933.jpg,label_1933.png,False,True,False,100.0,0.0,0.0,99.97,0.0,0.03
image_1934.jpg,label_1934.png,False,True,False,100.0,0.0,0.0,99.91,0.0,0.09
image_1935.jpg,label_1935.png,False,True,False,100.0,0.0,0.0,99.92,0.0,0.08
image_1936.jpg,label_1936.png,True,False,False,61.98,0.0,38.02,63.39,0.0,36.61
image_1937.jpg,label_1937.png,True,False,False,86.01,0.0,13.99,86.5,0.0,13.5
image_1938.jpg,label_1938.png,True,False,False,80.6,0.0,19.4,80.96,0.0,19.04
image_1939.jpg,label_1939.png,True,False,False,81.36,0.0,18.64,81.92,0.0,18.08
image_1940.jpg,label_1940.png,True,False,False,73.19,0.0,26.81,73.82,0.0,26.18
image_1941.jpg,label_1941.png,True,False,False,79.11,0.0,20.89,78.61,0.0,21.39
image_1942.jpg,label_1942.png,True,False,False,68.16,0.0,31.84,69.13,0.0,30.87
image_1943.jpg,label_1943.png,False,True,False,62.17,0.0,37.83,63.56,0.0,36.44
image_1944.jpg,label_1944.png,True,False,False,68.8,0.0,31.2,69.24,0.0,30.76
image_1945.jpg,label_1945.png,True,False,False,74.16,0.0,25.84,74.57,0.0,25.43
image_1946.jpg,label_1946.png,True,False,False,34.87,0.0,65.13,36.7,0.0,63.3
image_1947.jpg,label_1947.png,True,False,False,69.45,0.0,30.55,69.84,0.0,30.16
image_1948.jpg,label_1948.png,False,False,True,58.41,0.02,41.58,59.8,0.02,40.17
image_1949.jpg,label_1949.png,True,False,False,76.57,0.0,23.43,76.71,0.0,23.29
image_1950.jpg,label_1950.png,True,False,False,91.51,0.0,8.49,91.59,0.0,8.41
image_1951.jpg,label_1951.png,True,False,False,91.13,0.04,8.84,91.46,0.05,8.5
image_1952.jpg,label_1952.png,True,False,False,71.83,0.04,28.13,72.1,0.04,27.86
image_1953.jpg,label_1953.png,True,False,False,80.3,0.0,19.7,80.48,0.0,19.52
image_1954.jpg,label_1954.png,False,False,True,73.71,0.0,26.29,74.22,0.0,25.78
image_1955.jpg,label_1955.png,True,False,False,74.92,0.0,25.08,75.46,0.0,24.54
image_1956.jpg,label_1956.png,True,False,False,93.61,0.0,6.39,93.82,0.0,6.18
image_1957.jpg,label_1957.png,True,False,False,87.48,0.0,12.52,87.85,0.0,12.15
image_1958.jpg,label_1958.png,False,True,False,94.96,0.0,5.04,95.2,0.0,4.8
image_1959.jpg,label_1959.png,True,False,False,98.0,0.0,2.0,98.15,0.0,1.85
image_1960.jpg,label_1960.png,False,True,False,97.49,0.0,2.51,97.56,0.0,2.44
image_1961.jpg,label_1961.png,True,False,False,95.52,0.0,4.48,95.71,0.0,4.29
image_1962.jpg,label_1962.png,True,False,False,80.63,0.0,19.37,81.15,0.0,18.85
image_1963.jpg,label_1963.png,True,False,False,89.35,0.0,10.65,89.66,0.0,10.34
image_1964.jpg,label_1964.png,True,False,False,96.09,0.0,3.91,96.25,0.0,3.75
image_1965.jpg,label_1965.png,False,False,True,94.61,0.0,5.39,94.88,0.0,5.12
image_1966.jpg,label_1966.png,True,False,False,88.66,0.0,11.34,89.28,0.0,10.72
image_1967.jpg,label_1967.png,True,False,False,93.35,0.0,6.65,93.97,0.0,6.03
image_1968.jpg,label_1968.png,True,False,False,89.53,0.0,10.47,90.11,0.0,9.89
image_1969.jpg,label_1969.png,False,False,True,90.02,0.0,9.98,90.49,0.0,9.51
image_1970.jpg,label_1970.png,True,False,False,99.48,0.0,0.52,99.47,0.0,0.53
image_1971.jpg,label_1971.png,True,False,False,93.04,0.0,6.96,93.43,0.0,6.57
image_1972.jpg,label_1972.png,False,True,False,97.16,0.0,2.84,97.32,0.0,2.68
image_1973.jpg,label_1973.png,True,False,False,91.3,0.0,8.7,91.47,0.0,8.53
image_1974.jpg,label_1974.png,True,False,False,89.24,0.29,10.47,89.36,0.29,10.35
image_1975.jpg,label_1975.png,True,False,False,90.18,0.0,9.82,90.71,0.0,9.29
image_1976.jpg,label_1976.png,True,False,False,94.1,0.0,5.9,94.36,0.0,5.64
image_1977.jpg,label_1977.png,True,False,False,73.51,0.0,26.49,73.64,0.0,26.36
image_1978.jpg,label_1978.png,True,False,False,27.42,0.0,72.58,28.25,0.0,71.75
image_1979.jpg,label_1979.png,True,False,False,26.64,0.0,73.36,29.05,0.0,70.95
image_1980.jpg,label_1980.png,True,False,False,33.96,0.0,66.04,35.73,0.0,64.27
image_1981.jpg,label_1981.png,True,False,False,58.93,0.0,41.07,60.22,0.0,39.78
image_1982.jpg,label_1982.png,True,False,False,42.47,0.0,57.53,43.33,0.0,56.67
image_1983.jpg,label_1983.png,True,False,False,84.04,0.0,15.96,84.04,0.0,15.96
image_1984.jpg,label_1984.png,True,False,False,79.01,1.0,19.99,79.44,0.96,19.6
image_1985.jpg,label_1985.png,True,False,False,80.07,0.0,19.93,80.54,0.0,19.46
image_1986.jpg,label_1986.png,True,False,False,58.56,0.0,41.44,59.23,0.0,40.77
image_1987.jpg,label_1987.png,True,False,False,17.41,0.0,82.59,17.65,0.0,82.35
image_1988.jpg,label_1988.png,True,False,False,33.89,0.0,66.11,33.39,0.0,66.61
image_1989.jpg,label_1989.png,True,False,False,26.61,0.0,73.39,25.68,0.0,74.32
image_1990.jpg,label_1990.png,True,False,False,45.05,0.0,54.95,45.06,0.0,54.94
image_1991.jpg,label_1991.png,True,False,False,74.39,0.0,25.61,74.09,0.0,25.91
image_1992.jpg,label_1992.png,False,True,False,56.52,0.0,43.48,56.39,0.0,43.61
image_1993.jpg,label_1993.png,True,False,False,58.93,0.0,41.07,59.13,0.0,40.87
image_1994.jpg,label_1994.png,True,False,False,78.23,0.0,21.77,77.83,0.0,22.17
image_1995.jpg,label_1995.png,True,False,False,82.01,0.0,17.99,81.77,0.0,18.23
image_1996.jpg,label_1996.png,False,True,False,43.8,0.0,56.2,43.26,0.0,56.74
image_1997.jpg,label_1997.png,False,True,False,79.01,0.0,20.99,78.71,0.0,21.29
image_1998.jpg,label_1998.png,False,False,True,15.7,0.0,84.3,13.71,0.0,86.29
image_1999.jpg,label_1999.png,True,False,False,70.69,0.0,29.31,70.32,0.0,29.68
image_2000.jpg,label_2000.png,True,False,False,72.88,0.0,27.12,72.76,0.0,27.24
image_2001.jpg,label_2001.png,True,False,False,89.18,0.0,10.82,89.0,0.0,11.0
image_2002.jpg,label_2002.png,False,True,False,80.6,0.0,19.4,80.92,0.0,19.08
image_2003.jpg,label_2003.png,True,False,False,0.09,0.14,99.77,0.12,0.15,99.72
image_2004.jpg,label_2004.png,True,False,False,0.0,0.03,99.97,0.17,0.02,99.81
image_2005.jpg,label_2005.png,True,False,False,0.0,0.0,100.0,0.02,0.0,99.98
image_2006.jpg,label_2006.png,True,False,False,0.0,0.0,100.0,0.04,0.0,99.96
image_2007.jpg,label_2007.png,False,False,True,0.01,0.36,99.63,0.34,0.33,99.33
image_2008.jpg,label_2008.png,True,False,False,0.0,0.2,99.8,0.39,0.27,99.34
image_2009.jpg,label_2009.png,True,False,False,0.02,0.66,99.32,0.02,0.82,99.15
image_2010.jpg,label_2010.png,False,False,True,0.09,3.31,96.6,0.47,3.43,96.1
image_2011.jpg,label_2011.png,True,False,False,65.56,0.22,34.22,65.28,0.22,34.5
image_2012.jpg,label_2012.png,True,False,False,94.25,1.4,4.35,94.61,1.4,3.99
image_2013.jpg,label_2013.png,True,False,False,85.91,1.36,12.73,86.34,1.46,12.2
image_2014.jpg,label_2014.png,True,False,False,94.09,0.65,5.25,94.54,0.64,4.82
image_2015.jpg,label_2015.png,True,False,False,95.02,1.41,3.56,95.11,1.4,3.48
image_2016.jpg,label_2016.png,True,False,False,94.44,0.31,5.26,94.41,0.29,5.3
image_2017.jpg,label_2017.png,True,False,False,92.98,0.11,6.91,93.38,0.1,6.52
image_2018.jpg,label_2018.png,False,False,True,89.12,3.25,7.62,89.89,3.22,6.88
image_2019.jpg,label_2019.png,True,False,False,84.78,8.11,7.1,85.42,8.0,6.58
image_2020.jpg,label_2020.png,True,False,False,94.22,0.63,5.15,94.4,0.62,4.97
image_2021.jpg,label_2021.png,False,False,True,94.65,0.0,5.35,95.12,0.0,4.88
image_2022.jpg,label_2022.png,True,False,False,0.14,1.05,98.82,0.93,1.22,97.85
image_2023.jpg,label_2023.png,True,False,False,0.07,0.33,99.6,0.35,0.45,99.21
image_2024.jpg,label_2024.png,False,False,True,0.0,0.02,99.98,0.06,0.02,99.92
image_2025.jpg,label_2025.png,True,False,False,100.0,0.0,0.0,97.56,0.0,2.44
image_2026.jpg,label_2026.png,True,False,False,100.0,0.0,0.0,99.86,0.0,0.14
image_2027.jpg,label_2027.png,True,False,False,5.83,0.0,94.17,5.95,0.0,94.05
image_2028.jpg,label_2028.png,True,False,False,18.49,0.0,81.51,19.95,0.0,80.05
image_2029.jpg,label_2029.png,True,False,False,15.22,0.02,84.76,15.58,0.03,84.39
image_2030.jpg,label_2030.png,True,False,False,18.07,0.02,81.91,19.47,0.02,80.5
image_2031.jpg,label_2031.png,True,False,False,9.46,0.0,90.54,10.24,0.0,89.76
image_2032.jpg,label_2032.png,False,False,True,0.18,0.0,99.82,0.32,0.0,99.68
image_2033.jpg,label_2033.png,True,False,False,2.07,0.0,97.93,2.34,0.0,97.66
image_2034.jpg,label_2034.png,True,False,False,5.8,0.0,94.2,5.86,0.0,94.14
image_2035.jpg,label_2035.png,True,False,False,6.3,0.0,93.7,5.96,0.0,94.04
image_2036.jpg,label_2036.png,True,False,False,13.39,0.0,86.61,13.26,0.0,86.74
image_2037.jpg,label_2037.png,True,False,False,0.0,0.0,100.0,0.31,0.0,99.69
image_2038.jpg,label_2038.png,True,False,False,0.0,0.0,100.0,0.17,0.0,99.83
image_2039.jpg,label_2039.png,True,False,False,0.0,0.0,100.0,0.01,0.0,99.99
image_2040.jpg,label_2040.png,True,False,False,2.04,0.01,97.96,2.47,0.01,97.52
image_2041.jpg,label_2041.png,False,False,True,51.02,0.0,48.98,51.58,0.0,48.42
image_2042.jpg,label_2042.png,True,False,False,21.56,0.0,78.44,22.3,0.0,77.7
image_2043.jpg,label_2043.png,True,False,False,0.01,0.02,99.97,0.0,0.02,99.98
image_2044.jpg,label_2044.png,True,False,False,0.19,5.15,94.66,0.98,6.4,92.62
image_2045.jpg,label_2045.png,False,True,False,0.35,3.89,95.76,0.55,4.36,95.09
image_2046.jpg,label_2046.png,True,False,False,0.03,1.13,98.84,0.01,1.4,98.59
image_2047.jpg,label_2047.png,True,False,False,0.15,1.74,98.1,0.45,2.3,97.26
image_2048.jpg,label_2048.png,False,False,True,0.05,1.7,98.25,0.36,2.19,97.44
image_2049.jpg,label_2049.png,True,False,False,0.03,2.19,97.78,0.02,2.12,97.86
image_2050.jpg,label_2050.png,True,False,False,25.91,0.0,74.09,27.09,0.0,72.91
image_2051.jpg,label_2051.png,False,False,True,64.68,0.0,35.32,65.9,0.0,34.1
image_2052.jpg,label_2052.png,True,False,False,80.46,0.0,19.54,82.97,0.0,17.03
image_2053.jpg,label_2053.png,True,False,False,0.0,0.0,100.0,0.34,0.0,99.66
image_2054.jpg,label_2054.png,False,True,False,0.02,0.0,99.98,0.13,0.0,99.87
image_2055.jpg,label_2055.png,False,True,False,1.27,0.0,98.73,2.12,0.0,97.88
image_2056.jpg,label_2056.png,True,False,False,68.63,0.0,31.37,68.88,0.0,31.12
image_2057.jpg,label_2057.png,True,False,False,35.5,12.11,52.39,35.97,12.27,51.75
image_2058.jpg,label_2058.png,True,False,False,22.41,5.91,71.68,23.37,5.94,70.69
image_2059.jpg,label_2059.png,True,False,False,3.81,6.54,89.65,3.88,6.55,89.57
image_2060.jpg,label_2060.png,False,True,False,100.0,0.0,0.0,100.0,0.0,0.0
image_2061.jpg,label_2061.png,True,False,False,100.0,0.0,0.0,99.89,0.0,0.11
image_2062.jpg,label_2062.png,True,False,False,100.0,0.0,0.0,100.0,0.0,0.0
image_2063.jpg,label_2063.png,False,False,True,100.0,0.0,0.0,99.76,0.19,0.05
image_2064.jpg,label_2064.png,False,True,False,9.94,70.23,19.83,14.38,73.26,12.35
image_2065.jpg,label_2065.png,True,False,False,17.92,67.44,14.64,19.24,68.08,12.68
image_2066.jpg,label_2066.png,False,True,False,9.78,73.53,16.68,8.98,75.3,15.72
image_2067.jpg,label_2067.png,True,False,False,1.62,97.18,1.2,1.49,97.6,0.9
image_2068.jpg,label_2068.png,True,False,False,85.19,0.0,14.81,85.11,0.0,14.89
image_2069.jpg,label_2069.png,True,False,False,81.73,0.0,18.27,81.6,0.0,18.4
image_2070.jpg,label_2070.png,True,False,False,78.41,0.0,21.59,78.61,0.0,21.39
image_2071.jpg,label_2071.png,True,False,False,50.17,0.0,49.83,51.25,0.0,48.75
image_2072.jpg,label_2072.png,True,False,False,77.29,0.0,22.71,76.99,0.0,23.01
image_2073.jpg,label_2073.png,False,True,False,84.58,0.0,15.42,84.0,0.0,16.0
image_2074.jpg,label_2074.png,True,False,False,85.41,4.81,9.78,86.11,4.77,9.11
image_2075.jpg,label_2075.png,True,False,False,63.41,0.07,36.52,63.53,0.07,36.41
image_2076.jpg,label_2076.png,True,False,False,73.74,0.0,26.26,73.48,0.0,26.52
image_2077.jpg,label_2077.png,True,False,False,94.21,0.0,5.79,94.19,0.0,5.81
image_2078.jpg,label_2078.png,True,False,False,92.53,0.0,7.47,92.82,0.0,7.18
image_2079.jpg,label_2079.png,False,False,True,89.93,0.0,10.07,90.15,0.0,9.85
image_2080.jpg,label_2080.png,True,False,False,92.63,0.0,7.37,92.71,0.0,7.29
image_2081.jpg,label_2081.png,True,False,False,89.11,0.0,10.89,89.37,0.0,10.63
image_2082.jpg,label_2082.png,True,False,False,95.23,0.0,4.77,95.2,0.0,4.8
image_2083.jpg,label_2083.png,True,False,False,92.92,0.0,7.08,93.15,0.0,6.85
image_2084.jpg,label_2084.png,True,False,False,94.93,0.0,5.07,95.05,0.0,4.95
image_2085.jpg,label_2085.png,True,False,False,91.77,0.0,8.23,92.46,0.0,7.54
image_2086.jpg,label_2086.png,True,False,False,94.97,0.0,5.03,95.09,0.0,4.91
image_2087.jpg,label_2087.png,False,False,True,94.09,0.0,5.91,94.22,0.0,5.78
image_2088.jpg,label_2088.png,True,False,False,92.13,0.0,7.87,92.17,0.0,7.83
image_2089.jpg,label_2089.png,False,True,False,93.46,0.0,6.54,93.65,0.0,6.35
image_2090.jpg,label_2090.png,True,False,False,94.86,0.0,5.14,95.02,0.0,4.98
image_2091.jpg,label_2091.png,True,False,False,92.86,0.0,7.14,93.27,0.0,6.73
image_2092.jpg,label_2092.png,False,False,True,93.77,0.0,6.23,94.19,0.0,5.81
image_2093.jpg,label_2093.png,True,False,False,89.84,0.0,10.16,90.76,0.0,9.24
image_2094.jpg,label_2094.png,True,False,False,86.08,0.0,13.92,86.77,0.0,13.23
image_2095.jpg,label_2095.png,True,False,False,95.7,0.0,4.3,96.46,0.0,3.54
image_2096.jpg,label_2096.png,True,False,False,93.38,0.0,6.62,93.35,0.0,6.65
image_2097.jpg,label_2097.png,True,False,False,99.35,0.0,0.65,99.2,0.0,0.8
image_2098.jpg,label_2098.png,True,False,False,99.64,0.0,0.36,99.68,0.0,0.32
image_2099.jpg,label_2099.png,True,False,False,96.35,0.0,3.65,96.65,0.0,3.35
image_2100.jpg,label_2100.png,True,False,False,91.74,0.0,8.26,92.4,0.0,7.6
image_2101.jpg,label_2101.png,True,False,False,16.97,0.0,83.03,16.43,0.0,83.57
image_2102.jpg,label_2102.png,True,False,False,6.44,0.0,93.56,6.91,0.0,93.09
image_2103.jpg,label_2103.png,True,False,False,37.56,0.0,62.44,37.99,0.0,62.01
image_2104.jpg,label_2104.png,True,False,False,30.53,0.0,69.47,31.92,0.0,68.08
image_2105.jpg,label_2105.png,True,False,False,4.76,0.0,95.24,4.96,0.0,95.04
image_2106.jpg,label_2106.png,True,False,False,18.53,54.26,27.21,22.14,56.84,21.01
image_2107.jpg,label_2107.png,True,False,False,46.49,43.27,10.24,47.73,44.13,8.14
image_2108.jpg,label_2108.png,True,False,False,0.08,0.1,99.82,0.14,0.16,99.7
image_2109.jpg,label_2109.png,True,False,False,97.76,0.0,2.24,98.5,0.0,1.5
image_2110.jpg,label_2110.png,True,False,False,99.34,0.0,0.66,99.51,0.0,0.49
image_2111.jpg,label_2111.png,True,False,False,99.55,0.0,0.45,99.57,0.0,0.43
image_2112.jpg,label_2112.png,True,False,False,97.82,0.0,2.18,97.94,0.0,2.06
image_2113.jpg,label_2113.png,True,False,False,100.0,0.0,0.0,99.96,0.0,0.04
image_2114.jpg,label_2114.png,False,False,True,100.0,0.0,0.0,99.97,0.0,0.03
image_2115.jpg,label_2115.png,True,False,False,100.0,0.0,0.0,99.98,0.0,0.02
image_2116.jpg,label_2116.png,True,False,False,99.96,0.0,0.04,99.96,0.0,0.04
image_2117.jpg,label_2117.png,True,False,False,100.0,0.0,0.0,99.96,0.0,0.04
image_2118.jpg,label_2118.png,True,False,False,97.86,0.71,1.43,98.29,0.74,0.97
image_2119.jpg,label_2119.png,False,True,False,66.38,0.0,33.62,67.45,0.0,32.55
image_2120.jpg,label_2120.png,True,False,False,99.23,0.0,0.77,99.5,0.0,0.5
image_2121.jpg,label_2121.png,False,True,False,99.2,0.0,0.8,99.37,0.0,0.63
image_2122.jpg,label_2122.png,True,False,False,94.32,0.0,5.68,94.99,0.0,5.01
image_2123.jpg,label_2123.png,True,False,False,76.92,0.0,23.08,76.32,0.0,23.68
image_2124.jpg,label_2124.png,True,False,False,0.04,0.0,99.96,0.0,0.0,100.0
image_2125.jpg,label_2125.png,True,False,False,0.14,0.0,99.86,0.21,0.0,99.79
image_2126.jpg,label_2126.png,True,False,False,0.02,0.0,99.98,0.03,0.0,99.97
image_2127.jpg,label_2127.png,True,False,False,0.21,0.0,99.79,0.22,0.0,99.78
image_2128.jpg,label_2128.png,False,False,True,0.04,0.0,99.96,0.04,0.0,99.96
image_2129.jpg,label_2129.png,True,False,False,4.12,0.0,95.88,4.05,0.0,95.95
image_2130.jpg,label_2130.png,True,False,False,0.0,0.0,100.0,0.04,0.0,99.96
image_2131.jpg,label_2131.png,True,False,False,0.28,0.0,99.72,0.32,0.0,99.68
image_2132.jpg,label_2132.png,True,False,False,0.0,0.0,100.0,0.03,0.0,99.97
image_2133.jpg,label_2133.png,True,False,False,0.02,0.0,99.98,0.09,0.0,99.91
image_2134.jpg,label_2134.png,True,False,False,0.0,0.0,100.0,0.14,0.0,99.86
image_2135.jpg,label_2135.png,True,False,False,0.0,0.0,100.0,0.02,0.0,99.98
image_2136.jpg,label_2136.png,True,False,False,0.0,0.0,100.0,0.08,0.0,99.92
image_2137.jpg,label_2137.png,True,False,False,0.18,0.0,99.82,0.34,0.0,99.66
image_2138.jpg,label_2138.png,True,False,False,0.0,0.0,100.0,0.1,0.0,99.9
image_2139.jpg,label_2139.png,True,False,False,0.02,0.0,99.98,0.29,0.0,99.71
image_2140.jpg,label_2140.png,True,False,False,0.0,0.0,100.0,0.09,0.0,99.91
image_2141.jpg,label_2141.png,True,False,False,7.86,0.0,92.14,7.94,0.0,92.06
image_2142.jpg,label_2142.png,True,False,False,0.07,0.5,99.43,0.29,0.57,99.14
image_2143.jpg,label_2143.png,True,False,False,0.01,2.46,97.54,0.01,2.79,97.2
image_2144.jpg,label_2144.png,True,False,False,0.0,2.73,97.27,0.09,3.33,96.57
image_2145.jpg,label_2145.png,True,False,False,2.76,0.0,97.24,3.35,0.0,96.65
image_2146.jpg,label_2146.png,True,False,False,5.28,0.0,94.72,6.71,0.0,93.29
image_2147.jpg,label_2147.png,True,False,False,32.2,0.0,67.8,32.18,0.0,67.82
image_2148.jpg,label_2148.png,True,False,False,54.05,0.0,45.95,54.5,0.0,45.5
image_2149.jpg,label_2149.png,True,False,False,49.25,0.0,50.75,48.86,0.0,51.14
image_2150.jpg,label_2150.png,True,False,False,1.53,0.0,98.47,2.36,0.0,97.64
image_2151.jpg,label_2151.png,True,False,False,59.1,0.0,40.9,60.32,0.0,39.68
image_2152.jpg,label_2152.png,True,False,False,67.72,0.0,32.28,67.34,0.0,32.66
image_2153.jpg,label_2153.png,True,False,False,34.69,0.0,65.31,35.38,0.0,64.62
image_2154.jpg,label_2154.png,True,False,False,7.04,0.0,92.96,6.87,0.0,93.13
image_2155.jpg,label_2155.png,False,True,False,0.02,0.0,99.98,0.77,0.0,99.23
image_2156.jpg,label_2156.png,True,False,False,2.29,0.0,97.71,2.65,0.0,97.35
image_2157.jpg,label_2157.png,False,True,False,0.23,0.0,99.77,0.1,0.0,99.9
image_2158.jpg,label_2158.png,False,True,False,3.37,0.0,96.63,3.93,0.0,96.07
image_2159.jpg,label_2159.png,True,False,False,99.7,0.0,0.3,99.88,0.0,0.12
image_2160.jpg,label_2160.png,True,False,False,99.48,0.0,0.52,99.42,0.0,0.58
image_2161.jpg,label_2161.png,True,False,False,98.64,0.0,1.36,99.03,0.0,0.97
image_2162.jpg,label_2162.png,True,False,False,19.08,30.39,50.53,19.49,31.5,49.01
image_2163.jpg,label_2163.png,False,False,True,18.27,27.38,54.35,17.71,27.93,54.36
image_2164.jpg,label_2164.png,True,False,False,5.86,28.01,66.13,4.98,28.72,66.3
image_2165.jpg,label_2165.png,True,False,False,6.44,25.05,68.52,5.55,25.15,69.3
image_2166.jpg,label_2166.png,False,False,True,3.15,21.37,75.48,3.38,21.37,75.26
image_2167.jpg,label_2167.png,True,False,False,15.9,0.3,83.81,15.45,0.28,84.27
image_2168.jpg,label_2168.png,True,False,False,3.47,32.62,63.92,2.43,33.3,64.27
image_2169.jpg,label_2169.png,False,False,True,18.3,28.47,53.24,18.84,28.71,52.45
image_2170.jpg,label_2170.png,True,False,False,20.57,16.06,63.38,20.39,16.21,63.4
image_2171.jpg,label_2171.png,True,False,False,20.2,29.0,50.8,20.82,29.6,49.58
image_2172.jpg,label_2172.png,True,False,False,40.36,21.59,38.05,40.67,21.71,37.62
image_2173.jpg,label_2173.png,False,True,False,1.6,21.57,76.83,1.32,21.65,77.03
image_2174.jpg,label_2174.png,True,False,False,16.1,23.72,60.18,17.35,24.7,57.96
image_2175.jpg,label_2175.png,True,False,False,3.14,21.88,74.98,2.79,22.24,74.96
image_2176.jpg,label_2176.png,True,False,False,17.62,24.87,57.51,17.32,25.04,57.64
image_2177.jpg,label_2177.png,True,False,False,2.15,21.44,76.41,1.69,21.31,77.0
image_2178.jpg,label_2178.png,True,False,False,0.0,0.0,100.0,0.66,0.0,99.34
image_2179.jpg,label_2179.png,True,False,False,0.07,0.0,99.93,0.11,0.0,99.89
image_2180.jpg,label_2180.png,True,False,False,12.03,0.0,87.97,11.74,0.0,88.26
image_2181.jpg,label_2181.png,False,False,True,14.46,0.0,85.54,15.3,0.0,84.7
image_2182.jpg,label_2182.png,True,False,False,0.83,0.0,99.17,1.32,0.0,98.68
image_2183.jpg,label_2183.png,False,False,True,0.11,0.0,99.89,0.48,0.0,99.52
image_2184.jpg,label_2184.png,True,False,False,1.32,0.0,98.68,1.53,0.0,98.47
image_2185.jpg,label_2185.png,True,False,False,0.19,0.0,99.81,0.88,0.0,99.12
image_2186.jpg,label_2186.png,True,False,False,0.0,0.0,100.0,0.25,0.0,99.75
image_2187.jpg,label_2187.png,True,False,False,0.0,0.0,100.0,0.93,0.0,99.07
image_2188.jpg,label_2188.png,False,True,False,0.23,0.0,99.77,1.55,0.0,98.45
image_2189.jpg,label_2189.png,False,True,False,0.11,0.0,99.89,0.46,0.0,99.54
image_2190.jpg,label_2190.png,True,False,False,0.42,0.0,99.58,0.65,0.0,99.35
image_2191.jpg,label_2191.png,True,False,False,22.95,0.0,77.05,23.49,0.0,76.51
image_2192.jpg,label_2192.png,True,False,False,14.58,0.0,85.42,15.17,0.0,84.83
image_2193.jpg,label_2193.png,True,False,False,100.0,0.0,0.0,100.0,0.0,0.0
image_2194.jpg,label_2194.png,True,False,False,100.0,0.0,0.0,99.99,0.0,0.01
image_2195.jpg,label_2195.png,True,False,False,100.0,0.0,0.0,100.0,0.0,0.0
image_2196.jpg,label_2196.png,True,False,False,0.71,0.0,99.29,0.92,0.0,99.08
image_2197.jpg,label_2197.png,True,False,False,5.79,0.0,94.21,6.01,0.0,93.99
image_2198.jpg,label_2198.png,False,True,False,3.89,0.0,96.11,3.32,0.0,96.68
image_2199.jpg,label_2199.png,True,False,False,1.9,0.0,98.1,2.54,0.0,97.46
image_2200.jpg,label_2200.png,True,False,False,3.29,0.0,96.71,4.45,0.0,95.55
image_2201.jpg,label_2201.png,False,False,True,51.48,0.0,48.52,51.34,0.0,48.66
image_2202.jpg,label_2202.png,False,False,True,3.44,0.0,96.56,3.48,0.0,96.52
image_2203.jpg,label_2203.png,True,False,False,38.27,0.0,61.73,38.48,0.0,61.52
image_2204.jpg,label_2204.png,True,False,False,39.73,0.0,60.27,41.6,0.0,58.4
image_2205.jpg,label_2205.png,False,False,True,11.81,0.0,88.19,11.33,0.0,88.67
image_2206.jpg,label_2206.png,False,False,True,2.78,0.0,97.22,3.23,0.0,96.77
image_2207.jpg,label_2207.png,True,False,False,10.79,0.0,89.21,11.22,0.0,88.78
image_2208.jpg,label_2208.png,True,False,False,26.64,0.0,73.36,26.51,0.0,73.49
image_2209.jpg,label_2209.png,True,False,False,85.16,0.0,14.84,86.25,0.0,13.75
image_2210.jpg,label_2210.png,True,False,False,95.57,0.0,4.43,95.99,0.0,4.01
image_2211.jpg,label_2211.png,True,False,False,89.89,0.0,10.11,90.96,0.0,9.04
image_2212.jpg,label_2212.png,False,False,True,92.85,0.0,7.15,93.8,0.0,6.2
image_2213.jpg,label_2213.png,True,False,False,93.71,0.0,6.29,93.95,0.0,6.05
image_2214.jpg,label_2214.png,True,False,False,89.15,0.0,10.85,89.83,0.0,10.17
image_2215.jpg,label_2215.png,True,False,False,88.96,0.0,11.04,89.91,0.0,10.09
image_2216.jpg,label_2216.png,True,False,False,91.47,0.0,8.53,92.07,0.0,7.93
image_2217.jpg,label_2217.png,True,False,False,82.03,0.0,17.97,83.18,0.0,16.82
image_2218.jpg,label_2218.png,False,True,False,92.43,0.0,7.57,93.48,0.0,6.52
image_2219.jpg,label_2219.png,False,False,True,88.12,0.0,11.88,89.19,0.0,10.81
image_2220.jpg,label_2220.png,True,False,False,91.0,0.0,9.0,91.83,0.0,8.17
image_2221.jpg,label_2221.png,True,False,False,78.12,0.0,21.88,80.53,0.0,19.47
image_2222.jpg,label_2222.png,True,False,False,86.77,0.0,13.23,88.64,0.0,11.36
image_2223.jpg,label_2223.png,True,False,False,93.53,0.0,6.47,94.39,0.0,5.61
image_2224.jpg,label_2224.png,True,False,False,84.79,0.0,15.21,85.44,0.0,14.56
image_2225.jpg,label_2225.png,True,False,False,58.25,0.0,41.75,59.26,0.0,40.74
image_2226.jpg,label_2226.png,True,False,False,41.3,0.0,58.7,42.97,0.0,57.03
image_2227.jpg,label_2227.png,True,False,False,15.39,0.0,84.61,15.46,0.0,84.54
image_2228.jpg,label_2228.png,True,False,False,14.39,0.0,85.61,14.52,0.0,85.48
image_2229.jpg,label_2229.png,True,False,False,11.16,0.0,88.84,11.61,0.0,88.39
image_2230.jpg,label_2230.png,True,False,False,1.02,0.0,98.98,1.27,0.0,98.73
image_2231.jpg,label_2231.png,False,False,True,0.59,0.0,99.41,0.91,0.0,99.09
image_2232.jpg,label_2232.png,True,False,False,0.69,0.0,99.31,1.36,0.0,98.64
image_2233.jpg,label_2233.png,True,False,False,37.81,0.0,62.19,38.58,0.0,61.42
image_2234.jpg,label_2234.png,True,False,False,37.88,0.0,62.12,39.63,0.0,60.37
image_2235.jpg,label_2235.png,True,False,False,20.42,0.0,79.58,20.98,0.0,79.02
image_2236.jpg,label_2236.png,True,False,False,0.0,0.0,100.0,0.19,0.0,99.81
image_2237.jpg,label_2237.png,False,True,False,16.59,0.0,83.41,17.47,0.0,82.53
image_2238.jpg,label_2238.png,True,False,False,63.55,0.0,36.45,63.92,0.0,36.08
image_2239.jpg,label_2239.png,True,False,False,54.11,0.0,45.89,55.34,0.0,44.66
image_2240.jpg,label_2240.png,True,False,False,26.61,0.0,73.39,27.35,0.0,72.65
image_2241.jpg,label_2241.png,False,True,False,59.9,0.0,40.1,60.96,0.0,39.04
image_2242.jpg,label_2242.png,True,False,False,33.41,0.0,66.59,34.33,0.0,65.67
image_2243.jpg,label_2243.png,True,False,False,37.66,0.0,62.34,38.74,0.0,61.26
image_2244.jpg,label_2244.png,True,False,False,40.8,0.0,59.2,41.38,0.0,58.62
image_2245.jpg,label_2245.png,False,True,False,15.03,0.0,84.97,15.96,0.0,84.04
image_2246.jpg,label_2246.png,True,False,False,45.45,0.0,54.55,45.56,0.0,54.44
image_2247.jpg,label_2247.png,True,False,False,39.25,0.0,60.75,39.17,0.0,60.83
image_2248.jpg,label_2248.png,False,False,True,21.13,0.0,78.87,21.2,0.0,78.8
image_2249.jpg,label_2249.png,True,False,False,21.54,0.0,78.46,22.32,0.0,77.68
image_2250.jpg,label_2250.png,True,False,False,41.88,0.0,58.12,42.42,0.0,57.58
image_2251.jpg,label_2251.png,True,False,False,92.09,0.0,7.91,91.27,0.0,8.73
image_2252.jpg,label_2252.png,False,False,True,93.81,0.0,6.19,93.42,0.0,6.58
image_2253.jpg,label_2253.png,False,False,True,88.72,0.0,11.28,86.72,0.0,13.28
image_2254.jpg,label_2254.png,True,False,False,93.25,0.0,6.75,92.02,0.0,7.98
image_2255.jpg,label_2255.png,False,False,True,90.02,0.0,9.98,89.12,0.0,10.88
image_2256.jpg,label_2256.png,True,False,False,89.19,0.0,10.81,87.94,0.0,12.06
image_2257.jpg,label_2257.png,False,False,True,90.59,0.0,9.41,89.83,0.0,10.17
image_2258.jpg,label_2258.png,True,False,False,97.75,0.0,2.25,97.24,0.0,2.76
image_2259.jpg,label_2259.png,True,False,False,95.16,0.0,4.84,93.44,0.0,6.56
image_2260.jpg,label_2260.png,False,False,True,86.87,0.0,13.12,84.21,0.0,15.79
image_2261.jpg,label_2261.png,True,False,False,66.37,0.0,33.63,64.32,0.0,35.68
image_2262.jpg,label_2262.png,True,False,False,14.62,5.67,79.71,16.17,5.46,78.37
image_2263.jpg,label_2263.png,True,False,False,0.0,1.12,98.88,0.48,1.08,98.44
image_2264.jpg,label_2264.png,True,False,False,9.05,0.0,90.95,8.47,0.0,91.53
image_2265.jpg,label_2265.png,True,False,False,0.11,0.0,99.89,0.71,0.0,99.29
image_2266.jpg,label_2266.png,True,False,False,3.63,0.0,96.37,4.82,0.0,95.18
image_2267.jpg,label_2267.png,True,False,False,1.61,0.01,98.38,2.24,0.01,97.75
image_2268.jpg,label_2268.png,True,False,False,6.12,0.0,93.88,5.51,0.0,94.49
image_2269.jpg,label_2269.png,True,False,False,2.03,0.0,97.97,4.11,0.0,95.89
image_2270.jpg,label_2270.png,False,True,False,77.12,0.0,22.88,78.38,0.0,21.62
image_2271.jpg,label_2271.png,True,False,False,76.97,0.0,23.03,77.94,0.0,22.06
image_2272.jpg,label_2272.png,True,False,False,81.34,0.0,18.66,81.74,0.0,18.26
image_2273.jpg,label_2273.png,True,False,False,92.65,0.0,7.35,92.61,0.0,7.39
image_2274.jpg,label_2274.png,True,False,False,97.59,0.0,2.41,97.53,0.0,2.47
image_2275.jpg,label_2275.png,True,False,False,63.69,9.3,27.01,63.7,9.24,27.07
image_2276.jpg,label_2276.png,False,True,False,1.09,0.0,98.91,0.8,0.0,99.2
image_2277.jpg,label_2277.png,True,False,False,2.01,0.0,97.99,2.54,0.0,97.46
image_2278.jpg,label_2278.png,False,True,False,1.48,0.0,98.52,2.43,0.0,97.57
image_2279.jpg,label_2279.png,True,False,False,0.0,0.0,100.0,0.18,0.0,99.82
image_2280.jpg,label_2280.png,True,False,False,1.26,0.0,98.74,2.55,0.0,97.45
image_2281.jpg,label_2281.png,True,False,False,34.83,0.01,65.16,34.56,0.01,65.43
image_2282.jpg,label_2282.png,False,True,False,71.74,0.0,28.26,72.16,0.0,27.84
image_2283.jpg,label_2283.png,True,False,False,44.69,0.0,55.31,45.13,0.0,54.87
image_2284.jpg,label_2284.png,True,False,False,25.41,0.0,74.59,24.9,0.0,75.1
image_2285.jpg,label_2285.png,True,False,False,44.42,0.0,55.58,45.77,0.0,54.23
image_2286.jpg,label_2286.png,True,False,False,59.95,0.0,40.05,58.35,0.0,41.65
image_2287.jpg,label_2287.png,True,False,False,11.25,0.0,88.75,10.49,0.0,89.51
image_2288.jpg,label_2288.png,True,False,False,4.47,0.0,95.53,4.17,0.0,95.83
image_2289.jpg,label_2289.png,True,False,False,12.54,0.0,87.46,11.8,0.0,88.2
image_2290.jpg,label_2290.png,True,False,False,23.2,0.0,76.8,22.67,0.0,77.33
image_2291.jpg,label_2291.png,True,False,False,41.5,0.0,58.5,40.5,0.0,59.5
image_2292.jpg,label_2292.png,True,False,False,28.66,0.0,71.34,29.64,0.0,70.36
image_2293.jpg,label_2293.png,False,True,False,71.13,0.0,28.87,71.42,0.0,28.58
image_2294.jpg,label_2294.png,True,False,False,55.43,0.0,44.57,55.67,0.0,44.33
image_2295.jpg,label_2295.png,True,False,False,35.72,0.0,64.28,35.89,0.0,64.11
image_2296.jpg,label_2296.png,False,True,False,47.75,0.0,52.25,48.1,0.0,51.9
image_2297.jpg,label_2297.png,True,False,False,6.22,48.88,44.89,6.22,47.57,46.21
image_2298.jpg,label_2298.png,False,False,True,20.31,0.0,79.69,19.54,0.0,80.46
image_2299.jpg,label_2299.png,True,False,False,20.39,0.0,79.61,20.24,0.0,79.76
image_2300.jpg,label_2300.png,False,False,True,38.67,0.0,61.33,38.16,0.0,61.84
image_2301.jpg,label_2301.png,True,False,False,54.12,14.43,31.45,54.23,14.3,31.47
image_2302.jpg,label_2302.png,True,False,False,83.14,0.0,16.86,84.0,0.0,16.0
image_2303.jpg,label_2303.png,True,False,False,13.82,0.0,86.18,19.66,0.0,80.34
image_2304.jpg,label_2304.png,True,False,False,42.3,0.0,57.7,47.74,0.0,52.26
image_2305.jpg,label_2305.png,True,False,False,70.65,0.0,29.35,73.2,0.0,26.8
image_2306.jpg,label_2306.png,False,True,False,68.26,0.0,31.74,72.17,0.0,27.83
image_2307.jpg,label_2307.png,True,False,False,84.51,0.0,15.49,84.95,0.0,15.05
image_2308.jpg,label_2308.png,True,False,False,67.54,0.0,32.46,68.62,0.0,31.38
image_2309.jpg,label_2309.png,True,False,False,53.42,0.0,46.58,54.95,0.0,45.05
image_2310.jpg,label_2310.png,True,False,False,94.75,0.0,5.25,94.48,0.0,5.52
image_2311.jpg,label_2311.png,True,False,False,79.8,0.0,20.2,77.66,0.0,22.34
image_2312.jpg,label_2312.png,False,False,True,37.1,0.0,62.9,37.13,0.0,62.87
image_2313.jpg,label_2313.png,True,False,False,47.08,0.0,52.92,46.3,0.0,53.7
image_2314.jpg,label_2314.png,False,False,True,82.41,0.0,17.59,79.0,0.0,21.0
image_2315.jpg,label_2315.png,False,True,False,30.05,0.0,69.95,29.42,0.0,70.58
image_2316.jpg,label_2316.png,True,False,False,62.87,0.0,37.13,64.34,0.0,35.66
image_2317.jpg,label_2317.png,True,False,False,63.35,0.0,36.65,67.44,0.0,32.56
image_2318.jpg,label_2318.png,True,False,False,77.64,0.0,22.36,76.94,0.0,23.06
image_2319.jpg,label_2319.png,True,False,False,79.33,0.0,20.67,81.02,0.0,18.98
image_2320.jpg,label_2320.png,True,False,False,16.75,0.0,83.25,22.0,0.0,78.0
image_2321.jpg,label_2321.png,False,False,True,7.68,0.0,92.32,7.07,0.0,92.93
image_2322.jpg,label_2322.png,True,False,False,1.18,0.0,98.82,3.79,0.0,96.21
image_2323.jpg,label_2323.png,True,False,False,84.42,0.3,15.27,84.5,0.33,15.17
image_2324.jpg,label_2324.png,True,False,False,90.48,0.02,9.5,89.57,0.03,10.4
image_2325.jpg,label_2325.png,True,False,False,89.66,0.0,10.34,89.09,0.0,10.91
image_2326.jpg,label_2326.png,True,False,False,93.19,0.07,6.74,93.12,0.08,6.8
image_2327.jpg,label_2327.png,True,False,False,2.94,0.0,97.06,3.32,0.0,96.68
image_2328.jpg,label_2328.png,True,False,False,1.33,0.0,98.67,1.82,0.0,98.18
image_2329.jpg,label_2329.png,True,False,False,55.1,0.02,44.88,55.18,0.02,44.8
image_2330.jpg,label_2330.png,True,False,False,38.77,0.0,61.23,38.93,0.0,61.07
image_2331.jpg,label_2331.png,True,False,False,62.27,0.0,37.73,61.38,0.0,38.62
image_2332.jpg,label_2332.png,True,False,False,46.61,0.01,53.37,46.67,0.02,53.32
image_2333.jpg,label_2333.png,True,False,False,61.89,0.0,38.11,63.72,0.0,36.28
image_2334.jpg,label_2334.png,False,True,False,1.78,0.0,98.22,1.91,0.0,98.09
image_2335.jpg,label_2335.png,True,False,False,7.68,0.0,92.32,10.51,0.0,89.49
image_2336.jpg,label_2336.png,True,False,False,0.0,0.0,100.0,2.12,0.0,97.88
image_2337.jpg,label_2337.png,False,True,False,2.32,0.0,97.68,4.42,0.0,95.58
image_2338.jpg,label_2338.png,True,False,False,21.14,0.0,78.86,22.25,0.0,77.75
image_2339.jpg,label_2339.png,True,False,False,68.28,0.0,31.72,70.69,0.0,29.31
image_2340.jpg,label_2340.png,True,False,False,0.0,0.0,100.0,0.03,0.0,99.97
image_2341.jpg,label_2341.png,True,False,False,0.0,0.0,100.0,0.4,0.0,99.6
image_2342.jpg,label_2342.png,True,False,False,0.0,0.0,100.0,0.33,0.0,99.67
image_2343.jpg,label_2343.png,True,False,False,0.11,0.0,99.89,0.58,0.0,99.42
image_2344.jpg,label_2344.png,False,True,False,0.0,0.0,100.0,1.64,0.0,98.36
image_2345.jpg,label_2345.png,True,False,False,0.15,0.0,99.85,0.33,0.0,99.67
image_2346.jpg,label_2346.png,True,False,False,80.9,0.0,19.1,80.39,0.0,19.61
image_2347.jpg,label_2347.png,True,False,False,0.04,0.0,99.96,0.78,0.0,99.22
image_2348.jpg,label_2348.png,True,False,False,55.89,0.0,44.11,59.98,0.0,40.02
image_2349.jpg,label_2349.png,True,False,False,9.16,0.0,90.84,7.91,0.0,92.09
image_2350.jpg,label_2350.png,True,False,False,49.32,0.0,50.68,49.12,0.0,50.88
image_2351.jpg,label_2351.png,True,False,False,49.45,0.0,50.55,53.21,0.0,46.79
image_2352.jpg,label_2352.png,True,False,False,16.99,0.0,83.01,21.04,0.0,78.96
image_2353.jpg,label_2353.png,True,False,False,28.25,0.0,71.75,33.19,0.0,66.81
image_2354.jpg,label_2354.png,True,False,False,38.22,0.0,61.78,40.59,0.0,59.41
image_2355.jpg,label_2355.png,True,False,False,6.19,0.0,93.81,7.28,0.0,92.72
image_2356.jpg,label_2356.png,False,False,True,33.82,0.06,66.12,34.32,0.07,65.62
image_2357.jpg,label_2357.png,True,False,False,33.37,0.04,66.59,30.62,0.04,69.34
image_2358.jpg,label_2358.png,True,False,False,43.88,0.0,56.12,43.56,0.0,56.44
image_2359.jpg,label_2359.png,False,True,False,54.19,0.0,45.81,53.98,0.0,46.02
image_2360.jpg,label_2360.png,True,False,False,59.21,0.0,40.79,59.47,0.0,40.53
image_2361.jpg,label_2361.png,False,False,True,31.97,0.06,67.96,29.95,0.06,69.99
image_2362.jpg,label_2362.png,True,False,False,18.87,11.5,69.62,17.96,11.68,70.35
image_2363.jpg,label_2363.png,True,False,False,7.72,0.0,92.28,8.45,0.0,91.55
image_2364.jpg,label_2364.png,True,False,False,9.71,0.0,90.29,9.96,0.0,90.04
image_2365.jpg,label_2365.png,True,False,False,1.85,0.0,98.15,2.24,0.0,97.76
image_2366.jpg,label_2366.png,False,True,False,3.95,0.0,96.05,3.38,0.0,96.62
image_2367.jpg,label_2367.png,False,False,True,12.88,0.03,87.09,12.62,0.02,87.36
image_2368.jpg,label_2368.png,True,False,False,25.63,0.0,74.37,26.07,0.0,73.93
image_2369.jpg,label_2369.png,True,False,False,32.45,0.0,67.55,32.86,0.0,67.14
image_2370.jpg,label_2370.png,False,False,True,31.66,0.0,68.34,31.61,0.0,68.39
image_2371.jpg,label_2371.png,True,False,False,36.98,0.0,63.02,36.15,0.0,63.85
image_2372.jpg,label_2372.png,True,False,False,50.83,0.0,49.17,50.03,0.0,49.97
image_2373.jpg,label_2373.png,False,True,False,56.26,0.0,43.74,56.56,0.0,43.44
image_2374.jpg,label_2374.png,True,False,False,61.92,0.0,38.08,61.76,0.0,38.24
image_2375.jpg,label_2375.png,True,False,False,48.59,0.02,51.38,49.08,0.03,50.89
image_2376.jpg,label_2376.png,True,False,False,58.27,0.0,41.73,57.32,0.0,42.68
image_2377.jpg,label_2377.png,True,False,False,71.83,0.0,28.17,71.33,0.0,28.67
image_2378.jpg,label_2378.png,True,False,False,79.82,0.0,20.18,80.16,0.0,19.84
image_2379.jpg,label_2379.png,False,False,True,14.76,0.0,85.24,14.26,0.0,85.74
image_2380.jpg,label_2380.png,True,False,False,3.09,4.0,92.91,2.2,3.6,94.2
image_2381.jpg,label_2381.png,True,False,False,33.09,17.71,49.2,32.99,17.21,49.8
image_2382.jpg,label_2382.png,True,False,False,36.87,50.65,12.47,38.34,50.11,11.56
image_2383.jpg,label_2383.png,False,False,True,66.23,0.01,33.76,66.44,0.01,33.55
image_2384.jpg,label_2384.png,False,False,True,56.68,0.0,43.32,56.97,0.0,43.03
image_2385.jpg,label_2385.png,True,False,False,35.93,49.22,14.85,36.1,48.44,15.46
image_2386.jpg,label_2386.png,True,False,False,39.95,46.76,13.29,40.58,46.48,12.94
image_2387.jpg,label_2387.png,True,False,False,14.83,56.47,28.7,13.97,56.38,29.65
image_2388.jpg,label_2388.png,False,False,True,77.97,0.0,22.03,75.14,0.0,24.86
image_2389.jpg,label_2389.png,True,False,False,69.87,0.0,30.13,63.12,0.0,36.88
image_2390.jpg,label_2390.png,True,False,False,53.27,0.0,46.73,44.07,0.02,55.91
image_2391.jpg,label_2391.png,True,False,False,66.42,0.0,33.58,56.24,0.0,43.76
image_2392.jpg,label_2392.png,True,False,False,69.68,0.0,30.32,64.02,0.04,35.94
image_2393.jpg,label_2393.png,False,True,False,73.47,0.0,26.53,69.54,0.0,30.46
image_2394.jpg,label_2394.png,True,False,False,18.69,0.0,81.31,17.19,0.0,82.81
image_2395.jpg,label_2395.png,True,False,False,13.5,0.0,86.5,11.74,0.0,88.26
image_2396.jpg,label_2396.png,True,False,False,63.59,0.0,36.41,56.21,0.0,43.79
image_2397.jpg,label_2397.png,True,False,False,27.62,0.0,72.38,26.17,0.0,73.83
image_2398.jpg,label_2398.png,True,False,False,13.67,0.0,86.33,14.74,0.0,85.26
image_2399.jpg,label_2399.png,True,False,False,21.99,0.0,78.01,22.81,0.0,77.19
image_2400.jpg,label_2400.png,False,False,True,38.7,0.0,61.3,39.6,0.0,60.4
image_2401.jpg,label_2401.png,True,False,False,34.07,0.0,65.93,34.6,0.0,65.4
image_2402.jpg,label_2402.png,True,False,False,30.43,0.0,69.57,31.01,0.0,68.99
image_2403.jpg,label_2403.png,True,False,False,44.07,0.01,55.91,42.41,0.0,57.59
image_2404.jpg,label_2404.png,True,False,False,32.27,64.07,3.65,30.43,65.32,4.24
image_2405.jpg,label_2405.png,True,False,False,35.91,58.69,5.4,34.1,62.12,3.78
image_2406.jpg,label_2406.png,False,True,False,18.67,79.54,1.79,16.28,81.14,2.58
image_2407.jpg,label_2407.png,True,False,False,11.88,86.22,1.9,8.69,88.59,2.72
image_2408.jpg,label_2408.png,True,False,False,11.44,86.63,1.93,9.57,88.36,2.07
image_2409.jpg,label_2409.png,True,False,False,10.72,88.13,1.15,8.01,90.38,1.61
image_2410.jpg,label_2410.png,True,False,False,71.67,0.0,28.33,72.64,0.0,27.36
image_2411.jpg,label_2411.png,False,False,True,81.46,0.0,18.54,82.23,0.0,17.77
image_2412.jpg,label_2412.png,True,False,False,70.47,0.0,29.53,71.76,0.0,28.24
image_2413.jpg,label_2413.png,True,False,False,85.26,0.0,14.74,84.81,0.0,15.19
image_2414.jpg,label_2414.png,True,False,False,83.35,0.0,16.65,83.07,0.0,16.93
image_2415.jpg,label_2415.png,True,False,False,68.64,0.0,31.36,66.86,0.0,33.14
image_2416.jpg,label_2416.png,True,False,False,77.78,0.0,22.22,78.14,0.0,21.86
image_2417.jpg,label_2417.png,True,False,False,93.23,0.0,6.77,93.91,0.0,6.09
image_2418.jpg,label_2418.png,False,False,True,12.9,84.79,2.31,12.21,85.36,2.43
image_2419.jpg,label_2419.png,True,False,False,13.02,85.29,1.69,11.44,86.82,1.74
image_2420.jpg,label_2420.png,True,False,False,14.61,81.52,3.87,10.6,86.98,2.42
image_2421.jpg,label_2421.png,False,False,True,98.96,0.0,1.04,98.97,0.0,1.03
image_2422.jpg,label_2422.png,True,False,False,97.96,0.0,2.04,98.03,0.0,1.97
image_2423.jpg,label_2423.png,True,False,False,91.55,0.0,8.45,90.01,0.0,9.99
image_2424.jpg,label_2424.png,True,False,False,95.35,0.0,4.65,94.97,0.0,5.03
image_2425.jpg,label_2425.png,True,False,False,94.76,0.0,5.24,94.76,0.0,5.24
image_2426.jpg,label_2426.png,False,True,False,93.75,0.0,6.25,94.48,0.0,5.52
image_2427.jpg,label_2427.png,False,True,False,97.86,0.0,2.14,97.85,0.0,2.15
image_2428.jpg,label_2428.png,True,False,False,96.07,0.0,3.93,95.84,0.0,4.16
image_2429.jpg,label_2429.png,True,False,False,99.32,0.0,0.68,99.3,0.0,0.7
image_2430.jpg,label_2430.png,True,False,False,99.38,0.0,0.62,99.33,0.0,0.67
image_2431.jpg,label_2431.png,True,False,False,99.05,0.0,0.95,99.16,0.0,0.84
image_2432.jpg,label_2432.png,True,False,False,96.77,0.0,3.23,96.22,0.0,3.78
image_2433.jpg,label_2433.png,True,False,False,86.2,0.0,13.8,85.19,0.0,14.81
image_2434.jpg,label_2434.png,False,False,True,98.41,0.0,1.59,98.55,0.0,1.45
image_2435.jpg,label_2435.png,False,False,True,17.96,78.02,4.02,18.03,79.67,2.29
image_2436.jpg,label_2436.png,True,False,False,13.55,84.64,1.81,11.84,86.03,2.13
image_2437.jpg,label_2437.png,True,False,False,0.0,0.85,99.14,0.01,0.96,99.03
image_2438.jpg,label_2438.png,True,False,False,0.0,0.15,99.85,0.0,0.14,99.86
image_2439.jpg,label_2439.png,True,False,False,0.02,10.77,89.21,0.04,9.91,90.05
image_2440.jpg,label_2440.png,True,False,False,100.0,0.0,0.0,100.0,0.0,0.0
image_2441.jpg,label_2441.png,True,False,False,100.0,0.0,0.0,100.0,0.0,0.0
image_2442.jpg,label_2442.png,True,False,False,100.0,0.0,0.0,100.0,0.0,0.0
image_2443.jpg,label_2443.png,True,False,False,99.36,0.0,0.63,98.86,0.01,1.13
image_2444.jpg,label_2444.png,True,False,False,0.11,2.39,97.5,0.39,2.63,96.99
image_2445.jpg,label_2445.png,True,False,False,2.6,2.17,95.23,3.42,2.52,94.07
image_2446.jpg,label_2446.png,True,False,False,11.93,3.76,84.31,10.17,4.1,85.73
image_2447.jpg,label_2447.png,True,False,False,13.92,12.37,73.71,13.16,8.75,78.08
image_2448.jpg,label_2448.png,False,True,False,0.61,3.12,96.27,0.8,3.37,95.83
image_2449.jpg,label_2449.png,True,False,False,0.14,3.67,96.19,0.51,3.91,95.59
image_2450.jpg,label_2450.png,True,False,False,0.53,1.24,98.23,0.23,1.39,98.38
image_2451.jpg,label_2451.png,True,False,False,0.0,0.31,99.69,0.0,0.34,99.66
image_2452.jpg,label_2452.png,True,False,False,0.03,0.08,99.89,0.05,0.1,99.84
image_2453.jpg,label_2453.png,True,False,False,0.02,0.19,99.79,0.01,0.23,99.76
image_2454.jpg,label_2454.png,True,False,False,26.95,9.39,63.67,25.58,9.9,64.52
image_2455.jpg,label_2455.png,False,True,False,24.0,7.48,68.52,26.91,8.12,64.97
image_2456.jpg,label_2456.png,True,False,False,4.72,1.85,93.43,4.25,2.08,93.66
image_2457.jpg,label_2457.png,False,False,True,0.09,0.69,99.22,0.17,0.74,99.09
image_2458.jpg,label_2458.png,True,False,False,95.04,0.0,4.96,94.64,0.0,5.36
image_2459.jpg,label_2459.png,True,False,False,83.57,0.01,16.42,82.04,0.01,17.96
image_2460.jpg,label_2460.png,True,False,False,93.1,0.0,6.9,92.65,0.0,7.35
image_2461.jpg,label_2461.png,True,False,False,92.98,0.0,7.02,92.17,0.0,7.83
image_2462.jpg,label_2462.png,True,False,False,34.12,0.0,65.88,36.36,0.0,63.64
image_2463.jpg,label_2463.png,True,False,False,5.87,0.0,94.13,9.95,0.0,90.05
image_2464.jpg,label_2464.png,True,False,False,70.44,0.0,29.56,70.83,0.0,29.17
image_2465.jpg,label_2465.png,True,False,False,0.0,0.0,100.0,4.35,0.0,95.65
image_2466.jpg,label_2466.png,True,False,False,1.6,0.0,98.4,5.22,0.0,94.78
image_2467.jpg,label_2467.png,True,False,False,37.57,0.0,62.43,40.23,0.0,59.77
image_2468.jpg,label_2468.png,True,False,False,69.49,0.0,30.51,71.88,0.0,28.12
image_2469.jpg,label_2469.png,True,False,False,46.5,0.0,53.5,44.12,0.0,55.88
image_2470.jpg,label_2470.png,True,False,False,99.71,0.0,0.29,99.72,0.0,0.28
image_2471.jpg,label_2471.png,True,False,False,70.61,0.0,29.39,69.78,0.0,30.22
image_2472.jpg,label_2472.png,False,True,False,70.29,0.0,29.71,70.38,0.0,29.62
image_2473.jpg,label_2473.png,True,False,False,67.85,0.0,32.15,67.01,0.0,32.99
image_2474.jpg,label_2474.png,True,False,False,82.59,0.0,17.41,82.59,0.0,17.41
image_2475.jpg,label_2475.png,True,False,False,99.83,0.0,0.17,99.82,0.0,0.18
image_2476.jpg,label_2476.png,True,False,False,99.49,0.0,0.51,99.48,0.0,0.52
image_2477.jpg,label_2477.png,True,False,False,97.93,0.0,2.07,97.61,0.0,2.39
image_2478.jpg,label_2478.png,True,False,False,96.59,0.0,3.41,95.73,0.0,4.27
image_2479.jpg,label_2479.png,True,False,False,32.34,0.0,67.66,28.71,0.0,71.29
image_2480.jpg,label_2480.png,True,False,False,86.45,0.0,13.55,85.86,0.0,14.14
image_2481.jpg,label_2481.png,False,True,False,67.77,0.0,32.23,68.46,0.0,31.54
image_2482.jpg,label_2482.png,False,True,False,54.14,0.0,45.86,55.01,0.0,44.99
image_2483.jpg,label_2483.png,True,False,False,0.2,12.51,87.29,0.5,12.49,87.01
image_2484.jpg,label_2484.png,True,False,False,0.1,24.27,75.63,0.26,23.46,76.28
image_2485.jpg,label_2485.png,True,False,False,0.13,13.84,86.03,0.09,13.68,86.23
image_2486.jpg,label_2486.png,True,False,False,0.07,11.91,88.02,0.09,11.96,87.96
image_2487.jpg,label_2487.png,True,False,False,0.94,12.79,86.28,0.86,12.28,86.86
image_2488.jpg,label_2488.png,True,False,False,0.31,8.79,90.89,0.16,9.05,90.79
image_2489.jpg,label_2489.png,True,False,False,0.05,14.45,85.5,0.29,13.99,85.72
image_2490.jpg,label_2490.png,True,False,False,0.05,14.5,85.45,0.32,14.26,85.43
image_2491.jpg,label_2491.png,True,False,False,2.38,10.55,87.07,1.27,10.79,87.95
image_2492.jpg,label_2492.png,True,False,False,0.03,17.09,82.88,0.05,16.77,83.18
image_2493.jpg,label_2493.png,True,False,False,1.81,1.03,97.17,0.68,0.99,98.32
image_2494.jpg,label_2494.png,True,False,False,0.01,2.64,97.36,0.12,2.92,96.96
image_2495.jpg,label_2495.png,False,True,False,100.0,0.0,0.0,100.0,0.0,0.0
image_2496.jpg,label_2496.png,True,False,False,100.0,0.0,0.0,99.99,0.0,0.01
image_2497.jpg,label_2497.png,True,False,False,100.0,0.0,0.0,100.0,0.0,0.0
image_2498.jpg,label_2498.png,False,True,False,100.0,0.0,0.0,100.0,0.0,0.0
image_2499.jpg,label_2499.png,True,False,False,100.0,0.0,0.0,100.0,0.0,0.0
image_2500.jpg,label_2500.png,True,False,False,100.0,0.0,0.0,100.0,0.0,0.0
image_2501.jpg,label_2501.png,False,False,True,39.83,0.0,60.17,43.97,0.0,56.03
image_2502.jpg,label_2502.png,True,False,False,39.54,18.42,42.03,39.52,17.67,42.81
image_2503.jpg,label_2503.png,True,False,False,36.69,20.94,42.37,37.3,20.0,42.7
image_2504.jpg,label_2504.png,False,False,True,27.67,7.33,65.0,27.51,7.06,65.43
image_2505.jpg,label_2505.png,True,False,False,39.65,5.85,54.5,38.5,5.55,55.95
image_2506.jpg,label_2506.png,True,False,False,60.43,13.18,26.38,61.18,12.47,26.35
image_2507.jpg,label_2507.png,True,False,False,6.67,8.41,84.92,6.25,7.75,86.0
image_2508.jpg,label_2508.png,False,True,False,13.83,71.01,15.16,16.26,70.62,13.12
image_2509.jpg,label_2509.png,True,False,False,59.89,0.0,40.11,59.58,0.0,40.42
image_2510.jpg,label_2510.png,False,False,True,73.6,0.0,26.4,74.24,0.0,25.76
image_2511.jpg,label_2511.png,True,False,False,70.86,0.0,29.14,70.8,0.0,29.2
image_2512.jpg,label_2512.png,True,False,False,55.35,32.92,11.73,56.48,32.38,11.13
image_2513.jpg,label_2513.png,True,False,False,84.32,2.24,13.44,84.6,2.1,13.31
image_2514.jpg,label_2514.png,True,False,False,33.77,53.77,12.47,35.72,53.59,10.69
image_2515.jpg,label_2515.png,True,False,False,74.53,10.52,14.95,74.65,10.15,15.2
image_2516.jpg,label_2516.png,True,False,False,52.54,39.84,7.62,54.42,38.61,6.98
image_2517.jpg,label_2517.png,False,False,True,69.74,0.0,30.26,68.45,0.0,31.55
image_2518.jpg,label_2518.png,True,False,False,79.75,0.0,20.25,79.48,0.0,20.52
image_2519.jpg,label_2519.png,True,False,False,59.35,0.0,40.65,58.9,0.0,41.1
image_2520.jpg,label_2520.png,True,False,False,80.01,0.0,19.99,80.06,0.0,19.94
image_2521.jpg,label_2521.png,True,False,False,91.83,0.0,8.17,91.84,0.0,8.16
image_2522.jpg,label_2522.png,True,False,False,82.68,0.0,17.32,82.59,0.0,17.41
image_2523.jpg,label_2523.png,True,False,False,62.23,10.25,27.53,62.21,10.0,27.79
image_2524.jpg,label_2524.png,False,True,False,71.05,0.0,28.95,71.48,0.0,28.52
image_2525.jpg,label_2525.png,True,False,False,85.16,0.2,14.64,87.24,0.19,12.57
image_2526.jpg,label_2526.png,False,False,True,9.29,0.0,90.71,9.28,0.0,90.72
image_2527.jpg,label_2527.png,True,False,False,22.84,0.0,77.16,19.55,0.0,80.45
image_2528.jpg,label_2528.png,True,False,False,16.29,81.38,2.33,13.0,83.68,3.32
image_2529.jpg,label_2529.png,True,False,False,0.13,4.03,95.84,0.14,4.3,95.56
image_2530.jpg,label_2530.png,False,True,False,69.68,0.0,30.32,68.85,0.0,31.15
image_2531.jpg,label_2531.png,False,True,False,6.47,40.64,52.89,10.04,41.39,48.57
image_2532.jpg,label_2532.png,True,False,False,99.74,0.0,0.26,99.8,0.0,0.2
image_2533.jpg,label_2533.png,True,False,False,97.24,2.06,0.69,97.18,2.18,0.64
image_2534.jpg,label_2534.png,True,False,False,96.37,0.0,3.63,96.23,0.0,3.77
image_2535.jpg,label_2535.png,True,False,False,25.32,53.8,20.88,27.39,57.14,15.46
image_2536.jpg,label_2536.png,True,False,False,96.64,0.0,3.36,96.46,0.0,3.54
image_2537.jpg,label_2537.png,True,False,False,96.25,1.78,1.96,96.13,1.81,2.05
image_2538.jpg,label_2538.png,False,False,True,99.3,0.0,0.7,99.43,0.0,0.57
image_2539.jpg,label_2539.png,True,False,False,99.48,0.07,0.45,99.6,0.09,0.3
image_2540.jpg,label_2540.png,False,False,True,99.47,0.0,0.53,99.65,0.0,0.35
image_2541.jpg,label_2541.png,True,False,False,99.22,0.0,0.78,99.41,0.0,0.59
image_2542.jpg,label_2542.png,True,False,False,99.79,0.0,0.21,99.9,0.0,0.1
image_2543.jpg,label_2543.png,True,False,False,95.67,0.0,4.33,96.02,0.0,3.98
image_2544.jpg,label_2544.png,True,False,False,99.63,0.0,0.37,99.56,0.0,0.44
image_2545.jpg,label_2545.png,False,False,True,97.78,0.0,2.22,97.77,0.0,2.23
image_2546.jpg,label_2546.png,True,False,False,95.32,0.02,4.66,95.9,0.02,4.08
image_2547.jpg,label_2547.png,True,False,False,98.29,0.0,1.71,98.27,0.0,1.73
image_2548.jpg,label_2548.png,True,False,False,0.0,0.0,100.0,2.65,0.0,97.35
image_2549.jpg,label_2549.png,True,False,False,93.94,0.0,6.06,93.58,0.0,6.42
image_2550.jpg,label_2550.png,False,True,False,95.33,0.0,4.67,95.35,0.0,4.65
image_2551.jpg,label_2551.png,False,True,False,95.54,0.0,4.46,95.35,0.0,4.65
image_2552.jpg,label_2552.png,False,False,True,99.72,0.0,0.28,99.83,0.0,0.17
image_2553.jpg,label_2553.png,True,False,False,0.0,0.03,99.97,0.0,0.02,99.98
image_2554.jpg,label_2554.png,False,True,False,0.02,5.42,94.57,0.03,5.93,94.04
image_2555.jpg,label_2555.png,False,True,False,0.0,0.71,99.29,0.0,0.95,99.05
image_2556.jpg,label_2556.png,True,False,False,0.01,0.45,99.53,0.0,0.48,99.52
image_2557.jpg,label_2557.png,True,False,False,0.58,12.93,86.49,1.19,11.4,87.41
image_2558.jpg,label_2558.png,True,False,False,46.14,0.07,53.79,45.95,0.07,53.97
image_2559.jpg,label_2559.png,True,False,False,98.46,0.0,1.54,98.13,0.0,1.87
image_2560.jpg,label_2560.png,True,False,False,0.01,4.17,95.82,0.01,4.28,95.71
image_2561.jpg,label_2561.png,True,False,False,4.45,0.0,95.55,4.13,0.0,95.87
image_2562.jpg,label_2562.png,True,False,False,1.01,0.0,98.99,1.34,0.0,98.66
image_2563.jpg,label_2563.png,True,False,False,39.02,0.0,60.98,37.45,0.0,62.55
image_2564.jpg,label_2564.png,True,False,False,2.4,0.0,97.6,2.13,0.0,97.87
image_2565.jpg,label_2565.png,True,False,False,0.0,0.0,100.0,0.17,0.0,99.83
image_2566.jpg,label_2566.png,True,False,False,0.35,0.0,99.65,0.4,0.0,99.6
image_2567.jpg,label_2567.png,True,False,False,0.03,0.0,99.97,0.0,0.0,100.0
image_2568.jpg,label_2568.png,True,False,False,1.87,0.0,98.13,1.01,0.0,98.99
image_2569.jpg,label_2569.png,True,False,False,5.01,0.0,94.98,4.63,0.01,95.37
image_2570.jpg,label_2570.png,False,False,True,1.7,0.0,98.3,1.12,0.0,98.88
image_2571.jpg,label_2571.png,True,False,False,0.46,0.0,99.54,1.45,0.0,98.55
image_2572.jpg,label_2572.png,True,False,False,5.9,0.0,94.1,5.16,0.0,94.84
image_2573.jpg,label_2573.png,False,True,False,0.0,0.0,100.0,0.14,0.0,99.86
image_2574.jpg,label_2574.png,True,False,False,98.95,0.0,1.05,98.91,0.0,1.09
image_2575.jpg,label_2575.png,True,False,False,99.53,0.0,0.47,99.51,0.0,0.49
image_2576.jpg,label_2576.png,True,False,False,99.74,0.0,0.26,99.67,0.0,0.33
image_2577.jpg,label_2577.png,True,False,False,99.81,0.0,0.19,99.81,0.0,0.19
image_2578.jpg,label_2578.png,True,False,False,99.36,0.0,0.64,99.38,0.0,0.62
image_2579.jpg,label_2579.png,True,False,False,99.57,0.0,0.43,99.69,0.0,0.31
image_2580.jpg,label_2580.png,False,True,False,99.96,0.0,0.04,99.93,0.0,0.07
image_2581.jpg,label_2581.png,True,False,False,99.59,0.0,0.41,99.8,0.0,0.2
image_2582.jpg,label_2582.png,True,False,False,99.64,0.0,0.36,99.52,0.0,0.48
image_2583.jpg,label_2583.png,True,False,False,99.9,0.0,0.1,98.9,0.0,1.1
image_2584.jpg,label_2584.png,True,False,False,99.68,0.0,0.32,99.67,0.0,0.33
image_2585.jpg,label_2585.png,True,False,False,97.76,0.0,2.24,97.94,0.0,2.06
image_2586.jpg,label_2586.png,True,False,False,98.36,0.0,1.64,98.89,0.0,1.11
image_2587.jpg,label_2587.png,True,False,False,98.72,0.0,1.28,98.67,0.0,1.33
image_2588.jpg,label_2588.png,True,False,False,97.51,0.0,2.49,98.34,0.0,1.66
image_2589.jpg,label_2589.png,True,False,False,96.93,0.0,3.07,96.3,0.0,3.7
image_2590.jpg,label_2590.png,True,False,False,99.92,0.0,0.08,99.95,0.0,0.05
image_2591.jpg,label_2591.png,True,False,False,99.74,0.0,0.26,99.67,0.0,0.33
image_2592.jpg,label_2592.png,True,False,False,79.67,0.0,20.33,80.07,0.0,19.93
image_2593.jpg,label_2593.png,False,False,True,80.48,0.0,19.52,80.46,0.0,19.54
image_2594.jpg,label_2594.png,True,False,False,59.73,0.0,40.27,61.32,0.0,38.68
image_2595.jpg,label_2595.png,True,False,False,92.15,0.0,7.85,91.95,0.0,8.05
image_2596.jpg,label_2596.png,True,False,False,65.72,0.0,34.28,65.3,0.0,34.7
image_2597.jpg,label_2597.png,False,False,True,81.41,0.0,18.59,81.11,0.0,18.89
image_2598.jpg,label_2598.png,False,False,True,70.51,0.0,29.49,71.37,0.0,28.63
image_2599.jpg,label_2599.png,True,False,False,53.42,0.0,46.58,54.57,0.0,45.43
image_2600.jpg,label_2600.png,True,False,False,77.31,0.0,22.69,76.78,0.0,23.22
image_2601.jpg,label_2601.png,False,False,True,88.34,0.0,11.66,88.82,0.0,11.18
image_2602.jpg,label_2602.png,True,False,False,89.87,0.0,10.13,90.79,0.0,9.21
image_2603.jpg,label_2603.png,True,False,False,77.8,0.0,22.19,78.02,0.0,21.98
image_2604.jpg,label_2604.png,True,False,False,71.57,0.0,28.43,71.37,0.0,28.63
image_2605.jpg,label_2605.png,True,False,False,56.61,7.88,35.51,57.76,8.03,34.22
image_2606.jpg,label_2606.png,True,False,False,77.64,6.7,15.66,77.62,6.6,15.77
image_2607.jpg,label_2607.png,True,False,False,60.72,24.95,14.33,62.27,24.78,12.96
image_2608.jpg,label_2608.png,True,False,False,69.27,27.05,3.68,69.28,27.63,3.09
image_2609.jpg,label_2609.png,False,True,False,82.48,0.0,17.52,82.74,0.0,17.26
image_2610.jpg,label_2610.png,True,False,False,72.06,0.0,27.94,72.18,0.0,27.82
image_2611.jpg,label_2611.png,True,False,False,66.08,27.02,6.9,66.06,27.79,6.15
image_2612.jpg,label_2612.png,True,False,False,38.28,0.0,61.72,38.9,0.0,61.1
image_2613.jpg,label_2613.png,False,True,False,75.46,0.0,24.54,76.34,0.0,23.66
image_2614.jpg,label_2614.png,True,False,False,96.93,0.0,3.07,96.97,0.0,3.03
image_2615.jpg,label_2615.png,True,False,False,72.26,0.0,27.74,72.92,0.0,27.08
image_2616.jpg,label_2616.png,True,False,False,92.74,0.0,7.26,93.18,0.0,6.82
image_2617.jpg,label_2617.png,True,False,False,83.93,10.39,5.68,84.4,10.47,5.14
image_2618.jpg,label_2618.png,False,False,True,84.79,0.0,15.21,85.64,0.0,14.36
image_2619.jpg,label_2619.png,True,False,False,41.71,0.0,58.29,43.07,0.0,56.93
image_2620.jpg,label_2620.png,True,False,False,27.47,34.29,38.23,30.87,35.12,34.01
image_2621.jpg,label_2621.png,False,True,False,75.4,0.0,24.6,75.84,0.0,24.16
image_2622.jpg,label_2622.png,True,False,False,77.93,0.03,22.03,78.85,0.03,21.12
image_2623.jpg,label_2623.png,False,True,False,28.17,0.0,71.83,30.49,0.0,69.51
image_2624.jpg,label_2624.png,True,False,False,79.81,14.28,5.9,80.52,14.48,5.0
image_2625.jpg,label_2625.png,True,False,False,76.94,6.45,16.61,77.96,6.67,15.37
image_2626.jpg,label_2626.png,True,False,False,28.88,35.57,35.55,29.34,35.85,34.81
image_2627.jpg,label_2627.png,True,False,False,40.82,0.0,59.18,40.94,0.0,59.06
image_2628.jpg,label_2628.png,True,False,False,94.6,0.0,5.4,94.61,0.0,5.39
image_2629.jpg,label_2629.png,True,False,False,61.6,7.88,30.52,62.13,8.06,29.81
image_2630.jpg,label_2630.png,True,False,False,92.86,0.15,6.99,93.43,0.15,6.42
image_2631.jpg,label_2631.png,False,True,False,68.6,15.06,16.34,69.85,15.7,14.45
image_2632.jpg,label_2632.png,True,False,False,84.16,0.0,15.84,85.07,0.0,14.93
image_2633.jpg,label_2633.png,True,False,False,21.81,0.0,78.18,21.83,0.0,78.17
image_2634.jpg,label_2634.png,True,False,False,85.25,0.0,14.75,85.71,0.0,14.29
image_2635.jpg,label_2635.png,True,False,False,75.74,0.0,24.26,76.35,0.0,23.65
image_2636.jpg,label_2636.png,True,False,False,44.53,0.0,55.47,47.85,0.0,52.15
image_2637.jpg,label_2637.png,True,False,False,34.19,0.21,65.6,31.07,0.18,68.75
image_2638.jpg,label_2638.png,True,False,False,39.32,5.45,55.23,40.91,5.53,53.56
image_2639.jpg,label_2639.png,False,False,True,19.82,3.57,76.61,21.9,3.24,74.86
image_2640.jpg,label_2640.png,True,False,False,67.53,16.87,15.6,67.81,17.06,15.13
image_2641.jpg,label_2641.png,False,False,True,86.82,0.0,13.18,87.47,0.0,12.53
image_2642.jpg,label_2642.png,True,False,False,78.97,0.0,21.03,78.78,0.0,21.22
image_2643.jpg,label_2643.png,True,False,False,69.94,27.83,2.23,70.37,27.83,1.8
image_2644.jpg,label_2644.png,True,False,False,78.32,0.0,21.68,79.09,0.0,20.91
image_2645.jpg,label_2645.png,True,False,False,73.97,14.14,11.89,74.59,14.56,10.85
image_2646.jpg,label_2646.png,True,False,False,74.22,0.03,25.75,74.14,0.04,25.82
image_2647.jpg,label_2647.png,False,False,True,58.18,11.92,29.9,58.33,12.01,29.66
image_2648.jpg,label_2648.png,True,False,False,59.23,0.0,40.77,60.04,0.0,39.96
image_2649.jpg,label_2649.png,True,False,False,92.31,0.0,7.69,92.33,0.0,7.67
image_2650.jpg,label_2650.png,True,False,False,60.1,6.5,33.4,61.19,6.46,32.35
image_2651.jpg,label_2651.png,True,False,False,23.37,0.0,76.63,24.77,0.0,75.23
image_2652.jpg,label_2652.png,True,False,False,63.02,0.0,36.98,63.56,0.0,36.44
image_2653.jpg,label_2653.png,True,False,False,49.94,0.0,50.06,53.28,0.0,46.72
image_2654.jpg,label_2654.png,True,False,False,76.66,16.39,6.95,77.51,16.84,5.66
image_2655.jpg,label_2655.png,True,False,False,63.47,0.0,36.53,65.61,0.0,34.39
image_2656.jpg,label_2656.png,True,False,False,79.66,0.0,20.34,80.24,0.0,19.76
image_2657.jpg,label_2657.png,False,True,False,26.73,0.0,73.27,26.35,0.0,73.65
image_2658.jpg,label_2658.png,False,True,False,92.78,0.0,7.22,93.72,0.0,6.28
image_2659.jpg,label_2659.png,True,False,False,68.99,14.17,16.84,69.5,14.44,16.06
image_2660.jpg,label_2660.png,True,False,False,63.14,0.0,36.86,64.49,0.0,35.51
image_2661.jpg,label_2661.png,False,True,False,85.48,9.07,5.45,85.94,9.2,4.86
image_2662.jpg,label_2662.png,True,False,False,74.24,0.0,25.76,74.24,0.0,25.76
image_2663.jpg,label_2663.png,True,False,False,63.87,0.0,36.13,65.28,0.0,34.72
image_2664.jpg,label_2664.png,True,False,False,92.77,0.0,7.23,92.96,0.0,7.04
image_2665.jpg,label_2665.png,True,False,False,20.58,11.58,67.83,21.22,11.32,67.47
image_2666.jpg,label_2666.png,True,False,False,45.16,0.0,54.84,46.27,0.0,53.73
image_2667.jpg,label_2667.png,True,False,False,34.52,0.13,65.35,33.23,0.09,66.68
image_2668.jpg,label_2668.png,False,True,False,75.21,0.0,24.79,75.7,0.0,24.3
image_2669.jpg,label_2669.png,True,False,False,29.34,0.0,70.66,30.05,0.0,69.95
image_2670.jpg,label_2670.png,True,False,False,93.93,0.0,6.07,94.78,0.0,5.22
image_2671.jpg,label_2671.png,True,False,False,75.24,5.98,18.78,75.92,5.8,18.28
image_2672.jpg,label_2672.png,False,False,True,35.4,50.9,13.69,35.91,52.51,11.58
image_2673.jpg,label_2673.png,True,False,False,17.18,0.0,82.82,20.3,0.0,79.7
image_2674.jpg,label_2674.png,True,False,False,97.63,0.0,2.37,97.78,0.0,2.22
image_2675.jpg,label_2675.png,True,False,False,23.48,0.0,76.52,23.67,0.0,76.33
image_2676.jpg,label_2676.png,True,False,False,92.81,0.0,7.19,93.63,0.0,6.37
image_2677.jpg,label_2677.png,True,False,False,32.0,0.0,68.0,32.92,0.0,67.08
image_2678.jpg,label_2678.png,True,False,False,86.89,0.0,13.11,87.26,0.0,12.74
image_2679.jpg,label_2679.png,True,False,False,65.33,0.0,34.67,65.2,0.0,34.8
image_2680.jpg,label_2680.png,True,False,False,73.13,0.0,26.87,76.33,0.0,23.67
image_2681.jpg,label_2681.png,True,False,False,86.42,0.42,13.16,86.65,0.35,13.0
image_2682.jpg,label_2682.png,True,False,False,91.65,0.0,8.35,91.88,0.0,8.12
image_2683.jpg,label_2683.png,False,True,False,49.8,0.0,50.2,53.4,0.0,46.6
image_2684.jpg,label_2684.png,True,False,False,59.96,34.95,5.09,61.13,36.05,2.82
image_2685.jpg,label_2685.png,False,False,True,84.39,0.0,15.61,84.35,0.0,15.65
image_2686.jpg,label_2686.png,True,False,False,18.9,0.0,81.1,20.22,0.0,79.78
image_2687.jpg,label_2687.png,False,False,True,10.52,29.11,60.37,21.6,30.01,48.39
image_2688.jpg,label_2688.png,True,False,False,88.38,0.0,11.62,87.38,0.0,12.62
image_2689.jpg,label_2689.png,True,False,False,65.76,0.0,34.24,67.13,0.0,32.87
image_2690.jpg,label_2690.png,False,False,True,43.04,0.0,56.96,44.37,0.0,55.63
image_2691.jpg,label_2691.png,True,False,False,16.86,7.88,75.26,17.93,8.01,74.06
image_2692.jpg,label_2692.png,True,False,False,84.1,0.0,15.9,84.42,0.0,15.58
image_2693.jpg,label_2693.png,True,False,False,40.94,0.0,59.06,40.86,0.0,59.14
image_2694.jpg,label_2694.png,True,False,False,78.32,0.0,21.68,80.18,0.0,19.82
image_2695.jpg,label_2695.png,True,False,False,69.89,17.87,12.24,69.02,19.85,11.12
image_2696.jpg,label_2696.png,False,True,False,70.87,0.0,29.13,70.79,0.0,29.21
image_2697.jpg,label_2697.png,True,False,False,64.54,0.0,35.46,64.41,0.0,35.59
image_2698.jpg,label_2698.png,True,False,False,92.26,0.0,7.74,92.57,0.0,7.43
image_2699.jpg,label_2699.png,True,False,False,66.42,0.0,33.58,66.86,0.0,33.14
image_2700.jpg,label_2700.png,True,False,False,89.19,0.0,10.81,92.61,0.0,7.39
image_2701.jpg,label_2701.png,True,False,False,92.29,0.0,7.71,93.12,0.0,6.88
image_2702.jpg,label_2702.png,True,False,False,83.18,0.03,16.79,83.42,0.03,16.55
image_2703.jpg,label_2703.png,True,False,False,62.58,29.11,8.31,63.24,29.7,7.07
image_2704.jpg,label_2704.png,True,False,False,86.77,7.88,5.35,87.31,7.95,4.73
image_2705.jpg,label_2705.png,True,False,False,57.86,0.0,42.14,58.31,0.0,41.69
image_2706.jpg,label_2706.png,True,False,False,93.3,3.57,3.13,93.98,3.44,2.58
image_2707.jpg,label_2707.png,True,False,False,18.88,0.0,81.12,21.3,0.0,78.7
image_2708.jpg,label_2708.png,False,False,True,75.93,0.0,24.07,76.13,0.0,23.87
image_2709.jpg,label_2709.png,True,False,False,86.89,0.0,13.11,86.84,0.0,13.16
image_2710.jpg,label_2710.png,True,False,False,48.23,0.3,51.47,46.73,0.26,53.01
image_2711.jpg,label_2711.png,True,False,False,77.1,6.03,16.87,78.64,5.74,15.62
image_2712.jpg,label_2712.png,True,False,False,32.56,7.88,59.56,33.76,8.0,58.23
image_2713.jpg,label_2713.png,True,False,False,85.86,0.0,14.14,86.68,0.0,13.32
image_2714.jpg,label_2714.png,True,False,False,90.62,6.68,2.71,90.96,6.06,2.98
image_2715.jpg,label_2715.png,True,False,False,41.19,33.66,25.14,42.61,34.88,22.51
image_2716.jpg,label_2716.png,False,False,True,31.52,0.0,68.48,35.58,0.0,64.42
image_2717.jpg,label_2717.png,False,False,True,88.41,0.0,11.59,89.04,0.0,10.96
image_2718.jpg,label_2718.png,True,False,False,68.09,0.0,31.91,68.37,0.0,31.63
image_2719.jpg,label_2719.png,True,False,False,80.87,0.0,19.13,81.08,0.0,18.92
image_2720.jpg,label_2720.png,True,False,False,98.45,0.0,1.55,98.73,0.0,1.27
image_2721.jpg,label_2721.png,True,False,False,35.85,8.62,55.53,35.25,8.7,56.04
image_2722.jpg,label_2722.png,False,False,True,67.95,0.0,32.05,68.39,0.0,31.61
image_2723.jpg,label_2723.png,True,False,False,91.74,0.05,8.21,93.06,0.06,6.88
image_2724.jpg,label_2724.png,False,False,True,80.58,0.0,19.42,82.83,0.0,17.17
image_2725.jpg,label_2725.png,True,False,False,92.3,0.0,7.7,92.78,0.0,7.22
image_2726.jpg,label_2726.png,True,False,False,91.97,0.0,8.03,92.23,0.0,7.77
image_2727.jpg,label_2727.png,True,False,False,17.16,0.01,82.83,22.38,0.0,77.61
image_2728.jpg,label_2728.png,True,False,False,23.38,0.0,76.62,24.91,0.0,75.09
image_2729.jpg,label_2729.png,True,False,False,38.19,0.0,61.81,38.58,0.0,61.42
image_2730.jpg,label_2730.png,True,False,False,55.77,0.01,44.22,55.94,0.0,44.05
image_2731.jpg,label_2731.png,True,False,False,77.03,5.08,17.88,76.86,5.29,17.85
image_2732.jpg,label_2732.png,False,True,False,63.38,0.04,36.58,65.63,0.03,34.34
image_2733.jpg,label_2733.png,True,False,False,23.39,44.15,32.47,30.03,44.43,25.55
image_2734.jpg,label_2734.png,True,False,False,79.33,0.0,20.67,80.52,0.01,19.47
image_2735.jpg,label_2735.png,True,False,False,81.56,0.0,18.43,82.07,0.0,17.93
image_2736.jpg,label_2736.png,True,False,False,75.57,0.0,24.43,79.7,0.0,20.3
image_2737.jpg,label_2737.png,False,False,True,86.95,0.0,13.05,87.06,0.0,12.94
image_2738.jpg,label_2738.png,True,False,False,59.95,0.0,40.05,59.96,0.0,40.04
image_2739.jpg,label_2739.png,True,False,False,60.01,0.03,39.96,59.42,0.02,40.56
image_2740.jpg,label_2740.png,True,False,False,37.96,0.0,62.04,38.93,0.0,61.07
image_2741.jpg,label_2741.png,True,False,False,45.8,42.7,11.5,47.36,42.4,10.24
image_2742.jpg,label_2742.png,True,False,False,43.53,0.0,56.47,45.52,0.0,54.48
image_2743.jpg,label_2743.png,True,False,False,92.85,0.0,7.15,93.79,0.0,6.21
image_2744.jpg,label_2744.png,False,False,True,42.5,0.0,57.5,43.99,0.0,56.01
image_2745.jpg,label_2745.png,True,False,False,52.73,0.0,47.27,52.87,0.0,47.13
image_2746.jpg,label_2746.png,True,False,False,94.74,0.0,5.26,94.96,0.0,5.04
image_2747.jpg,label_2747.png,True,False,False,64.97,0.0,35.03,65.46,0.0,34.54
image_2748.jpg,label_2748.png,True,False,False,98.34,0.0,1.66,98.47,0.0,1.53
image_2749.jpg,label_2749.png,True,False,False,75.57,0.14,24.29,75.69,0.14,24.17
image_2750.jpg,label_2750.png,False,True,False,28.23,15.06,56.71,29.53,15.56,54.91
image_2751.jpg,label_2751.png,False,False,True,31.84,0.0,68.16,32.62,0.0,67.38
image_2752.jpg,label_2752.png,True,False,False,42.57,0.0,57.43,43.87,0.0,56.13
image_2753.jpg,label_2753.png,True,False,False,93.14,0.0,6.86,93.91,0.0,6.09
image_2754.jpg,label_2754.png,True,False,False,38.65,3.8,57.55,40.18,3.92,55.9
image_2755.jpg,label_2755.png,True,False,False,52.46,17.87,29.67,55.33,18.97,25.7
image_2756.jpg,label_2756.png,False,False,True,31.44,0.0,68.56,35.38,0.0,64.62
image_2757.jpg,label_2757.png,True,False,False,68.51,0.0,31.49,69.26,0.0,30.74
image_2758.jpg,label_2758.png,True,False,False,45.63,31.92,22.45,46.66,33.29,20.04
image_2759.jpg,label_2759.png,True,False,False,79.62,0.0,20.38,79.8,0.0,20.2
image_2760.jpg,label_2760.png,True,False,False,22.53,6.08,71.39,25.35,5.94,68.71
image_2761.jpg,label_2761.png,True,False,False,71.0,0.32,28.68,70.56,0.24,29.2
image_2762.jpg,label_2762.png,True,False,False,92.29,0.0,7.71,92.26,0.0,7.74
image_2763.jpg,label_2763.png,True,False,False,36.98,0.0,63.02,38.17,0.0,61.83
image_2764.jpg,label_2764.png,True,False,False,50.04,0.0,49.96,52.47,0.0,47.53
image_2765.jpg,label_2765.png,False,False,True,67.26,0.26,32.48,67.18,0.26,32.56
image_2766.jpg,label_2766.png,False,True,False,63.09,0.0,36.91,63.72,0.0,36.28
image_2767.jpg,label_2767.png,False,True,False,63.47,16.87,19.66,64.31,16.99,18.71
image_2768.jpg,label_2768.png,True,False,False,72.31,0.0,27.69,72.41,0.0,27.59
image_2769.jpg,label_2769.png,True,False,False,83.83,0.0,16.17,84.1,0.0,15.9
image_2770.jpg,label_2770.png,True,False,False,76.32,0.0,23.68,76.47,0.0,23.53
image_2771.jpg,label_2771.png,True,False,False,80.96,0.0,19.04,81.87,0.0,18.13
image_2772.jpg,label_2772.png,True,False,False,71.23,0.0,28.77,71.57,0.0,28.43
image_2773.jpg,label_2773.png,True,False,False,41.97,0.0,58.03,44.82,0.0,55.18
image_2774.jpg,label_2774.png,False,False,True,84.95,0.27,14.78,85.25,0.27,14.48
image_2775.jpg,label_2775.png,True,False,False,95.07,0.0,4.93,95.14,0.0,4.86
image_2776.jpg,label_2776.png,True,False,False,42.29,0.0,57.71,44.04,0.0,55.96
image_2777.jpg,label_2777.png,True,False,False,79.01,0.0,20.99,79.44,0.0,20.56
image_2778.jpg,label_2778.png,True,False,False,77.53,0.08,22.39,78.41,0.08,21.52
image_2779.jpg,label_2779.png,True,False,False,37.46,46.58,15.96,36.28,47.37,16.34
image_2780.jpg,label_2780.png,True,False,False,49.37,19.66,30.97,53.2,20.4,26.4
image_2781.jpg,label_2781.png,True,False,False,41.64,0.01,58.36,44.3,0.0,55.7
image_2782.jpg,label_2782.png,True,False,False,36.97,11.58,51.44,37.46,11.53,51.01
image_2783.jpg,label_2783.png,True,False,False,88.87,0.0,11.13,88.54,0.0,11.46
image_2784.jpg,label_2784.png,False,False,True,92.3,0.0,7.7,92.43,0.0,7.57
image_2785.jpg,label_2785.png,True,False,False,95.68,0.0,4.32,95.72,0.0,4.28
image_2786.jpg,label_2786.png,True,False,False,87.54,0.0,12.46,88.02,0.0,11.98
image_2787.jpg,label_2787.png,True,False,False,79.95,0.0,20.05,80.15,0.0,19.85
image_2788.jpg,label_2788.png,True,False,False,59.75,0.0,40.25,59.89,0.0,40.11
image_2789.jpg,label_2789.png,False,True,False,94.44,0.0,5.56,95.13,0.0,4.87
image_2790.jpg,label_2790.png,True,False,False,29.09,0.0,70.91,29.28,0.0,70.72
image_2791.jpg,label_2791.png,True,False,False,28.11,8.98,62.91,30.33,9.13,60.54
image_2792.jpg,label_2792.png,True,False,False,94.98,0.01,5.01,95.53,0.01,4.46
image_2793.jpg,label_2793.png,True,False,False,88.67,0.42,10.91,88.58,0.39,11.02
image_2794.jpg,label_2794.png,True,False,False,75.9,0.0,24.1,76.28,0.0,23.72
image_2795.jpg,label_2795.png,True,False,False,97.8,0.0,2.2,97.91,0.0,2.09
image_2796.jpg,label_2796.png,False,False,True,46.66,0.0,53.34,48.18,0.0,51.82
image_2797.jpg,label_2797.png,True,False,False,58.6,0.0,41.4,60.2,0.0,39.8
image_2798.jpg,label_2798.png,True,False,False,94.51,0.0,5.49,94.63,0.0,5.37
image_2799.jpg,label_2799.png,True,False,False,64.69,0.0,35.31,64.95,0.0,35.05
image_2800.jpg,label_2800.png,True,False,False,86.41,0.05,13.54,86.95,0.05,13.01
image_2801.jpg,label_2801.png,True,False,False,73.05,0.0,26.95,77.83,0.0,22.17
image_2802.jpg,label_2802.png,True,False,False,65.58,0.0,34.41,65.9,0.0,34.1
image_2803.jpg,label_2803.png,True,False,False,82.99,0.0,17.01,86.54,0.0,13.46
image_2804.jpg,label_2804.png,True,False,False,24.35,44.15,31.5,30.34,45.12,24.54
image_2805.jpg,label_2805.png,True,False,False,42.68,0.0,57.32,46.6,0.0,53.4
image_2806.jpg,label_2806.png,True,False,False,93.93,0.0,6.07,94.85,0.0,5.15
image_2807.jpg,label_2807.png,True,False,False,92.23,0.0,7.77,93.87,0.0,6.13
image_2808.jpg,label_2808.png,True,False,False,57.93,0.0,42.07,58.44,0.0,41.56
image_2809.jpg,label_2809.png,True,False,False,37.61,0.0,62.39,37.5,0.0,62.5
image_2810.jpg,label_2810.png,True,False,False,67.82,11.62,20.56,68.81,12.07,19.12
image_2811.jpg,label_2811.png,True,False,False,75.58,0.03,24.39,75.86,0.03,24.11
image_2812.jpg,label_2812.png,True,False,False,56.2,0.0,43.8,56.84,0.0,43.16
image_2813.jpg,label_2813.png,True,False,False,97.3,0.0,2.7,97.38,0.0,2.62
image_2814.jpg,label_2814.png,True,False,False,69.15,0.36,30.48,69.8,0.31,29.88
image_2815.jpg,label_2815.png,True,False,False,94.74,0.01,5.25,94.98,0.01,5.02
image_2816.jpg,label_2816.png,False,True,False,90.17,0.0,9.83,91.41,0.0,8.59
image_2817.jpg,label_2817.png,True,False,False,59.31,0.0,40.69,60.07,0.0,39.93
image_2818.jpg,label_2818.png,True,False,False,84.65,0.0,15.35,84.66,0.0,15.34
image_2819.jpg,label_2819.png,True,False,False,89.34,0.04,10.61,89.85,0.06,10.09
image_2820.jpg,label_2820.png,False,False,True,76.55,0.0,23.45,77.22,0.0,22.78
image_2821.jpg,label_2821.png,True,False,False,64.57,0.0,35.43,64.4,0.0,35.6
image_2822.jpg,label_2822.png,True,False,False,25.49,0.0,74.51,27.23,0.01,72.76
image_2823.jpg,label_2823.png,False,False,True,91.72,0.0,8.28,91.64,0.0,8.36
image_2824.jpg,label_2824.png,True,False,False,52.13,0.0,47.87,52.99,0.0,47.01
image_2825.jpg,label_2825.png,True,False,False,48.83,19.66,31.51,50.56,20.09,29.35
image_2826.jpg,label_2826.png,True,False,False,84.08,11.59,4.33,84.49,11.37,4.14
image_2827.jpg,label_2827.png,True,False,False,72.06,0.0,27.94,72.13,0.0,27.87
image_2828.jpg,label_2828.png,True,False,False,26.11,5.98,67.91,30.44,5.81,63.75
image_2829.jpg,label_2829.png,False,True,False,57.82,11.92,30.26,58.07,11.99,29.95
image_2830.jpg,label_2830.png,True,False,False,86.46,0.0,13.54,86.81,0.0,13.19
image_2831.jpg,label_2831.png,True,False,False,40.92,0.0,59.08,41.42,0.0,58.58
image_2832.jpg,label_2832.png,True,False,False,88.76,6.45,4.78,90.99,6.11,2.9
image_2833.jpg,label_2833.png,False,True,False,71.46,0.0,28.54,71.53,0.0,28.47
image_2834.jpg,label_2834.png,True,False,False,26.24,3.26,70.51,29.82,2.68,67.5
image_2835.jpg,label_2835.png,True,False,False,23.68,0.01,76.31,25.08,0.0,74.92
image_2836.jpg,label_2836.png,True,False,False,47.1,34.29,18.61,48.79,34.52,16.69
image_2837.jpg,label_2837.png,True,False,False,89.93,6.9,3.16,90.3,6.78,2.93
image_2838.jpg,label_2838.png,False,False,True,82.04,0.0,17.96,82.21,0.0,17.79
image_2839.jpg,label_2839.png,True,False,False,76.08,7.88,16.05,76.46,7.94,15.6
image_2840.jpg,label_2840.png,True,False,False,70.53,16.87,12.6,70.3,17.14,12.56
image_2841.jpg,label_2841.png,True,False,False,84.7,0.0,15.3,85.5,0.0,14.5
image_2842.jpg,label_2842.png,True,False,False,52.6,0.0,47.4,55.69,0.0,44.31
image_2843.jpg,label_2843.png,False,False,True,62.83,0.03,37.14,64.83,0.03,35.14
image_2844.jpg,label_2844.png,False,True,False,79.94,0.04,20.02,80.4,0.04,19.56
image_2845.jpg,label_2845.png,True,False,False,58.92,10.39,30.69,59.12,10.52,30.36
image_2846.jpg,label_2846.png,True,False,False,65.7,0.03,34.27,65.8,0.03,34.18
image_2847.jpg,label_2847.png,True,False,False,71.89,0.0,28.11,72.7,0.0,27.3
image_2848.jpg,label_2848.png,True,False,False,31.42,0.02,68.57,32.01,0.02,67.97
image_2849.jpg,label_2849.png,True,False,False,96.85,0.27,2.88,96.5,0.26,3.24
image_2850.jpg,label_2850.png,True,False,False,84.52,0.0,15.48,84.91,0.0,15.09
image_2851.jpg,label_2851.png,True,False,False,82.26,0.0,17.74,82.7,0.0,17.29
image_2852.jpg,label_2852.png,False,False,True,80.12,0.0,19.88,80.66,0.0,19.34
image_2853.jpg,label_2853.png,True,False,False,34.4,0.0,65.6,36.59,0.0,63.41
image_2854.jpg,label_2854.png,False,True,False,53.97,30.47,15.56,57.14,31.55,11.32
image_2855.jpg,label_2855.png,False,False,True,52.5,0.0,47.5,52.71,0.0,47.29
image_2856.jpg,label_2856.png,True,False,False,17.19,0.0,82.81,22.54,0.0,77.46
image_2857.jpg,label_2857.png,False,False,True,79.87,3.79,16.34,80.34,3.92,15.74
image_2858.jpg,label_2858.png,True,False,False,66.36,0.01,33.63,66.46,0.01,33.52
image_2859.jpg,label_2859.png,True,False,False,60.33,34.29,5.38,60.84,34.76,4.4
image_2860.jpg,label_2860.png,True,False,False,77.46,0.0,22.54,78.12,0.0,21.88
image_2861.jpg,label_2861.png,True,False,False,77.12,0.14,22.73,78.21,0.15,21.64
image_2862.jpg,label_2862.png,True,False,False,82.93,0.01,17.06,83.19,0.0,16.81
image_2863.jpg,label_2863.png,True,False,False,35.69,44.15,20.16,39.78,44.88,15.33
image_2864.jpg,label_2864.png,True,False,False,81.59,0.0,18.41,85.47,0.0,14.53
image_2865.jpg,label_2865.png,False,True,False,72.86,0.38,26.76,71.73,0.32,27.95
image_2866.jpg,label_2866.png,True,False,False,75.61,0.0,24.39,76.07,0.0,23.93
image_2867.jpg,label_2867.png,True,False,False,63.87,0.0,36.13,64.5,0.0,35.5
image_2868.jpg,label_2868.png,True,False,False,70.02,18.97,11.01,72.63,19.44,7.93
image_2869.jpg,label_2869.png,True,False,False,90.08,0.45,9.47,89.22,0.41,10.37
image_2870.jpg,label_2870.png,True,False,False,68.06,0.0,31.94,68.24,0.0,31.76
image_2871.jpg,label_2871.png,True,False,False,90.56,3.11,6.32,91.53,3.21,5.27
image_2872.jpg,label_2872.png,False,True,False,68.59,6.7,24.71,69.55,6.84,23.6
image_2873.jpg,label_2873.png,True,False,False,81.1,0.0,18.9,81.29,0.0,18.71
image_2874.jpg,label_2874.png,True,False,False,65.79,0.02,34.19,67.42,0.02,32.56
image_2875.jpg,label_2875.png,False,False,True,60.77,0.0,39.23,63.68,0.0,36.32
image_2876.jpg,label_2876.png,True,False,False,84.37,0.0,15.63,84.39,0.0,15.61
image_2877.jpg,label_2877.png,True,False,False,31.57,19.68,48.75,32.07,20.2,47.73
image_2878.jpg,label_2878.png,False,False,True,49.7,0.0,50.3,50.45,0.0,49.55
image_2879.jpg,label_2879.png,True,False,False,83.12,0.0,16.88,83.27,0.0,16.73
image_2880.jpg,label_2880.png,True,False,False,26.37,0.25,73.38,22.56,0.2,77.24
image_2881.jpg,label_2881.png,True,False,False,82.4,0.01,17.59,81.93,0.01,18.06
image_2882.jpg,label_2882.png,True,False,False,65.81,0.0,34.19,68.31,0.0,31.69
image_2883.jpg,label_2883.png,True,False,False,65.38,0.0,34.62,66.6,0.0,33.4
image_2884.jpg,label_2884.png,False,False,True,94.63,0.0,5.37,95.44,0.0,4.56
image_2885.jpg,label_2885.png,False,True,False,75.59,0.0,24.41,75.68,0.0,24.32
image_2886.jpg,label_2886.png,False,True,False,32.2,0.0,67.8,32.26,0.0,67.74
image_2887.jpg,label_2887.png,True,False,False,98.25,0.0,1.75,98.51,0.0,1.49
image_2888.jpg,label_2888.png,True,False,False,73.02,11.92,15.05,73.35,11.62,15.02
image_2889.jpg,label_2889.png,True,False,False,82.31,0.0,17.69,81.99,0.0,18.01
image_2890.jpg,label_2890.png,True,False,False,72.34,0.0,27.66,72.5,0.0,27.5
image_2891.jpg,label_2891.png,True,False,False,70.55,0.0,29.45,72.62,0.0,27.38
image_2892.jpg,label_2892.png,True,False,False,83.32,0.0,16.68,85.9,0.0,14.1
image_2893.jpg,label_2893.png,False,False,True,61.01,8.03,30.95,61.06,8.15,30.79
image_2894.jpg,label_2894.png,True,False,False,73.5,9.26,17.24,74.11,9.1,16.78
image_2895.jpg,label_2895.png,True,False,False,90.12,0.0,9.88,90.6,0.0,9.4
image_2896.jpg,label_2896.png,True,False,False,46.74,0.0,53.26,47.93,0.0,52.07
image_2897.jpg,label_2897.png,True,False,False,88.54,0.0,11.46,88.67,0.0,11.33
image_2898.jpg,label_2898.png,True,False,False,89.5,0.0,10.5,89.62,0.0,10.38
image_2899.jpg,label_2899.png,True,False,False,56.94,0.07,42.99,57.73,0.06,42.21
image_2900.jpg,label_2900.png,True,False,False,83.21,0.32,16.47,83.24,0.25,16.52
image_2901.jpg,label_2901.png,True,False,False,15.55,64.12,20.33,15.79,66.17,18.04
image_2902.jpg,label_2902.png,False,True,False,80.59,0.0,19.41,80.57,0.0,19.43
image_2903.jpg,label_2903.png,True,False,False,49.1,0.11,50.79,50.61,0.24,49.16
image_2904.jpg,label_2904.png,True,False,False,89.6,0.0,10.4,88.7,0.0,11.3
image_2905.jpg,label_2905.png,True,False,False,29.85,0.0,70.15,31.37,0.0,68.63
image_2906.jpg,label_2906.png,True,False,False,54.02,0.14,45.83,54.57,0.12,45.31
image_2907.jpg,label_2907.png,True,False,False,56.84,0.01,43.15,57.07,0.0,42.92
image_2908.jpg,label_2908.png,True,False,False,41.32,0.19,58.49,42.79,0.31,56.9
image_2909.jpg,label_2909.png,True,False,False,0.0,0.0,100.0,2.11,0.0,97.89
image_2910.jpg,label_2910.png,True,False,False,52.79,0.98,46.23,51.26,0.95,47.8
image_2911.jpg,label_2911.png,True,False,False,0.69,0.08,99.23,0.64,0.06,99.3
image_2912.jpg,label_2912.png,True,False,False,16.56,0.16,83.28,19.36,0.14,80.5
image_2913.jpg,label_2913.png,False,False,True,38.99,2.0,59.02,38.95,1.8,59.25
image_2914.jpg,label_2914.png,True,False,False,48.71,0.0,51.29,48.7,0.0,51.3
image_2915.jpg,label_2915.png,True,False,False,94.98,0.0,5.02,95.24,0.0,4.76
image_2916.jpg,label_2916.png,True,False,False,46.32,25.98,27.69,47.19,26.35,26.46
image_2917.jpg,label_2917.png,False,True,False,1.17,0.96,97.87,0.47,0.75,98.79
image_2918.jpg,label_2918.png,True,False,False,99.37,0.24,0.38,99.35,0.24,0.41
image_2919.jpg,label_2919.png,False,True,False,46.16,2.55,51.29,46.26,2.63,51.11
image_2920.jpg,label_2920.png,True,False,False,48.84,12.45,38.71,49.0,12.6,38.41
image_2921.jpg,label_2921.png,True,False,False,27.78,19.86,52.36,28.96,20.23,50.82
image_2922.jpg,label_2922.png,True,False,False,50.04,0.0,49.96,50.2,0.0,49.8
image_2923.jpg,label_2923.png,True,False,False,14.21,21.27,64.51,13.32,21.33,65.35
image_2924.jpg,label_2924.png,True,False,False,59.02,0.0,40.98,59.56,0.0,40.44
image_2925.jpg,label_2925.png,False,False,True,21.01,28.5,50.5,18.42,28.15,53.44
image_2926.jpg,label_2926.png,True,False,False,87.04,0.15,12.81,87.44,0.09,12.47
image_2927.jpg,label_2927.png,True,False,False,36.51,27.01,36.48,37.4,27.92,34.68
image_2928.jpg,label_2928.png,True,False,False,43.08,0.21,56.71,43.13,0.33,56.54
image_2929.jpg,label_2929.png,True,False,False,68.69,2.7,28.6,69.8,2.86,27.33
image_2930.jpg,label_2930.png,True,False,False,31.28,4.39,64.33,30.36,3.92,65.72
image_2931.jpg,label_2931.png,True,False,False,0.04,1.01,98.95,1.8,0.84,97.35
image_2932.jpg,label_2932.png,False,False,True,66.75,19.85,13.4,67.71,20.79,11.5
image_2933.jpg,label_2933.png,True,False,False,78.02,0.0,21.98,78.67,0.0,21.33
image_2934.jpg,label_2934.png,True,False,False,47.51,13.21,39.28,47.74,13.52,38.74
image_2935.jpg,label_2935.png,True,False,False,42.07,4.76,53.17,43.51,4.46,52.03
image_2936.jpg,label_2936.png,True,False,False,36.88,0.0,63.12,36.39,0.0,63.61
image_2937.jpg,label_2937.png,True,False,False,49.95,0.04,50.01,49.83,0.03,50.14
image_2938.jpg,label_2938.png,False,False,True,41.27,42.23,16.5,39.98,43.1,16.92
image_2939.jpg,label_2939.png,True,False,False,33.66,0.19,66.15,33.61,0.15,66.23
image_2940.jpg,label_2940.png,False,True,False,62.36,0.0,37.64,62.91,0.0,37.09
image_2941.jpg,label_2941.png,True,False,False,94.1,0.0,5.9,94.07,0.0,5.93
image_2942.jpg,label_2942.png,True,False,False,76.24,0.0,23.76,75.9,0.0,24.1
image_2943.jpg,label_2943.png,True,False,False,58.42,0.0,41.58,59.89,0.0,40.11
image_2944.jpg,label_2944.png,True,False,False,49.77,1.36,48.87,49.73,1.14,49.13
image_2945.jpg,label_2945.png,False,True,False,41.76,4.54,53.7,43.09,4.29,52.62
image_2946.jpg,label_2946.png,True,False,False,74.17,0.0,25.83,74.59,0.0,25.41
image_2947.jpg,label_2947.png,True,False,False,48.42,0.01,51.57,44.48,0.01,55.51
image_2948.jpg,label_2948.png,False,True,False,53.69,46.1,0.21,51.04,48.82,0.14
image_2949.jpg,label_2949.png,True,False,False,14.71,49.57,35.72,11.99,53.04,34.97
image_2950.jpg,label_2950.png,True,False,False,36.84,0.76,62.4,36.18,0.61,63.21
image_2951.jpg,label_2951.png,True,False,False,50.34,0.76,48.89,48.56,0.71,50.73
image_2952.jpg,label_2952.png,True,False,False,17.73,0.82,81.45,18.09,0.74,81.17
image_2953.jpg,label_2953.png,True,False,False,0.0,0.0,100.0,0.25,0.08,99.67
image_2954.jpg,label_2954.png,True,False,False,8.9,0.58,90.53,6.67,0.51,92.81
image_2955.jpg,label_2955.png,True,False,False,4.82,0.25,94.94,3.8,0.22,95.98
image_2956.jpg,label_2956.png,True,False,False,40.04,3.14,56.82,37.99,3.19,58.82
image_2957.jpg,label_2957.png,True,False,False,65.83,0.62,33.55,67.14,0.53,32.34
image_2958.jpg,label_2958.png,True,False,False,49.37,0.0,50.63,49.56,0.0,50.44
image_2959.jpg,label_2959.png,True,False,False,26.51,7.87,65.63,26.32,7.75,65.92
image_2960.jpg,label_2960.png,True,False,False,0.0,0.63,99.37,0.59,0.62,98.79
image_2961.jpg,label_2961.png,True,False,False,45.73,1.28,52.99,45.92,1.0,53.08
image_2962.jpg,label_2962.png,True,False,False,44.53,0.0,55.47,45.84,0.0,54.16
image_2963.jpg,label_2963.png,True,False,False,64.12,0.0,35.88,65.22,0.0,34.78
image_2964.jpg,label_2964.png,True,False,False,52.94,0.5,46.56,53.59,0.51,45.9
image_2965.jpg,label_2965.png,True,False,False,1.86,0.04,98.1,2.42,0.03,97.55
image_2966.jpg,label_2966.png,True,False,False,59.88,0.0,40.12,60.83,0.0,39.17
image_2967.jpg,label_2967.png,False,False,True,30.89,5.09,64.03,30.21,4.76,65.04
image_2968.jpg,label_2968.png,True,False,False,98.2,0.18,1.62,98.0,0.16,1.84
image_2969.jpg,label_2969.png,True,False,False,69.26,0.0,30.74,69.2,0.0,30.8
image_2970.jpg,label_2970.png,True,False,False,0.09,0.02,99.88,0.12,0.0,99.88
image_2971.jpg,label_2971.png,True,False,False,48.03,0.17,51.79,48.45,0.18,51.38
image_2972.jpg,label_2972.png,True,False,False,40.63,5.51,53.86,41.63,5.47,52.9
image_2973.jpg,label_2973.png,False,True,False,60.65,0.28,39.07,61.44,0.25,38.31
image_2974.jpg,label_2974.png,True,False,False,38.61,2.05,59.33,39.42,1.81,58.76
image_2975.jpg,label_2975.png,True,False,False,0.5,0.0,99.5,0.37,0.0,99.63
image_2976.jpg,label_2976.png,True,False,False,25.63,6.26,68.11,24.8,6.07,69.13
image_2977.jpg,label_2977.png,True,False,False,57.07,0.0,42.93,56.87,0.0,43.13
image_2978.jpg,label_2978.png,True,False,False,54.14,1.66,44.21,53.31,1.54,45.16
image_2979.jpg,label_2979.png,True,False,False,3.59,32.09,64.32,3.86,33.17,62.96
image_2980.jpg,label_2980.png,True,False,False,29.49,0.28,70.23,28.55,0.15,71.3
image_2981.jpg,label_2981.png,False,True,False,76.21,0.0,23.79,76.62,0.0,23.38
image_2982.jpg,label_2982.png,True,False,False,32.26,10.48,57.25,32.41,9.6,57.99
image_2983.jpg,label_2983.png,True,False,False,5.54,0.0,94.46,1.78,0.01,98.21
image_2984.jpg,label_2984.png,True,False,False,96.6,0.0,3.4,96.96,0.0,3.04
image_2985.jpg,label_2985.png,True,False,False,40.24,0.0,59.76,39.96,0.0,60.04
image_2986.jpg,label_2986.png,True,False,False,19.04,41.21,39.75,17.13,43.2,39.67
image_2987.jpg,label_2987.png,True,False,False,91.14,0.01,8.85,91.17,0.01,8.82
image_2988.jpg,label_2988.png,True,False,False,56.84,0.79,42.37,59.43,0.64,39.94
image_2989.jpg,label_2989.png,True,False,False,0.24,10.26,89.5,0.28,9.46,90.27
image_2990.jpg,label_2990.png,True,False,False,15.15,2.6,82.25,14.15,2.34,83.51
image_2991.jpg,label_2991.png,True,False,False,82.27,0.0,17.73,82.22,0.0,17.78
image_2992.jpg,label_2992.png,False,True,False,62.44,0.0,37.56,61.25,0.0,38.75
image_2993.jpg,label_2993.png,False,False,True,42.44,0.08,57.48,43.28,0.07,56.65
image_2994.jpg,label_2994.png,False,True,False,42.1,0.0,57.9,42.34,0.0,57.66
image_2995.jpg,label_2995.png,True,False,False,7.82,0.19,91.99,7.23,0.1,92.68
image_2996.jpg,label_2996.png,True,False,False,83.78,0.0,16.22,83.96,0.0,16.04
image_2997.jpg,label_2997.png,False,False,True,54.87,0.0,45.13,54.54,0.0,45.46
image_2998.jpg,label_2998.png,True,False,False,34.47,15.55,49.97,35.19,15.69,49.12
image_2999.jpg,label_2999.png,True,False,False,36.15,0.14,63.71,35.24,0.16,64.61
image_3000.jpg,label_3000.png,True,False,False,11.33,3.48,85.2,8.75,2.96,88.29
image_3001.jpg,label_3001.png,True,False,False,97.34,0.16,2.51,97.42,0.15,2.43
image_3002.jpg,label_3002.png,True,False,False,37.66,0.99,61.34,36.22,0.9,62.88
image_3003.jpg,label_3003.png,True,False,False,50.28,49.3,0.42,50.21,49.59,0.19
image_3004.jpg,label_3004.png,False,True,False,46.44,0.02,53.54,43.9,0.02,56.08
image_3005.jpg,label_3005.png,False,True,False,83.26,0.0,16.74,82.03,0.0,17.97
image_3006.jpg,label_3006.png,False,False,True,1.56,0.36,98.08,3.02,0.48,96.5
image_3007.jpg,label_3007.png,True,False,False,51.34,0.03,48.63,51.66,0.03,48.31
image_3008.jpg,label_3008.png,True,False,False,41.95,0.0,58.05,42.56,0.0,57.44
image_3009.jpg,label_3009.png,False,True,False,24.73,0.05,75.22,23.62,0.04,76.34
image_3010.jpg,label_3010.png,True,False,False,39.14,0.0,60.86,33.25,0.0,66.75
image_3011.jpg,label_3011.png,True,False,False,0.0,0.42,99.58,0.02,0.32,99.67
image_3012.jpg,label_3012.png,False,False,True,46.4,0.28,53.31,46.44,0.2,53.35
image_3013.jpg,label_3013.png,True,False,False,20.26,0.0,79.74,21.82,0.0,78.18
image_3014.jpg,label_3014.png,True,False,False,58.01,23.1,18.89,58.21,23.35,18.44
image_3015.jpg,label_3015.png,False,True,False,6.94,9.28,83.78,5.92,8.46,85.62
image_3016.jpg,label_3016.png,True,False,False,65.72,0.47,33.82,67.73,0.4,31.87
image_3017.jpg,label_3017.png,True,False,False,0.24,7.07,92.69,0.03,6.64,93.32
image_3018.jpg,label_3018.png,True,False,False,11.43,1.46,87.1,13.03,1.24,85.73
image_3019.jpg,label_3019.png,True,False,False,49.98,0.0,50.02,50.01,0.0,49.99
image_3020.jpg,label_3020.png,True,False,False,43.79,0.64,55.58,43.9,0.46,55.64
image_3021.jpg,label_3021.png,True,False,False,26.28,0.0,73.72,24.67,0.0,75.33
image_3022.jpg,label_3022.png,True,False,False,48.11,0.13,51.76,48.29,0.09,51.62
image_3023.jpg,label_3023.png,False,False,True,24.24,0.0,75.76,24.52,0.0,75.48
image_3024.jpg,label_3024.png,True,False,False,61.97,27.43,10.59,60.96,29.74,9.31
image_3025.jpg,label_3025.png,False,True,False,58.65,0.15,41.2,58.81,0.16,41.03
image_3026.jpg,label_3026.png,False,False,True,62.36,2.78,34.86,63.29,2.93,33.78
image_3027.jpg,label_3027.png,True,False,False,81.96,0.0,18.04,81.73,0.0,18.27
image_3028.jpg,label_3028.png,True,False,False,46.84,2.81,50.35,47.01,2.89,50.1
image_3029.jpg,label_3029.png,False,False,True,49.56,0.0,50.44,50.67,0.0,49.33
image_3030.jpg,label_3030.png,True,False,False,61.93,3.84,34.23,63.04,3.87,33.09
image_3031.jpg,label_3031.png,True,False,False,14.58,0.34,85.08,13.93,0.28,85.79
image_3032.jpg,label_3032.png,True,False,False,57.69,22.57,19.74,60.68,23.21,16.11
image_3033.jpg,label_3033.png,True,False,False,71.13,0.0,28.87,70.3,0.0,29.7
image_3034.jpg,label_3034.png,False,True,False,11.44,2.23,86.33,9.28,2.02,88.7
image_3035.jpg,label_3035.png,True,False,False,2.3,0.0,97.7,2.56,0.01,97.43
image_3036.jpg,label_3036.png,True,False,False,95.29,0.0,4.71,95.33,0.0,4.67
image_3037.jpg,label_3037.png,True,False,False,46.06,0.0,53.94,46.75,0.0,53.25
image_3038.jpg,label_3038.png,True,False,False,46.04,0.0,53.96,46.73,0.0,53.27
image_3039.jpg,label_3039.png,True,False,False,12.71,5.1,82.19,14.3,4.48,81.22
image_3040.jpg,label_3040.png,True,False,False,15.21,0.49,84.3,11.79,0.42,87.79
image_3041.jpg,label_3041.png,True,False,False,60.73,0.0,39.27,59.43,0.0,40.57
image_3042.jpg,label_3042.png,True,False,False,20.65,8.8,70.55,20.37,8.3,71.33
image_3043.jpg,label_3043.png,True,False,False,25.96,0.0,74.04,26.7,0.0,73.3
image_3044.jpg,label_3044.png,True,False,False,50.0,0.0,50.0,50.8,0.0,49.2
image_3045.jpg,label_3045.png,True,False,False,60.9,0.0,39.1,60.47,0.0,39.53
image_3046.jpg,label_3046.png,False,True,False,33.48,0.0,66.52,35.05,0.0,64.95
image_3047.jpg,label_3047.png,True,False,False,56.33,0.0,43.67,56.89,0.0,43.11
image_3048.jpg,label_3048.png,True,False,False,52.89,0.03,47.09,53.42,0.02,46.56
image_3049.jpg,label_3049.png,False,False,True,33.4,0.21,66.39,34.76,0.16,65.08
image_3050.jpg,label_3050.png,True,False,False,39.67,21.84,38.49,39.73,20.51,39.76
image_3051.jpg,label_3051.png,True,False,False,0.0,0.03,99.97,0.0,0.0,100.0
image_3052.jpg,label_3052.png,False,True,False,1.57,0.02,98.41,1.12,0.0,98.88
image_3053.jpg,label_3053.png,False,True,False,34.71,0.28,65.0,35.7,0.26,64.05
image_3054.jpg,label_3054.png,True,False,False,73.16,0.0,26.84,72.67,0.0,27.33
image_3055.jpg,label_3055.png,False,True,False,38.37,0.0,61.63,38.17,0.0,61.83
image_3056.jpg,label_3056.png,True,False,False,48.15,0.04,51.81,49.08,0.04,50.88
image_3057.jpg,label_3057.png,True,False,False,64.59,14.48,20.93,61.72,14.64,23.64
image_3058.jpg,label_3058.png,True,False,False,52.19,0.14,47.67,53.35,0.15,46.5
image_3059.jpg,label_3059.png,True,False,False,36.9,0.04,63.06,37.65,0.06,62.29
image_3060.jpg,label_3060.png,True,False,False,30.38,1.61,68.0,28.53,1.49,69.99
image_3061.jpg,label_3061.png,True,False,False,8.55,39.67,51.78,9.66,39.68,50.66
image_3062.jpg,label_3062.png,True,False,False,54.79,35.97,9.24,56.21,37.54,6.25
image_3063.jpg,label_3063.png,True,False,False,40.76,0.15,59.09,40.87,0.1,59.04
image_3064.jpg,label_3064.png,True,False,False,99.83,0.0,0.17,99.77,0.0,0.23
image_3065.jpg,label_3065.png,False,True,False,36.07,0.02,63.91,33.68,0.01,66.31
image_3066.jpg,label_3066.png,False,False,True,72.81,0.0,27.19,72.46,0.0,27.54
image_3067.jpg,label_3067.png,False,True,False,15.88,12.54,71.58,16.46,11.91,71.63
image_3068.jpg,label_3068.png,True,False,False,75.68,0.0,24.32,78.29,0.0,21.71
image_3069.jpg,label_3069.png,True,False,False,91.39,0.68,7.93,89.32,0.52,10.16
image_3070.jpg,label_3070.png,True,False,False,6.58,4.41,89.01,7.0,4.32,88.68
image_3071.jpg,label_3071.png,True,False,False,88.34,0.0,11.66,88.99,0.0,11.01
image_3072.jpg,label_3072.png,True,False,False,14.88,0.0,85.12,15.0,0.02,84.98
image_3073.jpg,label_3073.png,True,False,False,0.71,1.1,98.19,0.24,1.17,98.58
image_3074.jpg,label_3074.png,True,False,False,81.19,9.75,9.06,80.55,11.27,8.18
image_3075.jpg,label_3075.png,True,False,False,68.35,0.17,31.48,67.93,0.18,31.89
image_3076.jpg,label_3076.png,True,False,False,23.21,0.0,76.79,22.99,0.0,77.0
image_3077.jpg,label_3077.png,True,False,False,40.57,34.96,24.47,40.41,37.13,22.46
image_3078.jpg,label_3078.png,True,False,False,92.06,0.0,7.94,91.4,0.0,8.6
image_3079.jpg,label_3079.png,False,True,False,84.47,0.21,15.32,83.6,0.13,16.27
image_3080.jpg,label_3080.png,True,False,False,15.72,0.01,84.26,15.0,0.0,84.99
image_3081.jpg,label_3081.png,True,False,False,61.57,0.0,38.43,61.41,0.0,38.59
image_3082.jpg,label_3082.png,False,False,True,40.44,2.66,56.89,37.66,2.7,59.64
image_3083.jpg,label_3083.png,True,False,False,48.04,1.29,50.67,48.74,1.03,50.23
image_3084.jpg,label_3084.png,True,False,False,45.41,0.0,54.59,45.68,0.0,54.32
image_3085.jpg,label_3085.png,False,True,False,49.31,0.01,50.67,49.68,0.01,50.3
image_3086.jpg,label_3086.png,True,False,False,18.24,0.0,81.76,17.01,0.0,82.99
image_3087.jpg,label_3087.png,True,False,False,49.85,0.0,50.15,50.37,0.0,49.63
image_3088.jpg,label_3088.png,False,False,True,79.64,0.01,20.35,80.21,0.02,19.77
image_3089.jpg,label_3089.png,True,False,False,9.73,0.0,90.27,10.79,0.0,89.2
image_3090.jpg,label_3090.png,True,False,False,43.76,0.18,56.06,43.28,0.14,56.58
image_3091.jpg,label_3091.png,True,False,False,0.1,0.29,99.61,0.77,0.24,98.99
image_3092.jpg,label_3092.png,True,False,False,86.37,0.0,13.63,85.48,0.0,14.52
image_3093.jpg,label_3093.png,False,True,False,89.97,1.38,8.65,85.93,1.1,12.97
image_3094.jpg,label_3094.png,True,False,False,95.16,0.0,4.84,95.41,0.0,4.59
image_3095.jpg,label_3095.png,False,True,False,49.96,0.0,50.04,50.0,0.0,50.0
image_3096.jpg,label_3096.png,True,False,False,0.0,0.0,100.0,0.0,0.0,100.0
image_3097.jpg,label_3097.png,True,False,False,99.98,0.0,0.02,99.97,0.0,0.03
image_3098.jpg,label_3098.png,True,False,False,32.65,0.34,67.01,33.67,0.29,66.04
image_3099.jpg,label_3099.png,True,False,False,49.12,0.0,50.88,49.39,0.0,50.61
image_3100.jpg,label_3100.png,True,False,False,56.9,2.07,41.03,57.03,1.7,41.27
image_3101.jpg,label_3101.png,True,False,False,64.05,4.14,31.81,63.24,3.83,32.93
image_3102.jpg,label_3102.png,False,True,False,0.32,0.28,99.41,0.04,0.16,99.8
image_3103.jpg,label_3103.png,True,False,False,67.44,5.26,27.3,67.21,5.32,27.48
image_3104.jpg,label_3104.png,True,False,False,35.99,14.49,49.52,33.99,14.56,51.44
image_3105.jpg,label_3105.png,True,False,False,52.79,0.09,47.12,52.95,0.07,46.98
image_3106.jpg,label_3106.png,False,True,False,65.52,0.01,34.46,64.81,0.01,35.18
image_3107.jpg,label_3107.png,True,False,False,1.1,0.0,98.89,0.0,0.0,100.0
image_3108.jpg,label_3108.png,True,False,False,5.4,0.35,94.25,5.72,0.3,93.99
image_3109.jpg,label_3109.png,True,False,False,43.37,49.37,7.26,43.42,49.53,7.04
image_3110.jpg,label_3110.png,True,False,False,15.96,1.66,82.38,13.27,1.19,85.54
image_3111.jpg,label_3111.png,True,False,False,66.5,0.02,33.48,66.77,0.01,33.21
image_3112.jpg,label_3112.png,True,False,False,50.13,1.02,48.86,50.17,1.12,48.71
image_3113.jpg,label_3113.png,False,False,True,43.69,0.04,56.27,44.55,0.21,55.24
image_3114.jpg,label_3114.png,True,False,False,32.76,0.31,66.93,33.46,0.3,66.24
image_3115.jpg,label_3115.png,False,False,True,72.09,0.0,27.91,73.14,0.0,26.86
image_3116.jpg,label_3116.png,True,False,False,35.13,0.99,63.88,37.45,0.85,61.7
image_3117.jpg,label_3117.png,True,False,False,8.88,25.58,65.54,7.94,27.27,64.8
image_3118.jpg,label_3118.png,False,True,False,1.46,49.33,49.21,0.77,50.73,48.5
image_3119.jpg,label_3119.png,False,False,True,79.17,12.06,8.77,79.08,11.75,9.18
image_3120.jpg,label_3120.png,True,False,False,14.59,0.0,85.41,12.76,0.0,87.24
image_3121.jpg,label_3121.png,True,False,False,83.18,0.0,16.82,83.19,0.0,16.81
image_3122.jpg,label_3122.png,True,False,False,53.17,0.26,46.57,52.2,0.19,47.61
image_3123.jpg,label_3123.png,True,False,False,19.98,8.09,71.93,20.6,8.16,71.24
image_3124.jpg,label_3124.png,True,False,False,56.36,33.99,9.65,56.15,34.02,9.83
image_3125.jpg,label_3125.png,True,False,False,0.0,0.03,99.97,0.94,0.02,99.04
image_3126.jpg,label_3126.png,True,False,False,0.0,0.07,99.93,0.0,0.32,99.68
image_3127.jpg,label_3127.png,True,False,False,15.03,0.0,84.97,14.9,0.0,85.1
image_3128.jpg,label_3128.png,True,False,False,59.34,0.44,40.23,59.76,0.46,39.77
image_3129.jpg,label_3129.png,True,False,False,94.05,0.0,5.95,93.69,0.0,6.31
image_3130.jpg,label_3130.png,True,False,False,63.51,2.25,34.24,62.81,2.08,35.12
image_3131.jpg,label_3131.png,True,False,False,89.89,6.94,3.17,90.01,6.8,3.19
image_3132.jpg,label_3132.png,True,False,False,59.01,14.46,26.53,58.69,14.71,26.6
image_3133.jpg,label_3133.png,False,False,True,0.99,46.25,52.76,0.86,49.62,49.52
image_3134.jpg,label_3134.png,True,False,False,60.37,15.54,24.1,61.44,15.65,22.91
image_3135.jpg,label_3135.png,True,False,False,61.4,0.0,38.6,57.65,0.0,42.35
image_3136.jpg,label_3136.png,True,False,False,52.65,5.15,42.2,53.89,5.35,40.76
image_3137.jpg,label_3137.png,False,True,False,99.58,0.0,0.42,99.6,0.0,0.4
image_3138.jpg,label_3138.png,True,False,False,9.95,3.6,86.45,8.9,3.17,87.93
image_3139.jpg,label_3139.png,True,False,False,99.9,0.0,0.1,99.82,0.0,0.18
image_3140.jpg,label_3140.png,False,False,True,50.55,17.45,32.0,48.44,17.36,34.2
image_3141.jpg,label_3141.png,True,False,False,51.79,0.25,47.96,51.42,0.15,48.42
image_3142.jpg,label_3142.png,True,False,False,17.74,0.0,82.26,16.77,0.0,83.23
image_3143.jpg,label_3143.png,False,False,True,30.01,9.28,60.71,32.06,9.5,58.44
image_3144.jpg,label_3144.png,True,False,False,64.96,2.92,32.12,64.93,3.15,31.92
image_3145.jpg,label_3145.png,True,False,False,86.41,0.0,13.59,86.04,0.0,13.96
image_3146.jpg,label_3146.png,True,False,False,80.5,0.01,19.49,80.82,0.01,19.17
image_3147.jpg,label_3147.png,True,False,False,0.0,0.0,100.0,0.25,0.0,99.75
image_3148.jpg,label_3148.png,True,False,False,1.21,0.0,98.79,0.7,0.0,99.3
image_3149.jpg,label_3149.png,True,False,False,51.7,0.02,48.27,51.57,0.02,48.41
image_3150.jpg,label_3150.png,True,False,False,44.64,0.0,55.36,44.6,0.0,55.4
image_3151.jpg,label_3151.png,True,False,False,5.22,0.01,94.77,4.07,0.01,95.92
image_3152.jpg,label_3152.png,True,False,False,49.62,0.0,50.38,49.72,0.0,50.28
image_3153.jpg,label_3153.png,True,False,False,40.24,7.03,52.73,40.48,6.49,53.03
image_3154.jpg,label_3154.png,True,False,False,30.0,12.66,57.34,25.31,12.61,62.08
image_3155.jpg,label_3155.png,True,False,False,15.04,2.74,82.22,15.87,2.3,81.83
image_3156.jpg,label_3156.png,True,False,False,87.08,0.0,12.92,86.5,0.0,13.5
image_3157.jpg,label_3157.png,False,True,False,63.51,0.0,36.49,63.6,0.0,36.4
image_3158.jpg,label_3158.png,True,False,False,49.83,0.0,50.17,49.98,0.0,50.02
image_3159.jpg,label_3159.png,True,False,False,22.39,0.0,77.61,20.26,0.0,79.74
image_3160.jpg,label_3160.png,True,False,False,46.66,0.04,53.3,46.92,0.0,53.08
image_3161.jpg,label_3161.png,True,False,False,0.46,0.0,99.54,0.67,0.0,99.33
image_3162.jpg,label_3162.png,True,False,False,48.18,33.89,17.93,47.2,34.33,18.46
image_3163.jpg,label_3163.png,False,True,False,61.34,0.0,38.66,58.87,0.0,41.13
image_3164.jpg,label_3164.png,True,False,False,83.64,0.0,16.36,83.98,0.0,16.02
image_3165.jpg,label_3165.png,True,False,False,50.36,0.0,49.64,50.34,0.0,49.66
image_3166.jpg,label_3166.png,True,False,False,79.5,0.0,20.5,77.23,0.0,22.77
image_3167.jpg,label_3167.png,True,False,False,15.99,0.0,84.01,16.09,0.0,83.91
image_3168.jpg,label_3168.png,True,False,False,32.65,1.01,66.34,32.41,0.96,66.63
image_3169.jpg,label_3169.png,True,False,False,81.21,0.0,18.79,81.56,0.0,18.44
image_3170.jpg,label_3170.png,True,False,False,82.91,0.0,17.09,82.58,0.0,17.42
image_3171.jpg,label_3171.png,True,False,False,47.59,7.3,45.11,47.82,7.19,44.99
image_3172.jpg,label_3172.png,True,False,False,34.41,0.24,65.35,34.88,0.23,64.88
image_3173.jpg,label_3173.png,True,False,False,1.11,0.0,98.89,1.04,0.0,98.96
image_3174.jpg,label_3174.png,True,False,False,35.61,0.21,64.18,35.18,0.21,64.62
image_3175.jpg,label_3175.png,False,False,True,41.79,8.46,49.76,43.56,8.0,48.44
image_3176.jpg,label_3176.png,True,False,False,3.91,0.22,95.87,3.92,0.21,95.88
image_3177.jpg,label_3177.png,True,False,False,36.7,0.05,63.25,36.52,0.05,63.43
image_3178.jpg,label_3178.png,True,False,False,52.35,0.0,47.65,52.21,0.0,47.79
image_3179.jpg,label_3179.png,True,False,False,50.76,33.27,15.97,49.41,34.04,16.55
image_3180.jpg,label_3180.png,True,False,False,50.12,7.17,42.72,50.08,6.66,43.26
image_3181.jpg,label_3181.png,True,False,False,68.89,0.0,31.11,68.79,0.0,31.21
image_3182.jpg,label_3182.png,True,False,False,11.36,0.09,88.55,14.0,0.1,85.9
image_3183.jpg,label_3183.png,False,False,True,9.6,8.37,82.02,8.22,7.23,84.55
image_3184.jpg,label_3184.png,True,False,False,44.99,0.06,54.94,46.06,0.12,53.82
image_3185.jpg,label_3185.png,True,False,False,45.56,0.0,54.44,45.93,0.0,54.07
image_3186.jpg,label_3186.png,True,False,False,17.4,51.12,31.48,17.84,51.2,30.96
image_3187.jpg,label_3187.png,True,False,False,11.49,2.7,85.82,11.97,2.56,85.47
image_3188.jpg,label_3188.png,False,True,False,68.61,2.75,28.65,67.39,2.5,30.12
image_3189.jpg,label_3189.png,False,True,False,5.74,1.41,92.85,6.83,1.31,91.86
image_3190.jpg,label_3190.png,True,False,False,5.5,2.38,92.13,4.68,1.98,93.34
image_3191.jpg,label_3191.png,True,False,False,85.52,0.05,14.43,88.81,0.09,11.1
image_3192.jpg,label_3192.png,True,False,False,34.82,15.74,49.44,36.47,15.67,47.86
image_3193.jpg,label_3193.png,False,True,False,89.25,0.03,10.72,87.16,0.0,12.84
image_3194.jpg,label_3194.png,True,False,False,39.5,1.04,59.46,40.09,0.87,59.04
image_3195.jpg,label_3195.png,True,False,False,33.86,49.68,16.46,31.78,49.75,18.47
image_3196.jpg,label_3196.png,False,True,False,49.76,0.0,50.24,49.75,0.0,50.25
image_3197.jpg,label_3197.png,True,False,False,16.24,0.0,83.76,15.46,0.0,84.54
image_3198.jpg,label_3198.png,False,False,True,15.04,0.0,84.96,17.12,0.0,82.88
image_3199.jpg,label_3199.png,True,False,False,71.56,0.0,28.44,71.82,0.0,28.18
image_3200.jpg,label_3200.png,True,False,False,50.0,0.0,50.0,49.84,0.0,50.16
image_3201.jpg,label_3201.png,True,False,False,0.0,1.83,98.17,0.59,1.38,98.02
image_3202.jpg,label_3202.png,True,False,False,0.0,2.97,97.03,0.14,2.58,97.29
image_3203.jpg,label_3203.png,False,False,True,0.0,0.16,99.84,0.04,0.02,99.94
image_3204.jpg,label_3204.png,False,True,False,0.0,3.53,96.47,0.1,3.08,96.82
image_3205.jpg,label_3205.png,True,False,False,0.0,1.81,98.19,0.83,2.27,96.9
image_3206.jpg,label_3206.png,True,False,False,0.0,1.16,98.84,1.4,2.76,95.84
image_3207.jpg,label_3207.png,False,True,False,0.0,7.41,92.59,0.18,18.41,81.41
image_3208.jpg,label_3208.png,False,True,False,0.0,5.61,94.39,0.16,7.76,92.07
image_3209.jpg,label_3209.png,True,False,False,0.0,4.4,95.6,0.35,7.96,91.69
image_3210.jpg,label_3210.png,False,False,True,0.0,15.07,84.93,0.11,22.5,77.39
image_3211.jpg,label_3211.png,True,False,False,0.0,21.02,78.98,0.35,29.67,69.98
image_3212.jpg,label_3212.png,True,False,False,0.0,10.63,89.37,0.16,13.92,85.92
image_3213.jpg,label_3213.png,False,False,True,0.0,0.85,99.15,0.17,0.85,98.98
image_3214.jpg,label_3214.png,False,False,True,0.0,1.44,98.56,0.34,1.71,97.94
image_3215.jpg,label_3215.png,True,False,False,0.0,0.81,99.19,0.1,0.78,99.12
image_3216.jpg,label_3216.png,False,False,True,0.0,0.95,99.05,0.09,0.53,99.39
image_3217.jpg,label_3217.png,True,False,False,0.0,4.0,96.0,0.03,4.12,95.85
image_3218.jpg,label_3218.png,True,False,False,0.0,0.55,99.45,0.16,2.95,96.89
image_3219.jpg,label_3219.png,False,True,False,0.0,0.7,99.3,0.62,1.12,98.27
image_3220.jpg,label_3220.png,True,False,False,0.0,0.52,99.48,0.16,0.73,99.11
image_3221.jpg,label_3221.png,True,False,False,22.48,0.0,77.52,22.06,0.0,77.94
image_3222.jpg,label_3222.png,False,False,True,21.79,0.0,78.21,19.85,0.0,80.15
image_3223.jpg,label_3223.png,True,False,False,14.42,0.0,85.58,13.05,0.0,86.95
image_3224.jpg,label_3224.png,True,False,False,34.22,0.0,65.78,34.26,0.0,65.74
image_3225.jpg,label_3225.png,True,False,False,39.95,0.0,60.05,41.75,0.0,58.25
image_3226.jpg,label_3226.png,True,False,False,21.69,0.0,78.31,23.5,0.0,76.5
image_3227.jpg,label_3227.png,True,False,False,61.06,0.0,38.94,61.11,0.0,38.89
image_3228.jpg,label_3228.png,True,False,False,47.66,0.0,52.34,47.03,0.0,52.97
image_3229.jpg,label_3229.png,True,False,False,76.0,0.0,24.0,76.08,0.0,23.92
image_3230.jpg,label_3230.png,True,False,False,47.19,0.0,52.81,48.12,0.0,51.88
image_3231.jpg,label_3231.png,True,False,False,45.88,0.0,54.12,46.41,0.0,53.59
image_3232.jpg,label_3232.png,False,True,False,88.68,0.0,11.32,89.41,0.0,10.59
image_3233.jpg,label_3233.png,False,True,False,84.77,0.0,15.23,85.44,0.0,14.56
image_3234.jpg,label_3234.png,True,False,False,82.25,0.0,17.75,82.9,0.0,17.1
image_3235.jpg,label_3235.png,True,False,False,85.04,0.0,14.96,85.17,0.0,14.83
image_3236.jpg,label_3236.png,True,False,False,74.5,0.0,25.5,75.14,0.0,24.86
image_3237.jpg,label_3237.png,True,False,False,45.01,0.0,54.99,46.59,0.0,53.41
image_3238.jpg,label_3238.png,True,False,False,80.2,0.0,19.8,80.88,0.0,19.12
image_3239.jpg,label_3239.png,True,False,False,82.27,0.0,17.73,82.35,0.0,17.65
image_3240.jpg,label_3240.png,True,False,False,63.06,0.0,36.94,64.41,0.0,35.59
image_3241.jpg,label_3241.png,True,False,False,53.73,0.0,46.27,54.07,0.0,45.93
image_3242.jpg,label_3242.png,True,False,False,83.19,0.0,16.81,83.7,0.0,16.3
image_3243.jpg,label_3243.png,True,False,False,41.71,0.0,58.29,41.7,0.0,58.3
image_3244.jpg,label_3244.png,True,False,False,39.29,0.0,60.71,40.13,0.0,59.87
image_3245.jpg,label_3245.png,False,False,True,9.39,3.76,86.85,13.33,3.43,83.24
image_3246.jpg,label_3246.png,True,False,False,28.89,0.0,71.11,29.93,0.0,70.07
image_3247.jpg,label_3247.png,False,False,True,20.07,0.0,79.93,20.22,0.0,79.78
image_3248.jpg,label_3248.png,False,False,True,4.29,0.0,95.71,3.83,0.0,96.17
image_3249.jpg,label_3249.png,True,False,False,10.96,0.0,89.04,11.75,0.0,88.25
image_3250.jpg,label_3250.png,True,False,False,25.43,0.0,74.57,25.95,0.0,74.05
image_3251.jpg,label_3251.png,True,False,False,25.56,0.0,74.44,26.74,0.0,73.26
image_3252.jpg,label_3252.png,True,False,False,16.86,0.0,83.14,17.83,0.0,82.17
image_3253.jpg,label_3253.png,False,False,True,45.49,0.0,54.51,48.99,0.0,51.01
image_3254.jpg,label_3254.png,True,False,False,24.81,0.0,75.19,28.46,0.0,71.54
image_3255.jpg,label_3255.png,True,False,False,54.13,0.0,45.87,55.3,0.0,44.7
image_3256.jpg,label_3256.png,True,False,False,43.09,0.0,56.91,42.8,0.0,57.2
image_3257.jpg,label_3257.png,True,False,False,7.35,0.0,92.65,7.69,0.0,92.31
image_3258.jpg,label_3258.png,False,True,False,61.75,0.0,38.25,61.2,0.0,38.8
image_3259.jpg,label_3259.png,True,False,False,65.95,0.0,34.05,67.78,0.0,32.22
image_3260.jpg,label_3260.png,False,True,False,75.97,0.0,24.03,78.15,0.0,21.85
image_3261.jpg,label_3261.png,True,False,False,85.26,0.0,14.74,86.06,0.0,13.94
image_3262.jpg,label_3262.png,True,False,False,96.28,0.0,3.72,96.49,0.0,3.51
image_3263.jpg,label_3263.png,True,False,False,10.92,0.0,89.08,10.4,0.0,89.6
image_3264.jpg,label_3264.png,True,False,False,12.16,0.0,87.84,12.49,0.0,87.51
image_3265.jpg,label_3265.png,True,False,False,0.9,0.0,99.1,1.33,0.0,98.67
image_3266.jpg,label_3266.png,True,False,False,72.45,0.0,27.55,73.68,0.0,26.32
image_3267.jpg,label_3267.png,True,False,False,91.91,0.0,8.09,91.96,0.0,8.04
image_3268.jpg,label_3268.png,True,False,False,53.55,0.0,46.45,54.02,0.0,45.98
image_3269.jpg,label_3269.png,True,False,False,72.45,0.0,27.55,73.16,0.0,26.84
image_3270.jpg,label_3270.png,True,False,False,75.65,0.0,24.35,76.02,0.0,23.98
image_3271.jpg,label_3271.png,False,True,False,75.62,0.0,24.38,75.77,0.0,24.23
image_3272.jpg,label_3272.png,True,False,False,68.26,0.0,31.74,68.09,0.0,31.91
image_3273.jpg,label_3273.png,True,False,False,70.25,0.0,29.75,70.63,0.0,29.37
image_3274.jpg,label_3274.png,True,False,False,57.92,0.0,42.08,58.1,0.0,41.9
image_3275.jpg,label_3275.png,True,False,False,78.42,0.0,21.58,79.59,0.0,20.41
image_3276.jpg,label_3276.png,False,False,True,32.18,0.0,67.82,31.96,0.0,68.04
image_3277.jpg,label_3277.png,True,False,False,43.82,26.09,30.09,45.06,25.4,29.54
image_3278.jpg,label_3278.png,True,False,False,34.93,0.0,65.07,35.2,0.0,64.8
image_3279.jpg,label_3279.png,True,False,False,39.02,0.01,60.98,38.87,0.01,61.12
image_3280.jpg,label_3280.png,False,False,True,77.96,0.0,22.04,78.52,0.0,21.48
image_3281.jpg,label_3281.png,True,False,False,82.11,0.0,17.89,82.6,0.0,17.4
image_3282.jpg,label_3282.png,False,True,False,77.95,0.07,21.97,79.72,0.07,20.21
image_3283.jpg,label_3283.png,True,False,False,29.64,0.0,70.36,27.49,0.0,72.51
image_3284.jpg,label_3284.png,True,False,False,46.95,0.0,53.05,45.79,0.0,54.21
image_3285.jpg,label_3285.png,True,False,False,44.19,0.0,55.81,43.2,0.0,56.8
image_3286.jpg,label_3286.png,True,False,False,50.59,0.0,49.41,50.75,0.0,49.25
image_3287.jpg,label_3287.png,True,False,False,19.89,0.0,80.11,19.13,0.0,80.87
image_3288.jpg,label_3288.png,True,False,False,19.86,0.0,80.14,19.61,0.0,80.39
image_3289.jpg,label_3289.png,False,True,False,18.58,0.0,81.42,17.89,0.0,82.11
image_3290.jpg,label_3290.png,True,False,False,44.13,0.0,55.87,45.1,0.0,54.9
image_3291.jpg,label_3291.png,False,True,False,31.13,0.0,68.87,31.74,0.0,68.26
image_3292.jpg,label_3292.png,True,False,False,8.11,0.0,91.89,8.15,0.0,91.85
image_3293.jpg,label_3293.png,True,False,False,18.92,74.24,6.84,18.82,75.49,5.7
image_3294.jpg,label_3294.png,True,False,False,79.93,0.0,20.07,80.24,0.0,19.76
image_3295.jpg,label_3295.png,True,False,False,68.0,0.0,32.0,67.96,0.0,32.04
image_3296.jpg,label_3296.png,True,False,False,78.6,0.0,21.4,79.25,0.0,20.75
image_3297.jpg,label_3297.png,True,False,False,79.94,0.0,20.06,82.68,0.0,17.32
image_3298.jpg,label_3298.png,True,False,False,68.83,0.0,31.17,69.01,0.0,30.99
image_3299.jpg,label_3299.png,True,False,False,70.53,0.0,29.47,71.29,0.0,28.71
image_3300.jpg,label_3300.png,True,False,False,65.29,0.0,34.71,65.1,0.0,34.9
image_3301.jpg,label_3301.png,True,False,False,63.98,0.0,36.02,64.38,0.0,35.62
image_3302.jpg,label_3302.png,True,False,False,85.98,0.0,14.02,87.5,0.0,12.5
image_3303.jpg,label_3303.png,True,False,False,81.55,0.0,18.45,82.2,0.0,17.8
image_3304.jpg,label_3304.png,True,False,False,82.53,0.0,17.47,83.24,0.0,16.76
image_3305.jpg,label_3305.png,True,False,False,66.38,0.0,33.62,66.82,0.0,33.18
image_3306.jpg,label_3306.png,True,False,False,70.52,0.0,29.48,70.13,0.0,29.87
image_3307.jpg,label_3307.png,True,False,False,73.9,0.0,26.1,73.92,0.0,26.08
image_3308.jpg,label_3308.png,True,False,False,61.19,15.63,23.18,60.48,15.18,24.34
image_3309.jpg,label_3309.png,True,False,False,95.16,0.0,4.84,95.45,0.0,4.55
image_3310.jpg,label_3310.png,True,False,False,96.35,0.0,3.65,96.55,0.0,3.45
image_3311.jpg,label_3311.png,True,False,False,93.85,0.0,6.15,94.36,0.0,5.64
image_3312.jpg,label_3312.png,True,False,False,94.26,0.0,5.74,94.83,0.0,5.17
image_3313.jpg,label_3313.png,True,False,False,98.28,0.0,1.72,98.28,0.0,1.72
image_3314.jpg,label_3314.png,False,False,True,16.85,8.09,75.06,16.31,7.37,76.32
image_3315.jpg,label_3315.png,False,False,True,1.67,7.0,91.33,1.42,5.86,92.72
image_3316.jpg,label_3316.png,True,False,False,7.14,6.28,86.58,6.97,5.28,87.76
image_3317.jpg,label_3317.png,True,False,False,4.68,2.78,92.54,4.01,2.53,93.46
image_3318.jpg,label_3318.png,True,False,False,19.5,9.29,71.2,19.69,8.62,71.69
image_3319.jpg,label_3319.png,False,True,False,35.1,0.0,64.9,35.7,0.0,64.3
image_3320.jpg,label_3320.png,True,False,False,76.65,0.0,23.35,77.34,0.0,22.66
image_3321.jpg,label_3321.png,True,False,False,48.75,0.0,51.25,50.65,0.0,49.35
image_3322.jpg,label_3322.png,True,False,False,75.88,0.0,24.12,76.25,0.0,23.75
image_3323.jpg,label_3323.png,True,False,False,84.19,0.0,15.81,84.52,0.0,15.48
image_3324.jpg,label_3324.png,True,False,False,86.81,0.0,13.19,87.11,0.0,12.89
image_3325.jpg,label_3325.png,True,False,False,82.44,0.0,17.56,82.59,0.0,17.41
image_3326.jpg,label_3326.png,True,False,False,64.74,0.0,35.26,64.99,0.0,35.01
image_3327.jpg,label_3327.png,True,False,False,47.48,0.01,52.52,48.86,0.01,51.13
image_3328.jpg,label_3328.png,False,True,False,54.51,0.0,45.49,54.66,0.0,45.34
image_3329.jpg,label_3329.png,True,False,False,33.05,0.01,66.95,35.69,0.01,64.3
image_3330.jpg,label_3330.png,True,False,False,54.11,0.01,45.88,54.34,0.02,45.63
image_3331.jpg,label_3331.png,False,True,False,43.89,0.0,56.11,44.33,0.0,55.67
image_3332.jpg,label_3332.png,True,False,False,69.19,0.0,30.81,69.83,0.0,30.17
image_3333.jpg,label_3333.png,True,False,False,78.4,0.0,21.6,78.7,0.0,21.3
image_3334.jpg,label_3334.png,True,False,False,87.6,0.0,12.4,87.52,0.0,12.48
image_3335.jpg,label_3335.png,True,False,False,80.65,0.0,19.35,80.8,0.0,19.2
image_3336.jpg,label_3336.png,True,False,False,13.75,0.0,86.25,15.2,0.0,84.8
image_3337.jpg,label_3337.png,True,False,False,82.36,0.0,17.64,82.33,0.0,17.67
image_3338.jpg,label_3338.png,False,True,False,61.71,0.0,38.29,60.95,0.0,39.05
image_3339.jpg,label_3339.png,True,False,False,86.32,0.0,13.68,87.42,0.0,12.58
image_3340.jpg,label_3340.png,True,False,False,75.8,0.0,24.2,75.92,0.0,24.08
image_3341.jpg,label_3341.png,True,False,False,91.56,0.01,8.43,92.3,0.01,7.69
image_3342.jpg,label_3342.png,True,False,False,55.62,0.0,44.38,55.09,0.0,44.91
image_3343.jpg,label_3343.png,True,False,False,79.6,0.0,20.4,79.32,0.0,20.68
image_3344.jpg,label_3344.png,True,False,False,90.85,0.19,8.97,90.94,0.18,8.88
image_3345.jpg,label_3345.png,False,True,False,85.6,0.0,14.4,85.58,0.0,14.42
image_3346.jpg,label_3346.png,True,False,False,87.65,0.0,12.35,87.94,0.0,12.06
image_3347.jpg,label_3347.png,True,False,False,94.57,0.0,5.43,94.68,0.0,5.32
image_3348.jpg,label_3348.png,False,False,True,41.7,0.0,58.3,40.41,0.0,59.59
image_3349.jpg,label_3349.png,True,False,False,5.46,0.0,94.54,8.44,0.0,91.56
image_3350.jpg,label_3350.png,True,False,False,6.74,0.0,93.26,12.41,0.0,87.59
image_3351.jpg,label_3351.png,True,False,False,67.08,0.0,32.92,67.22,0.0,32.78
image_3352.jpg,label_3352.png,True,False,False,87.93,0.0,12.07,87.6,0.0,12.4
image_3353.jpg,label_3353.png,True,False,False,86.38,0.0,13.62,86.46,0.0,13.54
image_3354.jpg,label_3354.png,False,True,False,90.04,0.0,9.96,90.27,0.0,9.73
image_3355.jpg,label_3355.png,False,False,True,77.27,0.02,22.71,76.64,0.02,23.34
image_3356.jpg,label_3356.png,True,False,False,73.15,0.0,26.85,72.37,0.0,27.63
image_3357.jpg,label_3357.png,True,False,False,90.42,0.0,9.58,90.88,0.0,9.12
image_3358.jpg,label_3358.png,False,True,False,88.44,0.0,11.56,89.01,0.0,10.99
image_3359.jpg,label_3359.png,True,False,False,95.5,0.0,4.5,95.63,0.0,4.37
image_3360.jpg,label_3360.png,False,False,True,93.73,0.0,6.27,93.84,0.0,6.16
image_3361.jpg,label_3361.png,False,False,True,68.03,0.0,31.97,67.69,0.0,32.31
image_3362.jpg,label_3362.png,False,False,True,67.6,0.0,32.4,68.33,0.0,31.67
image_3363.jpg,label_3363.png,True,False,False,16.41,0.0,83.59,20.84,0.0,79.16
image_3364.jpg,label_3364.png,True,False,False,28.49,0.0,71.51,30.19,0.0,69.81
image_3365.jpg,label_3365.png,True,False,False,90.01,0.0,9.99,90.3,0.0,9.7
image_3366.jpg,label_3366.png,False,False,True,94.48,0.0,5.52,94.79,0.0,5.21
image_3367.jpg,label_3367.png,True,False,False,81.45,0.0,18.55,82.44,0.0,17.56
image_3368.jpg,label_3368.png,False,True,False,75.76,0.0,24.24,76.93,0.0,23.07
image_3369.jpg,label_3369.png,False,False,True,78.15,0.0,21.85,78.87,0.0,21.13
image_3370.jpg,label_3370.png,True,False,False,89.79,0.0,10.21,90.25,0.0,9.75
image_3371.jpg,label_3371.png,True,False,False,68.26,0.0,31.74,67.9,0.0,32.1
image_3372.jpg,label_3372.png,True,False,False,24.56,0.0,75.44,26.54,0.0,73.46
image_3373.jpg,label_3373.png,True,False,False,45.55,0.0,54.45,46.34,0.0,53.66
image_3374.jpg,label_3374.png,True,False,False,86.57,0.01,13.43,87.01,0.01,12.98
image_3375.jpg,label_3375.png,True,False,False,64.84,0.0,35.16,64.01,0.0,35.99
image_3376.jpg,label_3376.png,True,False,False,63.36,0.0,36.64,63.47,0.0,36.53
image_3377.jpg,label_3377.png,True,False,False,89.5,0.0,10.5,90.35,0.0,9.65
image_3378.jpg,label_3378.png,True,False,False,89.27,0.0,10.73,89.36,0.0,10.64
image_3379.jpg,label_3379.png,True,False,False,57.67,0.9,41.42,57.72,0.89,41.38
image_3380.jpg,label_3380.png,True,False,False,99.34,0.0,0.66,99.41,0.0,0.59
image_3381.jpg,label_3381.png,True,False,False,99.65,0.02,0.33,99.55,0.02,0.44
image_3382.jpg,label_3382.png,True,False,False,99.5,0.0,0.5,99.54,0.0,0.46
image_3383.jpg,label_3383.png,True,False,False,97.2,0.0,2.8,97.48,0.0,2.52
image_3384.jpg,label_3384.png,True,False,False,93.35,4.0,2.65,93.52,3.79,2.69
image_3385.jpg,label_3385.png,True,False,False,94.62,0.09,5.29,95.17,0.06,4.77
image_3386.jpg,label_3386.png,True,False,False,0.0,0.0,100.0,0.0,0.0,100.0
image_3387.jpg,label_3387.png,True,False,False,34.63,1.17,64.21,32.91,1.1,65.99
image_3388.jpg,label_3388.png,True,False,False,24.1,0.0,75.9,23.08,0.0,76.92
image_3389.jpg,label_3389.png,True,False,False,8.5,0.0,91.5,8.35,0.0,91.65
image_3390.jpg,label_3390.png,False,False,True,10.51,0.0,89.49,8.9,0.0,91.1
image_3391.jpg,label_3391.png,False,False,True,17.97,0.0,82.03,17.23,0.0,82.77
image_3392.jpg,label_3392.png,True,False,False,2.22,0.0,97.78,2.19,0.0,97.81
image_3393.jpg,label_3393.png,True,False,False,92.64,0.0,7.36,93.17,0.0,6.83
image_3394.jpg,label_3394.png,False,True,False,97.52,0.0,2.48,97.6,0.0,2.4
image_3395.jpg,label_3395.png,True,False,False,30.16,0.0,69.84,28.33,0.0,71.67
image_3396.jpg,label_3396.png,False,False,True,23.75,0.0,76.25,22.15,0.0,77.85
image_3397.jpg,label_3397.png,True,False,False,50.41,0.0,49.59,49.55,0.0,50.45
image_3398.jpg,label_3398.png,True,False,False,55.58,0.0,44.42,55.58,0.0,44.42
image_3399.jpg,label_3399.png,True,False,False,55.31,0.0,44.69,53.88,0.0,46.12
image_3400.jpg,label_3400.png,True,False,False,55.28,0.0,44.72,55.78,0.0,44.22
image_3401.jpg,label_3401.png,True,False,False,34.97,0.0,65.03,36.21,0.0,63.79
image_3402.jpg,label_3402.png,True,False,False,87.41,0.0,12.59,88.24,0.0,11.76
image_3403.jpg,label_3403.png,True,False,False,79.13,0.0,20.87,79.75,0.0,20.25
image_3404.jpg,label_3404.png,False,True,False,81.46,0.0,18.54,81.31,0.0,18.69
image_3405.jpg,label_3405.png,True,False,False,64.86,0.0,35.14,65.6,0.0,34.4
image_3406.jpg,label_3406.png,True,False,False,79.66,0.0,20.34,79.69,0.0,20.31
image_3407.jpg,label_3407.png,True,False,False,71.31,0.0,28.69,71.99,0.0,28.01
image_3408.jpg,label_3408.png,True,False,False,88.48,0.0,11.52,88.64,0.0,11.36
image_3409.jpg,label_3409.png,True,False,False,83.38,0.0,16.62,83.55,0.0,16.45
image_3410.jpg,label_3410.png,True,False,False,91.72,0.0,8.28,91.85,0.0,8.15
image_3411.jpg,label_3411.png,True,False,False,85.24,0.0,14.76,85.2,0.0,14.8
image_3412.jpg,label_3412.png,True,False,False,84.83,0.0,15.17,85.07,0.0,14.93
image_3413.jpg,label_3413.png,True,False,False,96.86,0.0,3.14,97.15,0.0,2.85
image_3414.jpg,label_3414.png,True,False,False,75.99,0.0,24.01,75.48,0.0,24.52
image_3415.jpg,label_3415.png,True,False,False,91.11,0.0,8.89,91.46,0.0,8.54
image_3416.jpg,label_3416.png,False,False,True,24.54,4.03,71.43,25.57,3.58,70.85
image_3417.jpg,label_3417.png,True,False,False,34.71,3.73,61.56,37.55,3.26,59.19
image_3418.jpg,label_3418.png,True,False,False,57.95,0.0,42.05,59.15,0.0,40.85
image_3419.jpg,label_3419.png,False,True,False,7.09,0.0,92.91,7.94,0.0,92.06
image_3420.jpg,label_3420.png,True,False,False,40.92,0.0,59.08,41.78,0.0,58.22
image_3421.jpg,label_3421.png,True,False,False,43.84,0.0,56.16,45.31,0.0,54.69
image_3422.jpg,label_3422.png,True,False,False,2.15,0.0,97.85,2.15,0.0,97.85
image_3423.jpg,label_3423.png,True,False,False,1.27,0.0,98.73,3.47,0.0,96.53
image_3424.jpg,label_3424.png,True,False,False,65.11,0.0,34.89,65.65,0.0,34.35
image_3425.jpg,label_3425.png,True,False,False,96.56,0.0,3.44,96.36,0.0,3.64
image_3426.jpg,label_3426.png,True,False,False,90.05,0.0,9.95,90.42,0.0,9.58
image_3427.jpg,label_3427.png,True,False,False,58.79,0.0,41.21,59.24,0.0,40.76
image_3428.jpg,label_3428.png,False,True,False,0.76,0.0,99.24,0.67,0.0,99.33
image_3429.jpg,label_3429.png,False,False,True,9.94,0.0,90.06,9.14,0.0,90.86
image_3430.jpg,label_3430.png,True,False,False,88.53,0.0,11.47,87.98,0.0,12.02
image_3431.jpg,label_3431.png,True,False,False,50.93,0.0,49.07,51.25,0.0,48.75
image_3432.jpg,label_3432.png,True,False,False,47.7,0.0,52.3,49.53,0.0,50.47
image_3433.jpg,label_3433.png,True,False,False,30.34,0.0,69.66,30.29,0.0,69.71
image_3434.jpg,label_3434.png,False,True,False,70.09,0.0,29.91,69.77,0.0,30.23
image_3435.jpg,label_3435.png,True,False,False,75.01,0.0,24.99,76.08,0.0,23.92
image_3436.jpg,label_3436.png,True,False,False,60.68,0.0,39.32,59.98,0.0,40.02
image_3437.jpg,label_3437.png,True,False,False,69.8,0.0,30.2,69.74,0.0,30.26
image_3438.jpg,label_3438.png,True,False,False,56.6,0.0,43.4,56.9,0.0,43.1
image_3439.jpg,label_3439.png,True,False,False,31.39,0.0,68.61,32.79,0.0,67.21
image_3440.jpg,label_3440.png,True,False,False,34.64,0.04,65.32,34.07,0.04,65.89
image_3441.jpg,label_3441.png,True,False,False,62.8,0.0,37.2,62.43,0.0,37.57
image_3442.jpg,label_3442.png,True,False,False,51.72,0.08,48.21,52.87,0.08,47.05
image_3443.jpg,label_3443.png,True,False,False,59.91,0.0,40.09,59.55,0.0,40.45
image_3444.jpg,label_3444.png,True,False,False,66.92,0.0,33.08,66.41,0.0,33.59
image_3445.jpg,label_3445.png,True,False,False,4.7,0.0,95.3,4.56,0.0,95.44
image_3446.jpg,label_3446.png,True,False,False,16.87,0.0,83.13,17.78,0.0,82.22
image_3447.jpg,label_3447.png,True,False,False,69.54,0.0,30.46,70.04,0.0,29.96
image_3448.jpg,label_3448.png,True,False,False,81.9,0.06,18.04,82.08,0.07,17.85
image_3449.jpg,label_3449.png,True,False,False,55.58,0.0,44.42,55.13,0.0,44.87
image_3450.jpg,label_3450.png,True,False,False,73.18,0.0,26.82,72.52,0.0,27.48
image_3451.jpg,label_3451.png,True,False,False,35.11,0.0,64.89,34.38,0.0,65.62
image_3452.jpg,label_3452.png,True,False,False,25.15,0.0,74.85,23.55,0.0,76.45
image_3453.jpg,label_3453.png,True,False,False,32.25,0.0,67.75,30.58,0.0,69.42
image_3454.jpg,label_3454.png,True,False,False,23.82,0.0,76.18,23.21,0.0,76.79
image_3455.jpg,label_3455.png,False,False,True,33.34,0.0,66.66,33.18,0.0,66.82
image_3456.jpg,label_3456.png,True,False,False,31.27,0.02,68.71,31.69,0.02,68.29
image_3457.jpg,label_3457.png,False,False,True,29.53,2.8,67.67,29.85,2.76,67.39
image_3458.jpg,label_3458.png,True,False,False,12.08,0.01,87.91,12.47,0.0,87.52
image_3459.jpg,label_3459.png,True,False,False,38.2,0.0,61.8,38.11,0.0,61.89
image_3460.jpg,label_3460.png,True,False,False,23.86,0.0,76.14,23.48,0.0,76.52
image_3461.jpg,label_3461.png,True,False,False,51.75,12.99,35.26,52.78,12.26,34.96
image_3462.jpg,label_3462.png,True,False,False,45.56,9.9,44.54,46.3,9.42,44.29
image_3463.jpg,label_3463.png,True,False,False,53.64,0.0,46.36,54.18,0.0,45.82
image_3464.jpg,label_3464.png,False,False,True,67.94,0.0,32.06,68.25,0.0,31.75
image_3465.jpg,label_3465.png,False,True,False,6.23,3.48,90.29,7.37,2.93,89.69
image_3466.jpg,label_3466.png,True,False,False,31.16,6.07,62.77,31.34,5.26,63.4
image_3467.jpg,label_3467.png,True,False,False,24.18,4.09,71.74,22.76,3.61,73.63
image_3468.jpg,label_3468.png,True,False,False,24.52,3.99,71.49,25.03,3.53,71.44
image_3469.jpg,label_3469.png,True,False,False,2.91,4.74,92.35,2.86,3.87,93.28
image_3470.jpg,label_3470.png,True,False,False,36.87,5.55,57.58,37.54,5.27,57.19
image_3471.jpg,label_3471.png,True,False,False,57.48,0.0,42.52,55.6,0.0,44.4
image_3472.jpg,label_3472.png,True,False,False,65.71,0.0,34.29,65.59,0.0,34.41
image_3473.jpg,label_3473.png,True,False,False,33.5,0.0,66.5,32.67,0.0,67.33
image_3474.jpg,label_3474.png,True,False,False,25.11,0.0,74.89,24.5,0.0,75.5
image_3475.jpg,label_3475.png,True,False,False,70.78,0.0,29.22,70.13,0.0,29.87
image_3476.jpg,label_3476.png,False,True,False,54.43,0.0,45.57,53.36,0.0,46.64
image_3477.jpg,label_3477.png,True,False,False,21.32,0.0,78.68,20.96,0.0,79.04
image_3478.jpg,label_3478.png,True,False,False,15.77,0.0,84.23,14.52,0.0,85.48
image_3479.jpg,label_3479.png,False,True,False,29.71,0.0,70.29,28.48,0.0,71.52
image_3480.jpg,label_3480.png,True,False,False,44.58,0.0,55.42,43.41,0.0,56.59
image_3481.jpg,label_3481.png,True,False,False,11.79,0.0,88.21,12.29,0.0,87.71
image_3482.jpg,label_3482.png,True,False,False,54.67,0.07,45.26,53.55,0.07,46.38
image_3483.jpg,label_3483.png,True,False,False,46.78,0.0,53.22,45.68,0.0,54.32
image_3484.jpg,label_3484.png,True,False,False,28.45,0.0,71.55,27.55,0.0,72.45
image_3485.jpg,label_3485.png,True,False,False,10.16,0.0,89.84,10.03,0.0,89.97
image_3486.jpg,label_3486.png,True,False,False,14.67,0.0,85.33,14.77,0.0,85.23
image_3487.jpg,label_3487.png,True,False,False,42.07,0.0,57.93,42.58,0.0,57.42
image_3488.jpg,label_3488.png,True,False,False,51.15,0.0,48.85,50.23,0.0,49.77
image_3489.jpg,label_3489.png,True,False,False,47.77,0.0,52.23,46.24,0.0,53.76
image_3490.jpg,label_3490.png,True,False,False,48.67,0.0,51.33,47.75,0.0,52.25
image_3491.jpg,label_3491.png,True,False,False,52.29,0.0,47.71,52.01,0.0,47.99
image_3492.jpg,label_3492.png,True,False,False,60.55,0.0,39.45,59.6,0.0,40.4
image_3493.jpg,label_3493.png,True,False,False,64.2,0.0,35.8,64.59,0.0,35.41
image_3494.jpg,label_3494.png,True,False,False,24.1,62.42,13.47,24.49,61.68,13.83
image_3495.jpg,label_3495.png,True,False,False,65.42,0.47,34.11,68.13,0.45,31.42
image_3496.jpg,label_3496.png,False,False,True,63.8,0.81,35.38,63.25,0.79,35.96
image_3497.jpg,label_3497.png,True,False,False,60.47,1.41,38.12,57.63,1.34,41.03
image_3498.jpg,label_3498.png,True,False,False,55.86,0.59,43.54,56.68,0.45,42.87
image_3499.jpg,label_3499.png,True,False,False,47.9,1.2,50.89,45.43,1.14,53.43
image_3500.jpg,label_3500.png,True,False,False,59.11,0.03,40.86,63.39,0.04,36.57
image_3501.jpg,label_3501.png,True,False,False,76.9,1.54,21.56,79.05,1.43,19.52
image_3502.jpg,label_3502.png,True,False,False,64.72,1.43,33.84,64.61,1.29,34.1
image_3503.jpg,label_3503.png,True,False,False,92.69,0.0,7.31,93.07,0.0,6.93
image_3504.jpg,label_3504.png,False,True,False,98.38,0.0,1.62,98.76,0.0,1.24
image_3505.jpg,label_3505.png,True,False,False,95.89,0.0,4.11,96.04,0.0,3.96
image_3506.jpg,label_3506.png,False,False,True,91.14,0.0,8.86,91.09,0.0,8.91
image_3507.jpg,label_3507.png,True,False,False,95.64,0.0,4.36,96.0,0.0,4.0
image_3508.jpg,label_3508.png,False,False,True,12.47,0.0,87.53,11.02,0.0,88.98
image_3509.jpg,label_3509.png,True,False,False,21.89,0.0,78.11,21.57,0.0,78.43
image_3510.jpg,label_3510.png,False,False,True,19.94,0.0,80.06,18.31,0.0,81.69
