name,label,train,val,test
image_0001.jpg,label_0001.png,False,True,False
image_0002.jpg,label_0002.png,True,False,False
image_0003.jpg,label_0003.png,False,True,False
image_0004.jpg,label_0004.png,True,False,False
image_0005.jpg,label_0005.png,False,False,True
image_0006.jpg,label_0006.png,False,False,True
image_0007.jpg,label_0007.png,True,False,False
image_0008.jpg,label_0008.png,True,False,False
image_0009.jpg,label_0009.png,False,False,True
image_0010.jpg,label_0010.png,True,False,False
image_0011.jpg,label_0011.png,True,False,False
image_0012.jpg,label_0012.png,True,False,False
image_0013.jpg,label_0013.png,True,False,False
image_0014.jpg,label_0014.png,False,True,False
image_0015.jpg,label_0015.png,True,False,False
image_0016.jpg,label_0016.png,True,False,False
image_0017.jpg,label_0017.png,True,False,False
image_0018.jpg,label_0018.png,True,False,False
image_0019.jpg,label_0019.png,True,False,False
image_0020.jpg,label_0020.png,True,False,False
image_0021.jpg,label_0021.png,True,False,False
image_0022.jpg,label_0022.png,False,True,False
image_0023.jpg,label_0023.png,False,True,False
image_0024.jpg,label_0024.png,True,False,False
image_0025.jpg,label_0025.png,False,True,False
image_0026.jpg,label_0026.png,False,False,True
image_0027.jpg,label_0027.png,True,False,False
image_0028.jpg,label_0028.png,False,True,False
image_0029.jpg,label_0029.png,True,False,False
image_0030.jpg,label_0030.png,True,False,False
image_0031.jpg,label_0031.png,True,False,False
image_0032.jpg,label_0032.png,True,False,False
image_0033.jpg,label_0033.png,True,False,False
image_0034.jpg,label_0034.png,True,False,False
image_0035.jpg,label_0035.png,True,False,False
image_0036.jpg,label_0036.png,True,False,False
image_0037.jpg,label_0037.png,False,False,True
image_0038.jpg,label_0038.png,True,False,False
image_0039.jpg,label_0039.png,True,False,False
image_0040.jpg,label_0040.png,False,False,True
image_0041.jpg,label_0041.png,True,False,False
image_0042.jpg,label_0042.png,True,False,False
image_0043.jpg,label_0043.png,True,False,False
image_0044.jpg,label_0044.png,True,False,False
image_0045.jpg,label_0045.png,True,False,False
image_0046.jpg,label_0046.png,True,False,False
image_0047.jpg,label_0047.png,True,False,False
image_0048.jpg,label_0048.png,True,False,False
image_0049.jpg,label_0049.png,True,False,False
image_0050.jpg,label_0050.png,True,False,False
image_0051.jpg,label_0051.png,True,False,False
image_0052.jpg,label_0052.png,True,False,False
image_0053.jpg,label_0053.png,True,False,False
image_0054.jpg,label_0054.png,False,False,True
image_0055.jpg,label_0055.png,True,False,False
image_0056.jpg,label_0056.png,True,False,False
image_0057.jpg,label_0057.png,True,False,False
image_0058.jpg,label_0058.png,False,True,False
image_0059.jpg,label_0059.png,True,False,False
image_0060.jpg,label_0060.png,True,False,False
image_0061.jpg,label_0061.png,True,False,False
image_0062.jpg,label_0062.png,True,False,False
image_0063.jpg,label_0063.png,True,False,False
image_0064.jpg,label_0064.png,False,True,False
image_0065.jpg,label_0065.png,False,False,True
image_0066.jpg,label_0066.png,True,False,False
image_0067.jpg,label_0067.png,True,False,False
image_0068.jpg,label_0068.png,True,False,False
image_0069.jpg,label_0069.png,True,False,False
image_0070.jpg,label_0070.png,True,False,False
image_0071.jpg,label_0071.png,True,False,False
image_0072.jpg,label_0072.png,True,False,False
image_0073.jpg,label_0073.png,True,False,False
image_0074.jpg,label_0074.png,True,False,False
image_0075.jpg,label_0075.png,True,False,False
image_0076.jpg,label_0076.png,True,False,False
image_0077.jpg,label_0077.png,True,False,False
image_0078.jpg,label_0078.png,True,False,False
image_0079.jpg,label_0079.png,True,False,False
image_0080.jpg,label_0080.png,False,False,True
image_0081.jpg,label_0081.png,True,False,False
image_0082.jpg,label_0082.png,True,False,False
image_0083.jpg,label_0083.png,True,False,False
image_0084.jpg,label_0084.png,False,False,True
image_0085.jpg,label_0085.png,False,False,True
image_0086.jpg,label_0086.png,True,False,False
image_0087.jpg,label_0087.png,False,True,False
image_0088.jpg,label_0088.png,True,False,False
image_0089.jpg,label_0089.png,False,False,True
image_0090.jpg,label_0090.png,False,True,False
image_0091.jpg,label_0091.png,True,False,False
image_0092.jpg,label_0092.png,False,True,False
image_0093.jpg,label_0093.png,False,True,False
image_0094.jpg,label_0094.png,True,False,False
image_0095.jpg,label_0095.png,False,True,False
image_0096.jpg,label_0096.png,True,False,False
image_0097.jpg,label_0097.png,True,False,False
image_0098.jpg,label_0098.png,False,False,True
image_0099.jpg,label_0099.png,True,False,False
image_0100.jpg,label_0100.png,True,False,False
image_0101.jpg,label_0101.png,True,False,False
image_0102.jpg,label_0102.png,True,False,False
image_0103.jpg,label_0103.png,True,False,False
image_0104.jpg,label_0104.png,True,False,False
image_0105.jpg,label_0105.png,False,True,False
image_0106.jpg,label_0106.png,True,False,False
image_0107.jpg,label_0107.png,True,False,False
image_0108.jpg,label_0108.png,True,False,False
image_0109.jpg,label_0109.png,True,False,False
image_0110.jpg,label_0110.png,False,True,False
image_0111.jpg,label_0111.png,True,False,False
image_0112.jpg,label_0112.png,True,False,False
image_0113.jpg,label_0113.png,True,False,False
image_0114.jpg,label_0114.png,True,False,False
image_0115.jpg,label_0115.png,True,False,False
image_0116.jpg,label_0116.png,False,False,True
image_0117.jpg,label_0117.png,True,False,False
image_0118.jpg,label_0118.png,True,False,False
image_0119.jpg,label_0119.png,True,False,False
image_0120.jpg,label_0120.png,True,False,False
image_0121.jpg,label_0121.png,True,False,False
image_0122.jpg,label_0122.png,True,False,False
image_0123.jpg,label_0123.png,True,False,False
image_0124.jpg,label_0124.png,True,False,False
image_0125.jpg,label_0125.png,False,True,False
image_0126.jpg,label_0126.png,True,False,False
image_0127.jpg,label_0127.png,False,True,False
image_0128.jpg,label_0128.png,True,False,False
image_0129.jpg,label_0129.png,True,False,False
image_0130.jpg,label_0130.png,True,False,False
image_0131.jpg,label_0131.png,False,False,True
image_0132.jpg,label_0132.png,True,False,False
image_0133.jpg,label_0133.png,True,False,False
image_0134.jpg,label_0134.png,True,False,False
image_0135.jpg,label_0135.png,True,False,False
image_0136.jpg,label_0136.png,True,False,False
image_0137.jpg,label_0137.png,True,False,False
image_0138.jpg,label_0138.png,True,False,False
image_0139.jpg,label_0139.png,True,False,False
image_0140.jpg,label_0140.png,False,False,True
image_0141.jpg,label_0141.png,True,False,False
image_0142.jpg,label_0142.png,True,False,False
image_0143.jpg,label_0143.png,True,False,False
image_0144.jpg,label_0144.png,True,False,False
image_0145.jpg,label_0145.png,True,False,False
image_0146.jpg,label_0146.png,True,False,False
image_0147.jpg,label_0147.png,True,False,False
image_0148.jpg,label_0148.png,True,False,False
image_0149.jpg,label_0149.png,True,False,False
image_0150.jpg,label_0150.png,True,False,False
image_0151.jpg,label_0151.png,True,False,False
image_0152.jpg,label_0152.png,True,False,False
image_0153.jpg,label_0153.png,True,False,False
image_0154.jpg,label_0154.png,True,False,False
image_0155.jpg,label_0155.png,True,False,False
image_0156.jpg,label_0156.png,False,True,False
image_0157.jpg,label_0157.png,True,False,False
image_0158.jpg,label_0158.png,True,False,False
image_0159.jpg,label_0159.png,True,False,False
image_0160.jpg,label_0160.png,True,False,False
image_0161.jpg,label_0161.png,False,False,True
image_0162.jpg,label_0162.png,False,False,True
image_0163.jpg,label_0163.png,True,False,False
image_0164.jpg,label_0164.png,False,True,False
image_0165.jpg,label_0165.png,True,False,False
image_0166.jpg,label_0166.png,True,False,False
image_0167.jpg,label_0167.png,True,False,False
image_0168.jpg,label_0168.png,True,False,False
image_0169.jpg,label_0169.png,True,False,False
image_0170.jpg,label_0170.png,True,False,False
image_0171.jpg,label_0171.png,False,True,False
image_0172.jpg,label_0172.png,True,False,False
image_0173.jpg,label_0173.png,True,False,False
image_0174.jpg,label_0174.png,True,False,False
image_0175.jpg,label_0175.png,True,False,False
image_0176.jpg,label_0176.png,True,False,False
image_0177.jpg,label_0177.png,True,False,False
image_0178.jpg,label_0178.png,True,False,False
image_0179.jpg,label_0179.png,True,False,False
image_0180.jpg,label_0180.png,True,False,False
image_0181.jpg,label_0181.png,False,True,False
image_0182.jpg,label_0182.png,True,False,False
image_0183.jpg,label_0183.png,True,False,False
image_0184.jpg,label_0184.png,True,False,False
image_0185.jpg,label_0185.png,False,True,False
image_0186.jpg,label_0186.png,False,False,True
image_0187.jpg,label_0187.png,True,False,False
image_0188.jpg,label_0188.png,True,False,False
image_0189.jpg,label_0189.png,False,False,True
image_0190.jpg,label_0190.png,True,False,False
image_0191.jpg,label_0191.png,True,False,False
image_0192.jpg,label_0192.png,True,False,False
image_0193.jpg,label_0193.png,True,False,False
image_0194.jpg,label_0194.png,True,False,False
image_0195.jpg,label_0195.png,True,False,False
image_0196.jpg,label_0196.png,True,False,False
image_0197.jpg,label_0197.png,True,False,False
image_0198.jpg,label_0198.png,False,True,False
image_0199.jpg,label_0199.png,True,False,False
image_0200.jpg,label_0200.png,False,True,False
image_0201.jpg,label_0201.png,False,False,True
image_0202.jpg,label_0202.png,True,False,False
image_0203.jpg,label_0203.png,True,False,False
image_0204.jpg,label_0204.png,False,True,False
image_0205.jpg,label_0205.png,False,False,True
image_0206.jpg,label_0206.png,True,False,False
image_0207.jpg,label_0207.png,True,False,False
image_0208.jpg,label_0208.png,True,False,False
image_0209.jpg,label_0209.png,True,False,False
image_0210.jpg,label_0210.png,True,False,False
image_0211.jpg,label_0211.png,True,False,False
image_0212.jpg,label_0212.png,True,False,False
image_0213.jpg,label_0213.png,True,False,False
image_0214.jpg,label_0214.png,True,False,False
image_0215.jpg,label_0215.png,True,False,False
image_0216.jpg,label_0216.png,False,False,True
image_0217.jpg,label_0217.png,True,False,False
image_0218.jpg,label_0218.png,True,False,False
image_0219.jpg,label_0219.png,True,False,False
image_0220.jpg,label_0220.png,False,True,False
image_0221.jpg,label_0221.png,True,False,False
image_0222.jpg,label_0222.png,True,False,False
image_0223.jpg,label_0223.png,True,False,False
image_0224.jpg,label_0224.png,True,False,False
image_0225.jpg,label_0225.png,True,False,False
image_0226.jpg,label_0226.png,True,False,False
image_0227.jpg,label_0227.png,True,False,False
image_0228.jpg,label_0228.png,True,False,False
image_0229.jpg,label_0229.png,True,False,False
image_0230.jpg,label_0230.png,False,True,False
image_0231.jpg,label_0231.png,True,False,False
image_0232.jpg,label_0232.png,False,False,True
image_0233.jpg,label_0233.png,True,False,False
image_0234.jpg,label_0234.png,True,False,False
image_0235.jpg,label_0235.png,True,False,False
image_0236.jpg,label_0236.png,True,False,False
image_0237.jpg,label_0237.png,True,False,False
image_0238.jpg,label_0238.png,True,False,False
image_0239.jpg,label_0239.png,True,False,False
image_0240.jpg,label_0240.png,False,True,False
image_0241.jpg,label_0241.png,False,False,True
image_0242.jpg,label_0242.png,True,False,False
image_0243.jpg,label_0243.png,True,False,False
image_0244.jpg,label_0244.png,True,False,False
image_0245.jpg,label_0245.png,True,False,False
image_0246.jpg,label_0246.png,True,False,False
image_0247.jpg,label_0247.png,True,False,False
image_0248.jpg,label_0248.png,True,False,False
image_0249.jpg,label_0249.png,True,False,False
image_0250.jpg,label_0250.png,False,False,True
image_0251.jpg,label_0251.png,True,False,False
image_0252.jpg,label_0252.png,False,False,True
image_0253.jpg,label_0253.png,True,False,False
image_0254.jpg,label_0254.png,False,True,False
image_0255.jpg,label_0255.png,True,False,False
image_0256.jpg,label_0256.png,True,False,False
image_0257.jpg,label_0257.png,True,False,False
image_0258.jpg,label_0258.png,True,False,False
image_0259.jpg,label_0259.png,True,False,False
image_0260.jpg,label_0260.png,False,False,True
image_0261.jpg,label_0261.png,False,True,False
image_0262.jpg,label_0262.png,True,False,False
image_0263.jpg,label_0263.png,False,True,False
image_0264.jpg,label_0264.png,True,False,False
image_0265.jpg,label_0265.png,True,False,False
image_0266.jpg,label_0266.png,False,False,True
image_0267.jpg,label_0267.png,True,False,False
image_0268.jpg,label_0268.png,True,False,False
image_0269.jpg,label_0269.png,True,False,False
image_0270.jpg,label_0270.png,True,False,False
image_0271.jpg,label_0271.png,True,False,False
image_0272.jpg,label_0272.png,True,False,False
image_0273.jpg,label_0273.png,True,False,False
image_0274.jpg,label_0274.png,True,False,False
image_0275.jpg,label_0275.png,True,False,False
image_0276.jpg,label_0276.png,False,False,True
image_0277.jpg,label_0277.png,False,True,False
image_0278.jpg,label_0278.png,False,True,False
image_0279.jpg,label_0279.png,True,False,False
image_0280.jpg,label_0280.png,True,False,False
image_0281.jpg,label_0281.png,True,False,False
image_0282.jpg,label_0282.png,False,False,True
image_0283.jpg,label_0283.png,False,True,False
image_0284.jpg,label_0284.png,True,False,False
image_0285.jpg,label_0285.png,True,False,False
image_0286.jpg,label_0286.png,True,False,False
image_0287.jpg,label_0287.png,True,False,False
image_0288.jpg,label_0288.png,True,False,False
image_0289.jpg,label_0289.png,True,False,False
image_0290.jpg,label_0290.png,False,False,True
image_0291.jpg,label_0291.png,True,False,False
image_0292.jpg,label_0292.png,False,False,True
image_0293.jpg,label_0293.png,True,False,False
image_0294.jpg,label_0294.png,True,False,False
image_0295.jpg,label_0295.png,True,False,False
image_0296.jpg,label_0296.png,True,False,False
image_0297.jpg,label_0297.png,False,True,False
image_0298.jpg,label_0298.png,True,False,False
image_0299.jpg,label_0299.png,True,False,False
image_0300.jpg,label_0300.png,True,False,False
image_0301.jpg,label_0301.png,False,True,False
image_0302.jpg,label_0302.png,False,True,False
image_0303.jpg,label_0303.png,True,False,False
image_0304.jpg,label_0304.png,True,False,False
image_0305.jpg,label_0305.png,False,False,True
image_0306.jpg,label_0306.png,False,False,True
image_0307.jpg,label_0307.png,False,False,True
image_0308.jpg,label_0308.png,True,False,False
image_0309.jpg,label_0309.png,True,False,False
image_0310.jpg,label_0310.png,True,False,False
image_0311.jpg,label_0311.png,True,False,False
image_0312.jpg,label_0312.png,True,False,False
image_0313.jpg,label_0313.png,False,False,True
image_0314.jpg,label_0314.png,True,False,False
image_0315.jpg,label_0315.png,True,False,False
image_0316.jpg,label_0316.png,True,False,False
image_0317.jpg,label_0317.png,True,False,False
image_0318.jpg,label_0318.png,True,False,False
image_0319.jpg,label_0319.png,True,False,False
image_0320.jpg,label_0320.png,True,False,False
image_0321.jpg,label_0321.png,True,False,False
image_0322.jpg,label_0322.png,True,False,False
image_0323.jpg,label_0323.png,True,False,False
image_0324.jpg,label_0324.png,False,True,False
image_0325.jpg,label_0325.png,True,False,False
image_0326.jpg,label_0326.png,True,False,False
image_0327.jpg,label_0327.png,False,True,False
image_0328.jpg,label_0328.png,True,False,False
image_0329.jpg,label_0329.png,True,False,False
image_0330.jpg,label_0330.png,True,False,False
image_0331.jpg,label_0331.png,True,False,False
image_0332.jpg,label_0332.png,True,False,False
image_0333.jpg,label_0333.png,True,False,False
image_0334.jpg,label_0334.png,True,False,False
image_0335.jpg,label_0335.png,True,False,False
image_0336.jpg,label_0336.png,True,False,False
image_0337.jpg,label_0337.png,True,False,False
image_0338.jpg,label_0338.png,True,False,False
image_0339.jpg,label_0339.png,False,False,True
image_0340.jpg,label_0340.png,True,False,False
image_0341.jpg,label_0341.png,True,False,False
image_0342.jpg,label_0342.png,False,False,True
image_0343.jpg,label_0343.png,True,False,False
image_0344.jpg,label_0344.png,True,False,False
image_0345.jpg,label_0345.png,False,True,False
image_0346.jpg,label_0346.png,True,False,False
image_0347.jpg,label_0347.png,True,False,False
image_0348.jpg,label_0348.png,True,False,False
image_0349.jpg,label_0349.png,False,True,False
image_0350.jpg,label_0350.png,True,False,False
image_0351.jpg,label_0351.png,True,False,False
image_0352.jpg,label_0352.png,False,False,True
image_0353.jpg,label_0353.png,True,False,False
image_0354.jpg,label_0354.png,True,False,False
image_0355.jpg,label_0355.png,True,False,False
image_0356.jpg,label_0356.png,True,False,False
image_0357.jpg,label_0357.png,True,False,False
image_0358.jpg,label_0358.png,True,False,False
image_0359.jpg,label_0359.png,False,False,True
image_0360.jpg,label_0360.png,False,False,True
image_0361.jpg,label_0361.png,True,False,False
image_0362.jpg,label_0362.png,True,False,False
image_0363.jpg,label_0363.png,True,False,False
image_0364.jpg,label_0364.png,True,False,False
image_0365.jpg,label_0365.png,False,True,False
image_0366.jpg,label_0366.png,True,False,False
image_0367.jpg,label_0367.png,True,False,False
image_0368.jpg,label_0368.png,True,False,False
image_0369.jpg,label_0369.png,True,False,False
image_0370.jpg,label_0370.png,True,False,False
image_0371.jpg,label_0371.png,False,False,True
image_0372.jpg,label_0372.png,False,False,True
image_0373.jpg,label_0373.png,False,True,False
image_0374.jpg,label_0374.png,True,False,False
image_0375.jpg,label_0375.png,False,True,False
image_0376.jpg,label_0376.png,True,False,False
image_0377.jpg,label_0377.png,False,False,True
image_0378.jpg,label_0378.png,False,True,False
image_0379.jpg,label_0379.png,True,False,False
image_0380.jpg,label_0380.png,True,False,False
image_0381.jpg,label_0381.png,True,False,False
image_0382.jpg,label_0382.png,True,False,False
image_0383.jpg,label_0383.png,True,False,False
image_0384.jpg,label_0384.png,True,False,False
image_0385.jpg,label_0385.png,False,True,False
image_0386.jpg,label_0386.png,True,False,False
image_0387.jpg,label_0387.png,True,False,False
image_0388.jpg,label_0388.png,True,False,False
image_0389.jpg,label_0389.png,True,False,False
image_0390.jpg,label_0390.png,True,False,False
image_0391.jpg,label_0391.png,True,False,False
image_0392.jpg,label_0392.png,True,False,False
image_0393.jpg,label_0393.png,False,False,True
image_0394.jpg,label_0394.png,True,False,False
image_0395.jpg,label_0395.png,True,False,False
image_0396.jpg,label_0396.png,True,False,False
image_0397.jpg,label_0397.png,False,False,True
image_0398.jpg,label_0398.png,True,False,False
image_0399.jpg,label_0399.png,True,False,False
image_0400.jpg,label_0400.png,False,True,False
image_0401.jpg,label_0401.png,True,False,False
image_0402.jpg,label_0402.png,True,False,False
image_0403.jpg,label_0403.png,True,False,False
image_0404.jpg,label_0404.png,True,False,False
image_0405.jpg,label_0405.png,True,False,False
image_0406.jpg,label_0406.png,True,False,False
image_0407.jpg,label_0407.png,True,False,False
image_0408.jpg,label_0408.png,True,False,False
image_0409.jpg,label_0409.png,True,False,False
image_0410.jpg,label_0410.png,True,False,False
image_0411.jpg,label_0411.png,True,False,False
image_0412.jpg,label_0412.png,True,False,False
image_0413.jpg,label_0413.png,True,False,False
image_0414.jpg,label_0414.png,False,False,True
image_0415.jpg,label_0415.png,True,False,False
image_0416.jpg,label_0416.png,True,False,False
image_0417.jpg,label_0417.png,False,True,False
image_0418.jpg,label_0418.png,True,False,False
image_0419.jpg,label_0419.png,True,False,False
image_0420.jpg,label_0420.png,True,False,False
image_0421.jpg,label_0421.png,True,False,False
image_0422.jpg,label_0422.png,False,False,True
image_0423.jpg,label_0423.png,True,False,False
image_0424.jpg,label_0424.png,True,False,False
image_0425.jpg,label_0425.png,True,False,False
image_0426.jpg,label_0426.png,True,False,False
image_0427.jpg,label_0427.png,False,True,False
image_0428.jpg,label_0428.png,True,False,False
image_0429.jpg,label_0429.png,True,False,False
image_0430.jpg,label_0430.png,True,False,False
image_0431.jpg,label_0431.png,True,False,False
image_0432.jpg,label_0432.png,True,False,False
image_0433.jpg,label_0433.png,True,False,False
image_0434.jpg,label_0434.png,True,False,False
image_0435.jpg,label_0435.png,False,False,True
image_0436.jpg,label_0436.png,True,False,False
image_0437.jpg,label_0437.png,False,True,False
image_0438.jpg,label_0438.png,True,False,False
image_0439.jpg,label_0439.png,True,False,False
image_0440.jpg,label_0440.png,False,True,False
image_0441.jpg,label_0441.png,False,True,False
image_0442.jpg,label_0442.png,True,False,False
image_0443.jpg,label_0443.png,False,True,False
image_0444.jpg,label_0444.png,False,True,False
image_0445.jpg,label_0445.png,True,False,False
image_0446.jpg,label_0446.png,True,False,False
image_0447.jpg,label_0447.png,True,False,False
image_0448.jpg,label_0448.png,True,False,False
image_0449.jpg,label_0449.png,True,False,False
image_0450.jpg,label_0450.png,False,False,True
image_0451.jpg,label_0451.png,True,False,False
image_0452.jpg,label_0452.png,True,False,False
image_0453.jpg,label_0453.png,False,True,False
image_0454.jpg,label_0454.png,True,False,False
image_0455.jpg,label_0455.png,True,False,False
image_0456.jpg,label_0456.png,True,False,False
image_0457.jpg,label_0457.png,True,False,False
image_0458.jpg,label_0458.png,True,False,False
image_0459.jpg,label_0459.png,True,False,False
image_0460.jpg,label_0460.png,False,False,True
image_0461.jpg,label_0461.png,True,False,False
image_0462.jpg,label_0462.png,True,False,False
image_0463.jpg,label_0463.png,True,False,False
image_0464.jpg,label_0464.png,False,True,False
image_0465.jpg,label_0465.png,True,False,False
image_0466.jpg,label_0466.png,True,False,False
image_0467.jpg,label_0467.png,True,False,False
image_0468.jpg,label_0468.png,True,False,False
image_0469.jpg,label_0469.png,True,False,False
image_0470.jpg,label_0470.png,True,False,False
image_0471.jpg,label_0471.png,False,False,True
image_0472.jpg,label_0472.png,False,True,False
image_0473.jpg,label_0473.png,True,False,False
image_0474.jpg,label_0474.png,True,False,False
image_0475.jpg,label_0475.png,True,False,False
image_0476.jpg,label_0476.png,True,False,False
image_0477.jpg,label_0477.png,False,False,True
image_0478.jpg,label_0478.png,True,False,False
image_0479.jpg,label_0479.png,True,False,False
image_0480.jpg,label_0480.png,True,False,False
image_0481.jpg,label_0481.png,True,False,False
image_0482.jpg,label_0482.png,True,False,False
image_0483.jpg,label_0483.png,True,False,False
image_0484.jpg,label_0484.png,True,False,False
image_0485.jpg,label_0485.png,False,True,False
image_0486.jpg,label_0486.png,True,False,False
image_0487.jpg,label_0487.png,True,False,False
image_0488.jpg,label_0488.png,True,False,False
image_0489.jpg,label_0489.png,True,False,False
image_0490.jpg,label_0490.png,True,False,False
image_0491.jpg,label_0491.png,True,False,False
image_0492.jpg,label_0492.png,True,False,False
image_0493.jpg,label_0493.png,True,False,False
image_0494.jpg,label_0494.png,True,False,False
image_0495.jpg,label_0495.png,True,False,False
image_0496.jpg,label_0496.png,True,False,False
image_0497.jpg,label_0497.png,True,False,False
image_0498.jpg,label_0498.png,True,False,False
image_0499.jpg,label_0499.png,True,False,False
image_0500.jpg,label_0500.png,True,False,False
image_0501.jpg,label_0501.png,True,False,False
image_0502.jpg,label_0502.png,False,False,True
image_0503.jpg,label_0503.png,True,False,False
image_0504.jpg,label_0504.png,True,False,False
image_0505.jpg,label_0505.png,False,True,False
image_0506.jpg,label_0506.png,True,False,False
image_0507.jpg,label_0507.png,True,False,False
image_0508.jpg,label_0508.png,False,True,False
image_0509.jpg,label_0509.png,True,False,False
image_0510.jpg,label_0510.png,True,False,False
image_0511.jpg,label_0511.png,False,True,False
image_0512.jpg,label_0512.png,True,False,False
image_0513.jpg,label_0513.png,True,False,False
image_0514.jpg,label_0514.png,True,False,False
image_0515.jpg,label_0515.png,False,True,False
image_0516.jpg,label_0516.png,True,False,False
image_0517.jpg,label_0517.png,True,False,False
image_0518.jpg,label_0518.png,True,False,False
image_0519.jpg,label_0519.png,False,False,True
image_0520.jpg,label_0520.png,True,False,False
image_0521.jpg,label_0521.png,True,False,False
image_0522.jpg,label_0522.png,True,False,False
image_0523.jpg,label_0523.png,True,False,False
image_0524.jpg,label_0524.png,True,False,False
image_0525.jpg,label_0525.png,True,False,False
image_0526.jpg,label_0526.png,True,False,False
image_0527.jpg,label_0527.png,True,False,False
image_0528.jpg,label_0528.png,False,True,False
image_0529.jpg,label_0529.png,True,False,False
image_0530.jpg,label_0530.png,True,False,False
image_0531.jpg,label_0531.png,True,False,False
image_0532.jpg,label_0532.png,True,False,False
image_0533.jpg,label_0533.png,True,False,False
image_0534.jpg,label_0534.png,True,False,False
image_0535.jpg,label_0535.png,True,False,False
image_0536.jpg,label_0536.png,False,True,False
image_0537.jpg,label_0537.png,True,False,False
image_0538.jpg,label_0538.png,True,False,False
image_0539.jpg,label_0539.png,True,False,False
image_0540.jpg,label_0540.png,True,False,False
image_0541.jpg,label_0541.png,True,False,False
image_0542.jpg,label_0542.png,False,True,False
image_0543.jpg,label_0543.png,True,False,False
image_0544.jpg,label_0544.png,True,False,False
image_0545.jpg,label_0545.png,True,False,False
image_0546.jpg,label_0546.png,True,False,False
image_0547.jpg,label_0547.png,True,False,False
image_0548.jpg,label_0548.png,True,False,False
image_0549.jpg,label_0549.png,True,False,False
image_0550.jpg,label_0550.png,False,True,False
image_0551.jpg,label_0551.png,True,False,False
image_0552.jpg,label_0552.png,False,False,True
image_0553.jpg,label_0553.png,True,False,False
image_0554.jpg,label_0554.png,True,False,False
image_0555.jpg,label_0555.png,True,False,False
image_0556.jpg,label_0556.png,False,False,True
image_0557.jpg,label_0557.png,True,False,False
image_0558.jpg,label_0558.png,False,False,True
image_0559.jpg,label_0559.png,True,False,False
image_0560.jpg,label_0560.png,False,False,True
image_0561.jpg,label_0561.png,True,False,False
image_0562.jpg,label_0562.png,True,False,False
image_0563.jpg,label_0563.png,True,False,False
image_0564.jpg,label_0564.png,True,False,False
image_0565.jpg,label_0565.png,True,False,False
image_0566.jpg,label_0566.png,True,False,False
image_0567.jpg,label_0567.png,True,False,False
image_0568.jpg,label_0568.png,True,False,False
image_0569.jpg,label_0569.png,False,True,False
image_0570.jpg,label_0570.png,True,False,False
image_0571.jpg,label_0571.png,True,False,False
image_0572.jpg,label_0572.png,True,False,False
image_0573.jpg,label_0573.png,True,False,False
image_0574.jpg,label_0574.png,True,False,False
image_0575.jpg,label_0575.png,False,False,True
image_0576.jpg,label_0576.png,True,False,False
image_0577.jpg,label_0577.png,True,False,False
image_0578.jpg,label_0578.png,True,False,False
image_0579.jpg,label_0579.png,True,False,False
image_0580.jpg,label_0580.png,True,False,False
image_0581.jpg,label_0581.png,True,False,False
image_0582.jpg,label_0582.png,True,False,False
image_0583.jpg,label_0583.png,True,False,False
image_0584.jpg,label_0584.png,True,False,False
image_0585.jpg,label_0585.png,True,False,False
image_0586.jpg,label_0586.png,False,True,False
image_0587.jpg,label_0587.png,True,False,False
image_0588.jpg,label_0588.png,True,False,False
image_0589.jpg,label_0589.png,True,False,False
image_0590.jpg,label_0590.png,False,False,True
image_0591.jpg,label_0591.png,True,False,False
image_0592.jpg,label_0592.png,True,False,False
image_0593.jpg,label_0593.png,True,False,False
image_0594.jpg,label_0594.png,False,True,False
image_0595.jpg,label_0595.png,True,False,False
image_0596.jpg,label_0596.png,True,False,False
image_0597.jpg,label_0597.png,True,False,False
image_0598.jpg,label_0598.png,False,False,True
image_0599.jpg,label_0599.png,True,False,False
image_0600.jpg,label_0600.png,True,False,False
image_0601.jpg,label_0601.png,True,False,False
image_0602.jpg,label_0602.png,True,False,False
image_0603.jpg,label_0603.png,True,False,False
image_0604.jpg,label_0604.png,True,False,False
image_0605.jpg,label_0605.png,True,False,False
image_0606.jpg,label_0606.png,True,False,False
image_0607.jpg,label_0607.png,True,False,False
image_0608.jpg,label_0608.png,False,False,True
image_0609.jpg,label_0609.png,True,False,False
image_0610.jpg,label_0610.png,True,False,False
image_0611.jpg,label_0611.png,True,False,False
image_0612.jpg,label_0612.png,True,False,False
image_0613.jpg,label_0613.png,True,False,False
image_0614.jpg,label_0614.png,True,False,False
image_0615.jpg,label_0615.png,True,False,False
image_0616.jpg,label_0616.png,True,False,False
image_0617.jpg,label_0617.png,True,False,False
image_0618.jpg,label_0618.png,True,False,False
image_0619.jpg,label_0619.png,True,False,False
image_0620.jpg,label_0620.png,True,False,False
image_0621.jpg,label_0621.png,True,False,False
image_0622.jpg,label_0622.png,True,False,False
image_0623.jpg,label_0623.png,True,False,False
image_0624.jpg,label_0624.png,True,False,False
image_0625.jpg,label_0625.png,True,False,False
image_0626.jpg,label_0626.png,False,False,True
image_0627.jpg,label_0627.png,True,False,False
image_0628.jpg,label_0628.png,False,False,True
image_0629.jpg,label_0629.png,True,False,False
image_0630.jpg,label_0630.png,True,False,False
image_0631.jpg,label_0631.png,True,False,False
image_0632.jpg,label_0632.png,True,False,False
image_0633.jpg,label_0633.png,True,False,False
image_0634.jpg,label_0634.png,True,False,False
image_0635.jpg,label_0635.png,True,False,False
image_0636.jpg,label_0636.png,True,False,False
image_0637.jpg,label_0637.png,True,False,False
image_0638.jpg,label_0638.png,False,False,True
image_0639.jpg,label_0639.png,True,False,False
image_0640.jpg,label_0640.png,True,False,False
image_0641.jpg,label_0641.png,True,False,False
image_0642.jpg,label_0642.png,True,False,False
image_0643.jpg,label_0643.png,True,False,False
image_0644.jpg,label_0644.png,True,False,False
image_0645.jpg,label_0645.png,True,False,False
image_0646.jpg,label_0646.png,True,False,False
image_0647.jpg,label_0647.png,True,False,False
image_0648.jpg,label_0648.png,False,False,True
image_0649.jpg,label_0649.png,True,False,False
image_0650.jpg,label_0650.png,True,False,False
image_0651.jpg,label_0651.png,True,False,False
image_0652.jpg,label_0652.png,True,False,False
image_0653.jpg,label_0653.png,True,False,False
image_0654.jpg,label_0654.png,True,False,False
image_0655.jpg,label_0655.png,True,False,False
image_0656.jpg,label_0656.png,True,False,False
image_0657.jpg,label_0657.png,True,False,False
image_0658.jpg,label_0658.png,True,False,False
image_0659.jpg,label_0659.png,True,False,False
image_0660.jpg,label_0660.png,True,False,False
image_0661.jpg,label_0661.png,True,False,False
image_0662.jpg,label_0662.png,True,False,False
image_0663.jpg,label_0663.png,True,False,False
image_0664.jpg,label_0664.png,True,False,False
image_0665.jpg,label_0665.png,False,False,True
image_0666.jpg,label_0666.png,False,True,False
image_0667.jpg,label_0667.png,True,False,False
image_0668.jpg,label_0668.png,False,False,True
image_0669.jpg,label_0669.png,True,False,False
image_0670.jpg,label_0670.png,True,False,False
image_0671.jpg,label_0671.png,True,False,False
image_0672.jpg,label_0672.png,True,False,False
image_0673.jpg,label_0673.png,True,False,False
image_0674.jpg,label_0674.png,False,True,False
image_0675.jpg,label_0675.png,True,False,False
image_0676.jpg,label_0676.png,True,False,False
image_0677.jpg,label_0677.png,True,False,False
image_0678.jpg,label_0678.png,True,False,False
image_0679.jpg,label_0679.png,True,False,False
image_0680.jpg,label_0680.png,True,False,False
image_0681.jpg,label_0681.png,True,False,False
image_0682.jpg,label_0682.png,True,False,False
image_0683.jpg,label_0683.png,True,False,False
image_0684.jpg,label_0684.png,True,False,False
image_0685.jpg,label_0685.png,True,False,False
image_0686.jpg,label_0686.png,True,False,False
image_0687.jpg,label_0687.png,True,False,False
image_0688.jpg,label_0688.png,False,False,True
image_0689.jpg,label_0689.png,True,False,False
image_0690.jpg,label_0690.png,True,False,False
image_0691.jpg,label_0691.png,True,False,False
image_0692.jpg,label_0692.png,True,False,False
image_0693.jpg,label_0693.png,False,False,True
image_0694.jpg,label_0694.png,True,False,False
image_0695.jpg,label_0695.png,True,False,False
image_0696.jpg,label_0696.png,False,True,False
image_0697.jpg,label_0697.png,False,False,True
image_0698.jpg,label_0698.png,True,False,False
image_0699.jpg,label_0699.png,True,False,False
image_0700.jpg,label_0700.png,False,True,False
image_0701.jpg,label_0701.png,True,False,False
image_0702.jpg,label_0702.png,True,False,False
image_0703.jpg,label_0703.png,True,False,False
image_0704.jpg,label_0704.png,False,False,True
image_0705.jpg,label_0705.png,True,False,False
image_0706.jpg,label_0706.png,True,False,False
image_0707.jpg,label_0707.png,False,False,True
image_0708.jpg,label_0708.png,True,False,False
image_0709.jpg,label_0709.png,True,False,False
image_0710.jpg,label_0710.png,True,False,False
image_0711.jpg,label_0711.png,True,False,False
image_0712.jpg,label_0712.png,True,False,False
image_0713.jpg,label_0713.png,False,True,False
image_0714.jpg,label_0714.png,False,False,True
image_0715.jpg,label_0715.png,True,False,False
image_0716.jpg,label_0716.png,True,False,False
image_0717.jpg,label_0717.png,True,False,False
image_0718.jpg,label_0718.png,True,False,False
image_0719.jpg,label_0719.png,True,False,False
image_0720.jpg,label_0720.png,False,False,True
image_0721.jpg,label_0721.png,True,False,False
image_0722.jpg,label_0722.png,True,False,False
image_0723.jpg,label_0723.png,True,False,False
image_0724.jpg,label_0724.png,True,False,False
image_0725.jpg,label_0725.png,True,False,False
image_0726.jpg,label_0726.png,False,True,False
image_0727.jpg,label_0727.png,True,False,False
image_0728.jpg,label_0728.png,True,False,False
image_0729.jpg,label_0729.png,True,False,False
image_0730.jpg,label_0730.png,True,False,False
image_0731.jpg,label_0731.png,True,False,False
image_0732.jpg,label_0732.png,True,False,False
image_0733.jpg,label_0733.png,True,False,False
image_0734.jpg,label_0734.png,True,False,False
image_0735.jpg,label_0735.png,True,False,False
image_0736.jpg,label_0736.png,True,False,False
image_0737.jpg,label_0737.png,True,False,False
image_0738.jpg,label_0738.png,True,False,False
image_0739.jpg,label_0739.png,True,False,False
image_0740.jpg,label_0740.png,True,False,False
image_0741.jpg,label_0741.png,False,False,True
image_0742.jpg,label_0742.png,True,False,False
image_0743.jpg,label_0743.png,True,False,False
image_0744.jpg,label_0744.png,True,False,False
image_0745.jpg,label_0745.png,True,False,False
image_0746.jpg,label_0746.png,True,False,False
image_0747.jpg,label_0747.png,True,False,False
image_0748.jpg,label_0748.png,True,False,False
image_0749.jpg,label_0749.png,True,False,False
image_0750.jpg,label_0750.png,True,False,False
image_0751.jpg,label_0751.png,True,False,False
image_0752.jpg,label_0752.png,False,False,True
image_0753.jpg,label_0753.png,True,False,False
image_0754.jpg,label_0754.png,True,False,False
image_0755.jpg,label_0755.png,True,False,False
image_0756.jpg,label_0756.png,True,False,False
image_0757.jpg,label_0757.png,True,False,False
image_0758.jpg,label_0758.png,False,False,True
image_0759.jpg,label_0759.png,True,False,False
image_0760.jpg,label_0760.png,True,False,False
image_0761.jpg,label_0761.png,True,False,False
image_0762.jpg,label_0762.png,True,False,False
image_0763.jpg,label_0763.png,True,False,False
image_0764.jpg,label_0764.png,True,False,False
image_0765.jpg,label_0765.png,True,False,False
image_0766.jpg,label_0766.png,True,False,False
image_0767.jpg,label_0767.png,True,False,False
image_0768.jpg,label_0768.png,True,False,False
image_0769.jpg,label_0769.png,True,False,False
image_0770.jpg,label_0770.png,True,False,False
image_0771.jpg,label_0771.png,True,False,False
image_0772.jpg,label_0772.png,True,False,False
image_0773.jpg,label_0773.png,True,False,False
image_0774.jpg,label_0774.png,True,False,False
image_0775.jpg,label_0775.png,True,False,False
image_0776.jpg,label_0776.png,True,False,False
image_0777.jpg,label_0777.png,True,False,False
image_0778.jpg,label_0778.png,True,False,False
image_0779.jpg,label_0779.png,True,False,False
image_0780.jpg,label_0780.png,True,False,False
image_0781.jpg,label_0781.png,False,True,False
image_0782.jpg,label_0782.png,True,False,False
image_0783.jpg,label_0783.png,True,False,False
image_0784.jpg,label_0784.png,True,False,False
image_0785.jpg,label_0785.png,False,False,True
image_0786.jpg,label_0786.png,True,False,False
image_0787.jpg,label_0787.png,False,False,True
image_0788.jpg,label_0788.png,True,False,False
image_0789.jpg,label_0789.png,True,False,False
image_0790.jpg,label_0790.png,True,False,False
image_0791.jpg,label_0791.png,True,False,False
image_0792.jpg,label_0792.png,True,False,False
image_0793.jpg,label_0793.png,True,False,False
image_0794.jpg,label_0794.png,False,False,True
image_0795.jpg,label_0795.png,True,False,False
image_0796.jpg,label_0796.png,False,True,False
image_0797.jpg,label_0797.png,True,False,False
image_0798.jpg,label_0798.png,True,False,False
image_0799.jpg,label_0799.png,True,False,False
image_0800.jpg,label_0800.png,True,False,False
image_0801.jpg,label_0801.png,False,True,False
image_0802.jpg,label_0802.png,True,False,False
image_0803.jpg,label_0803.png,True,False,False
image_0804.jpg,label_0804.png,False,False,True
image_0805.jpg,label_0805.png,True,False,False
image_0806.jpg,label_0806.png,True,False,False
image_0807.jpg,label_0807.png,True,False,False
image_0808.jpg,label_0808.png,True,False,False
image_0809.jpg,label_0809.png,True,False,False
image_0810.jpg,label_0810.png,True,False,False
image_0811.jpg,label_0811.png,False,True,False
image_0812.jpg,label_0812.png,True,False,False
image_0813.jpg,label_0813.png,False,False,True
image_0814.jpg,label_0814.png,True,False,False
image_0815.jpg,label_0815.png,False,True,False
image_0816.jpg,label_0816.png,True,False,False
image_0817.jpg,label_0817.png,True,False,False
image_0818.jpg,label_0818.png,True,False,False
image_0819.jpg,label_0819.png,True,False,False
image_0820.jpg,label_0820.png,True,False,False
image_0821.jpg,label_0821.png,True,False,False
image_0822.jpg,label_0822.png,False,True,False
image_0823.jpg,label_0823.png,False,True,False
image_0824.jpg,label_0824.png,True,False,False
image_0825.jpg,label_0825.png,True,False,False
image_0826.jpg,label_0826.png,True,False,False
image_0827.jpg,label_0827.png,False,True,False
image_0828.jpg,label_0828.png,True,False,False
image_0829.jpg,label_0829.png,True,False,False
image_0830.jpg,label_0830.png,False,False,True
image_0831.jpg,label_0831.png,True,False,False
image_0832.jpg,label_0832.png,True,False,False
image_0833.jpg,label_0833.png,True,False,False
image_0834.jpg,label_0834.png,False,False,True
image_0835.jpg,label_0835.png,True,False,False
image_0836.jpg,label_0836.png,True,False,False
image_0837.jpg,label_0837.png,True,False,False
image_0838.jpg,label_0838.png,True,False,False
image_0839.jpg,label_0839.png,True,False,False
image_0840.jpg,label_0840.png,True,False,False
image_0841.jpg,label_0841.png,True,False,False
image_0842.jpg,label_0842.png,True,False,False
image_0843.jpg,label_0843.png,True,False,False
image_0844.jpg,label_0844.png,True,False,False
image_0845.jpg,label_0845.png,True,False,False
image_0846.jpg,label_0846.png,True,False,False
image_0847.jpg,label_0847.png,True,False,False
image_0848.jpg,label_0848.png,True,False,False
image_0849.jpg,label_0849.png,True,False,False
image_0850.jpg,label_0850.png,False,True,False
image_0851.jpg,label_0851.png,True,False,False
image_0852.jpg,label_0852.png,True,False,False
image_0853.jpg,label_0853.png,True,False,False
image_0854.jpg,label_0854.png,True,False,False
image_0855.jpg,label_0855.png,True,False,False
image_0856.jpg,label_0856.png,True,False,False
image_0857.jpg,label_0857.png,True,False,False
image_0858.jpg,label_0858.png,True,False,False
image_0859.jpg,label_0859.png,True,False,False
image_0860.jpg,label_0860.png,True,False,False
image_0861.jpg,label_0861.png,True,False,False
image_0862.jpg,label_0862.png,True,False,False
image_0863.jpg,label_0863.png,False,False,True
image_0864.jpg,label_0864.png,True,False,False
image_0865.jpg,label_0865.png,True,False,False
image_0866.jpg,label_0866.png,True,False,False
image_0867.jpg,label_0867.png,False,False,True
image_0868.jpg,label_0868.png,True,False,False
image_0869.jpg,label_0869.png,False,False,True
image_0870.jpg,label_0870.png,True,False,False
image_0871.jpg,label_0871.png,False,True,False
image_0872.jpg,label_0872.png,True,False,False
image_0873.jpg,label_0873.png,False,False,True
image_0874.jpg,label_0874.png,True,False,False
image_0875.jpg,label_0875.png,True,False,False
image_0876.jpg,label_0876.png,True,False,False
image_0877.jpg,label_0877.png,True,False,False
image_0878.jpg,label_0878.png,False,True,False
image_0879.jpg,label_0879.png,True,False,False
image_0880.jpg,label_0880.png,True,False,False
image_0881.jpg,label_0881.png,True,False,False
image_0882.jpg,label_0882.png,True,False,False
image_0883.jpg,label_0883.png,True,False,False
image_0884.jpg,label_0884.png,True,False,False
image_0885.jpg,label_0885.png,True,False,False
image_0886.jpg,label_0886.png,False,False,True
image_0887.jpg,label_0887.png,True,False,False
image_0888.jpg,label_0888.png,True,False,False
image_0889.jpg,label_0889.png,True,False,False
image_0890.jpg,label_0890.png,True,False,False
image_0891.jpg,label_0891.png,True,False,False
image_0892.jpg,label_0892.png,True,False,False
image_0893.jpg,label_0893.png,True,False,False
image_0894.jpg,label_0894.png,True,False,False
image_0895.jpg,label_0895.png,True,False,False
image_0896.jpg,label_0896.png,True,False,False
image_0897.jpg,label_0897.png,False,False,True
image_0898.jpg,label_0898.png,False,True,False
image_0899.jpg,label_0899.png,True,False,False
image_0900.jpg,label_0900.png,True,False,False
image_0901.jpg,label_0901.png,True,False,False
image_0902.jpg,label_0902.png,True,False,False
image_0903.jpg,label_0903.png,True,False,False
image_0904.jpg,label_0904.png,True,False,False
image_0905.jpg,label_0905.png,False,False,True
image_0906.jpg,label_0906.png,True,False,False
image_0907.jpg,label_0907.png,True,False,False
image_0908.jpg,label_0908.png,True,False,False
image_0909.jpg,label_0909.png,True,False,False
image_0910.jpg,label_0910.png,False,False,True
image_0911.jpg,label_0911.png,True,False,False
image_0912.jpg,label_0912.png,True,False,False
image_0913.jpg,label_0913.png,False,True,False
image_0914.jpg,label_0914.png,True,False,False
image_0915.jpg,label_0915.png,True,False,False
image_0916.jpg,label_0916.png,True,False,False
image_0917.jpg,label_0917.png,True,False,False
image_0918.jpg,label_0918.png,True,False,False
image_0919.jpg,label_0919.png,True,False,False
image_0920.jpg,label_0920.png,False,False,True
image_0921.jpg,label_0921.png,True,False,False
image_0922.jpg,label_0922.png,False,True,False
image_0923.jpg,label_0923.png,True,False,False
image_0924.jpg,label_0924.png,True,False,False
image_0925.jpg,label_0925.png,True,False,False
image_0926.jpg,label_0926.png,True,False,False
image_0927.jpg,label_0927.png,True,False,False
image_0928.jpg,label_0928.png,False,True,False
image_0929.jpg,label_0929.png,True,False,False
image_0930.jpg,label_0930.png,True,False,False
image_0931.jpg,label_0931.png,True,False,False
image_0932.jpg,label_0932.png,True,False,False
image_0933.jpg,label_0933.png,True,False,False
image_0934.jpg,label_0934.png,True,False,False
image_0935.jpg,label_0935.png,True,False,False
image_0936.jpg,label_0936.png,True,False,False
image_0937.jpg,label_0937.png,False,False,True
image_0938.jpg,label_0938.png,True,False,False
image_0939.jpg,label_0939.png,True,False,False
image_0940.jpg,label_0940.png,False,False,True
image_0941.jpg,label_0941.png,True,False,False
image_0942.jpg,label_0942.png,True,False,False
image_0943.jpg,label_0943.png,False,False,True
image_0944.jpg,label_0944.png,True,False,False
image_0945.jpg,label_0945.png,True,False,False
image_0946.jpg,label_0946.png,True,False,False
image_0947.jpg,label_0947.png,True,False,False
image_0948.jpg,label_0948.png,True,False,False
image_0949.jpg,label_0949.png,True,False,False
image_0950.jpg,label_0950.png,True,False,False
image_0951.jpg,label_0951.png,False,False,True
image_0952.jpg,label_0952.png,False,False,True
image_0953.jpg,label_0953.png,True,False,False
image_0954.jpg,label_0954.png,True,False,False
image_0955.jpg,label_0955.png,True,False,False
image_0956.jpg,label_0956.png,True,False,False
image_0957.jpg,label_0957.png,False,False,True
image_0958.jpg,label_0958.png,True,False,False
image_0959.jpg,label_0959.png,True,False,False
image_0960.jpg,label_0960.png,True,False,False
image_0961.jpg,label_0961.png,True,False,False
image_0962.jpg,label_0962.png,True,False,False
image_0963.jpg,label_0963.png,True,False,False
image_0964.jpg,label_0964.png,True,False,False
image_0965.jpg,label_0965.png,True,False,False
image_0966.jpg,label_0966.png,True,False,False
image_0967.jpg,label_0967.png,True,False,False
image_0968.jpg,label_0968.png,True,False,False
image_0969.jpg,label_0969.png,False,True,False
image_0970.jpg,label_0970.png,True,False,False
image_0971.jpg,label_0971.png,True,False,False
image_0972.jpg,label_0972.png,True,False,False
image_0973.jpg,label_0973.png,False,True,False
image_0974.jpg,label_0974.png,True,False,False
image_0975.jpg,label_0975.png,True,False,False
image_0976.jpg,label_0976.png,True,False,False
image_0977.jpg,label_0977.png,True,False,False
image_0978.jpg,label_0978.png,False,True,False
image_0979.jpg,label_0979.png,True,False,False
image_0980.jpg,label_0980.png,True,False,False
image_0981.jpg,label_0981.png,True,False,False
image_0982.jpg,label_0982.png,True,False,False
image_0983.jpg,label_0983.png,True,False,False
image_0984.jpg,label_0984.png,True,False,False
image_0985.jpg,label_0985.png,True,False,False
image_0986.jpg,label_0986.png,True,False,False
image_0987.jpg,label_0987.png,False,False,True
image_0988.jpg,label_0988.png,True,False,False
image_0989.jpg,label_0989.png,True,False,False
image_0990.jpg,label_0990.png,True,False,False
image_0991.jpg,label_0991.png,True,False,False
image_0992.jpg,label_0992.png,False,True,False
image_0993.jpg,label_0993.png,True,False,False
image_0994.jpg,label_0994.png,True,False,False
image_0995.jpg,label_0995.png,True,False,False
image_0996.jpg,label_0996.png,True,False,False
image_0997.jpg,label_0997.png,True,False,False
image_0998.jpg,label_0998.png,True,False,False
image_0999.jpg,label_0999.png,True,False,False
image_1000.jpg,label_1000.png,True,False,False
image_1001.jpg,label_1001.png,True,False,False
image_1002.jpg,label_1002.png,True,False,False
image_1003.jpg,label_1003.png,False,False,True
image_1004.jpg,label_1004.png,True,False,False
image_1005.jpg,label_1005.png,True,False,False
image_1006.jpg,label_1006.png,True,False,False
image_1007.jpg,label_1007.png,True,False,False
image_1008.jpg,label_1008.png,True,False,False
image_1009.jpg,label_1009.png,False,False,True
image_1010.jpg,label_1010.png,True,False,False
image_1011.jpg,label_1011.png,True,False,False
image_1012.jpg,label_1012.png,True,False,False
image_1013.jpg,label_1013.png,True,False,False
image_1014.jpg,label_1014.png,False,False,True
image_1015.jpg,label_1015.png,True,False,False
image_1016.jpg,label_1016.png,True,False,False
image_1017.jpg,label_1017.png,True,False,False
image_1018.jpg,label_1018.png,True,False,False
image_1019.jpg,label_1019.png,True,False,False
image_1020.jpg,label_1020.png,False,False,True
image_1021.jpg,label_1021.png,True,False,False
image_1022.jpg,label_1022.png,True,False,False
image_1023.jpg,label_1023.png,True,False,False
image_1024.jpg,label_1024.png,True,False,False
image_1025.jpg,label_1025.png,True,False,False
image_1026.jpg,label_1026.png,True,False,False
image_1027.jpg,label_1027.png,True,False,False
image_1028.jpg,label_1028.png,True,False,False
image_1029.jpg,label_1029.png,True,False,False
image_1030.jpg,label_1030.png,False,True,False
image_1031.jpg,label_1031.png,False,False,True
image_1032.jpg,label_1032.png,True,False,False
image_1033.jpg,label_1033.png,True,False,False
image_1034.jpg,label_1034.png,True,False,False
image_1035.jpg,label_1035.png,False,False,True
image_1036.jpg,label_1036.png,True,False,False
image_1037.jpg,label_1037.png,True,False,False
image_1038.jpg,label_1038.png,True,False,False
image_1039.jpg,label_1039.png,True,False,False
image_1040.jpg,label_1040.png,True,False,False
image_1041.jpg,label_1041.png,True,False,False
image_1042.jpg,label_1042.png,True,False,False
image_1043.jpg,label_1043.png,False,True,False
image_1044.jpg,label_1044.png,True,False,False
image_1045.jpg,label_1045.png,True,False,False
image_1046.jpg,label_1046.png,True,False,False
image_1047.jpg,label_1047.png,True,False,False
image_1048.jpg,label_1048.png,True,False,False
image_1049.jpg,label_1049.png,True,False,False
image_1050.jpg,label_1050.png,True,False,False
image_1051.jpg,label_1051.png,True,False,False
image_1052.jpg,label_1052.png,False,False,True
image_1053.jpg,label_1053.png,False,True,False
image_1054.jpg,label_1054.png,True,False,False
image_1055.jpg,label_1055.png,True,False,False
image_1056.jpg,label_1056.png,False,False,True
image_1057.jpg,label_1057.png,True,False,False
image_1058.jpg,label_1058.png,True,False,False
image_1059.jpg,label_1059.png,False,True,False
image_1060.jpg,label_1060.png,True,False,False
image_1061.jpg,label_1061.png,False,True,False
image_1062.jpg,label_1062.png,True,False,False
image_1063.jpg,label_1063.png,False,False,True
image_1064.jpg,label_1064.png,True,False,False
image_1065.jpg,label_1065.png,True,False,False
image_1066.jpg,label_1066.png,True,False,False
image_1067.jpg,label_1067.png,True,False,False
image_1068.jpg,label_1068.png,True,False,False
image_1069.jpg,label_1069.png,True,False,False
image_1070.jpg,label_1070.png,False,False,True
image_1071.jpg,label_1071.png,True,False,False
image_1072.jpg,label_1072.png,True,False,False
image_1073.jpg,label_1073.png,True,False,False
image_1074.jpg,label_1074.png,True,False,False
image_1075.jpg,label_1075.png,True,False,False
image_1076.jpg,label_1076.png,False,True,False
image_1077.jpg,label_1077.png,True,False,False
image_1078.jpg,label_1078.png,True,False,False
image_1079.jpg,label_1079.png,False,True,False
image_1080.jpg,label_1080.png,True,False,False
image_1081.jpg,label_1081.png,True,False,False
image_1082.jpg,label_1082.png,True,False,False
image_1083.jpg,label_1083.png,True,False,False
image_1084.jpg,label_1084.png,True,False,False
image_1085.jpg,label_1085.png,True,False,False
image_1086.jpg,label_1086.png,True,False,False
image_1087.jpg,label_1087.png,False,True,False
image_1088.jpg,label_1088.png,True,False,False
image_1089.jpg,label_1089.png,True,False,False
image_1090.jpg,label_1090.png,True,False,False
image_1091.jpg,label_1091.png,False,False,True
image_1092.jpg,label_1092.png,True,False,False
image_1093.jpg,label_1093.png,False,True,False
image_1094.jpg,label_1094.png,True,False,False
image_1095.jpg,label_1095.png,False,True,False
image_1096.jpg,label_1096.png,False,True,False
image_1097.jpg,label_1097.png,True,False,False
image_1098.jpg,label_1098.png,True,False,False
image_1099.jpg,label_1099.png,True,False,False
image_1100.jpg,label_1100.png,True,False,False
image_1101.jpg,label_1101.png,False,True,False
image_1102.jpg,label_1102.png,False,True,False
image_1103.jpg,label_1103.png,True,False,False
image_1104.jpg,label_1104.png,True,False,False
image_1105.jpg,label_1105.png,True,False,False
image_1106.jpg,label_1106.png,False,True,False
image_1107.jpg,label_1107.png,True,False,False
image_1108.jpg,label_1108.png,False,False,True
image_1109.jpg,label_1109.png,True,False,False
image_1110.jpg,label_1110.png,True,False,False
image_1111.jpg,label_1111.png,True,False,False
image_1112.jpg,label_1112.png,False,True,False
image_1113.jpg,label_1113.png,True,False,False
image_1114.jpg,label_1114.png,True,False,False
image_1115.jpg,label_1115.png,True,False,False
image_1116.jpg,label_1116.png,True,False,False
image_1117.jpg,label_1117.png,True,False,False
image_1118.jpg,label_1118.png,True,False,False
image_1119.jpg,label_1119.png,True,False,False
image_1120.jpg,label_1120.png,True,False,False
image_1121.jpg,label_1121.png,True,False,False
image_1122.jpg,label_1122.png,True,False,False
image_1123.jpg,label_1123.png,True,False,False
image_1124.jpg,label_1124.png,False,True,False
image_1125.jpg,label_1125.png,True,False,False
image_1126.jpg,label_1126.png,False,False,True
image_1127.jpg,label_1127.png,False,True,False
image_1128.jpg,label_1128.png,True,False,False
image_1129.jpg,label_1129.png,True,False,False
image_1130.jpg,label_1130.png,True,False,False
image_1131.jpg,label_1131.png,True,False,False
image_1132.jpg,label_1132.png,True,False,False
image_1133.jpg,label_1133.png,True,False,False
image_1134.jpg,label_1134.png,True,False,False
image_1135.jpg,label_1135.png,False,False,True
image_1136.jpg,label_1136.png,True,False,False
image_1137.jpg,label_1137.png,True,False,False
image_1138.jpg,label_1138.png,True,False,False
image_1139.jpg,label_1139.png,True,False,False
image_1140.jpg,label_1140.png,True,False,False
image_1141.jpg,label_1141.png,True,False,False
image_1142.jpg,label_1142.png,False,True,False
image_1143.jpg,label_1143.png,True,False,False
image_1144.jpg,label_1144.png,True,False,False
image_1145.jpg,label_1145.png,True,False,False
image_1146.jpg,label_1146.png,True,False,False
image_1147.jpg,label_1147.png,True,False,False
image_1148.jpg,label_1148.png,True,False,False
image_1149.jpg,label_1149.png,True,False,False
image_1150.jpg,label_1150.png,True,False,False
image_1151.jpg,label_1151.png,True,False,False
image_1152.jpg,label_1152.png,True,False,False
image_1153.jpg,label_1153.png,True,False,False
image_1154.jpg,label_1154.png,False,True,False
image_1155.jpg,label_1155.png,True,False,False
image_1156.jpg,label_1156.png,False,False,True
image_1157.jpg,label_1157.png,True,False,False
image_1158.jpg,label_1158.png,True,False,False
image_1159.jpg,label_1159.png,True,False,False
image_1160.jpg,label_1160.png,True,False,False
image_1161.jpg,label_1161.png,True,False,False
image_1162.jpg,label_1162.png,True,False,False
image_1163.jpg,label_1163.png,True,False,False
image_1164.jpg,label_1164.png,True,False,False
image_1165.jpg,label_1165.png,True,False,False
image_1166.jpg,label_1166.png,True,False,False
image_1167.jpg,label_1167.png,False,True,False
image_1168.jpg,label_1168.png,True,False,False
image_1169.jpg,label_1169.png,True,False,False
image_1170.jpg,label_1170.png,False,False,True
image_1171.jpg,label_1171.png,True,False,False
image_1172.jpg,label_1172.png,True,False,False
image_1173.jpg,label_1173.png,True,False,False
image_1174.jpg,label_1174.png,False,False,True
image_1175.jpg,label_1175.png,True,False,False
image_1176.jpg,label_1176.png,True,False,False
image_1177.jpg,label_1177.png,False,True,False
image_1178.jpg,label_1178.png,True,False,False
image_1179.jpg,label_1179.png,True,False,False
image_1180.jpg,label_1180.png,True,False,False
image_1181.jpg,label_1181.png,True,False,False
image_1182.jpg,label_1182.png,True,False,False
image_1183.jpg,label_1183.png,False,False,True
image_1184.jpg,label_1184.png,False,True,False
image_1185.jpg,label_1185.png,False,False,True
image_1186.jpg,label_1186.png,True,False,False
image_1187.jpg,label_1187.png,True,False,False
image_1188.jpg,label_1188.png,True,False,False
image_1189.jpg,label_1189.png,False,False,True
image_1190.jpg,label_1190.png,True,False,False
image_1191.jpg,label_1191.png,True,False,False
image_1192.jpg,label_1192.png,False,False,True
image_1193.jpg,label_1193.png,True,False,False
image_1194.jpg,label_1194.png,True,False,False
image_1195.jpg,label_1195.png,True,False,False
image_1196.jpg,label_1196.png,True,False,False
image_1197.jpg,label_1197.png,True,False,False
image_1198.jpg,label_1198.png,True,False,False
image_1199.jpg,label_1199.png,True,False,False
image_1200.jpg,label_1200.png,True,False,False
image_1201.jpg,label_1201.png,True,False,False
image_1202.jpg,label_1202.png,True,False,False
image_1203.jpg,label_1203.png,False,True,False
image_1204.jpg,label_1204.png,True,False,False
image_1205.jpg,label_1205.png,True,False,False
image_1206.jpg,label_1206.png,False,True,False
image_1207.jpg,label_1207.png,True,False,False
image_1208.jpg,label_1208.png,True,False,False
image_1209.jpg,label_1209.png,False,False,True
image_1210.jpg,label_1210.png,True,False,False
image_1211.jpg,label_1211.png,True,False,False
image_1212.jpg,label_1212.png,True,False,False
image_1213.jpg,label_1213.png,True,False,False
image_1214.jpg,label_1214.png,True,False,False
image_1215.jpg,label_1215.png,True,False,False
image_1216.jpg,label_1216.png,True,False,False
image_1217.jpg,label_1217.png,False,True,False
image_1218.jpg,label_1218.png,False,False,True
image_1219.jpg,label_1219.png,True,False,False
image_1220.jpg,label_1220.png,False,False,True
image_1221.jpg,label_1221.png,True,False,False
image_1222.jpg,label_1222.png,True,False,False
image_1223.jpg,label_1223.png,True,False,False
image_1224.jpg,label_1224.png,True,False,False
image_1225.jpg,label_1225.png,True,False,False
image_1226.jpg,label_1226.png,True,False,False
image_1227.jpg,label_1227.png,True,False,False
image_1228.jpg,label_1228.png,True,False,False
image_1229.jpg,label_1229.png,True,False,False
image_1230.jpg,label_1230.png,False,True,False
image_1231.jpg,label_1231.png,True,False,False
image_1232.jpg,label_1232.png,True,False,False
image_1233.jpg,label_1233.png,True,False,False
image_1234.jpg,label_1234.png,True,False,False
image_1235.jpg,label_1235.png,True,False,False
image_1236.jpg,label_1236.png,True,False,False
image_1237.jpg,label_1237.png,True,False,False
image_1238.jpg,label_1238.png,True,False,False
image_1239.jpg,label_1239.png,True,False,False
image_1240.jpg,label_1240.png,True,False,False
image_1241.jpg,label_1241.png,True,False,False
image_1242.jpg,label_1242.png,True,False,False
image_1243.jpg,label_1243.png,False,True,False
image_1244.jpg,label_1244.png,False,False,True
image_1245.jpg,label_1245.png,True,False,False
image_1246.jpg,label_1246.png,True,False,False
image_1247.jpg,label_1247.png,False,True,False
image_1248.jpg,label_1248.png,False,False,True
image_1249.jpg,label_1249.png,True,False,False
image_1250.jpg,label_1250.png,False,True,False
image_1251.jpg,label_1251.png,False,True,False
image_1252.jpg,label_1252.png,True,False,False
image_1253.jpg,label_1253.png,True,False,False
image_1254.jpg,label_1254.png,True,False,False
image_1255.jpg,label_1255.png,False,True,False
image_1256.jpg,label_1256.png,True,False,False
image_1257.jpg,label_1257.png,True,False,False
image_1258.jpg,label_1258.png,True,False,False
image_1259.jpg,label_1259.png,True,False,False
image_1260.jpg,label_1260.png,True,False,False
image_1261.jpg,label_1261.png,True,False,False
image_1262.jpg,label_1262.png,True,False,False
image_1263.jpg,label_1263.png,False,False,True
image_1264.jpg,label_1264.png,True,False,False
image_1265.jpg,label_1265.png,False,False,True
image_1266.jpg,label_1266.png,True,False,False
image_1267.jpg,label_1267.png,True,False,False
image_1268.jpg,label_1268.png,False,False,True
image_1269.jpg,label_1269.png,True,False,False
image_1270.jpg,label_1270.png,True,False,False
image_1271.jpg,label_1271.png,False,False,True
image_1272.jpg,label_1272.png,True,False,False
image_1273.jpg,label_1273.png,True,False,False
image_1274.jpg,label_1274.png,True,False,False
image_1275.jpg,label_1275.png,True,False,False
image_1276.jpg,label_1276.png,True,False,False
image_1277.jpg,label_1277.png,True,False,False
image_1278.jpg,label_1278.png,True,False,False
image_1279.jpg,label_1279.png,True,False,False
image_1280.jpg,label_1280.png,True,False,False
image_1281.jpg,label_1281.png,True,False,False
image_1282.jpg,label_1282.png,True,False,False
image_1283.jpg,label_1283.png,True,False,False
image_1284.jpg,label_1284.png,False,True,False
image_1285.jpg,label_1285.png,True,False,False
image_1286.jpg,label_1286.png,True,False,False
image_1287.jpg,label_1287.png,True,False,False
image_1288.jpg,label_1288.png,True,False,False
image_1289.jpg,label_1289.png,False,False,True
image_1290.jpg,label_1290.png,False,True,False
image_1291.jpg,label_1291.png,True,False,False
image_1292.jpg,label_1292.png,True,False,False
image_1293.jpg,label_1293.png,True,False,False
image_1294.jpg,label_1294.png,True,False,False
image_1295.jpg,label_1295.png,True,False,False
image_1296.jpg,label_1296.png,True,False,False
image_1297.jpg,label_1297.png,True,False,False
image_1298.jpg,label_1298.png,True,False,False
image_1299.jpg,label_1299.png,False,True,False
image_1300.jpg,label_1300.png,True,False,False
image_1301.jpg,label_1301.png,True,False,False
image_1302.jpg,label_1302.png,True,False,False
image_1303.jpg,label_1303.png,True,False,False
image_1304.jpg,label_1304.png,True,False,False
image_1305.jpg,label_1305.png,True,False,False
image_1306.jpg,label_1306.png,True,False,False
image_1307.jpg,label_1307.png,True,False,False
image_1308.jpg,label_1308.png,False,True,False
image_1309.jpg,label_1309.png,True,False,False
image_1310.jpg,label_1310.png,True,False,False
image_1311.jpg,label_1311.png,False,True,False
image_1312.jpg,label_1312.png,True,False,False
image_1313.jpg,label_1313.png,True,False,False
image_1314.jpg,label_1314.png,True,False,False
image_1315.jpg,label_1315.png,False,False,True
image_1316.jpg,label_1316.png,False,False,True
image_1317.jpg,label_1317.png,True,False,False
image_1318.jpg,label_1318.png,True,False,False
image_1319.jpg,label_1319.png,False,True,False
image_1320.jpg,label_1320.png,True,False,False
image_1321.jpg,label_1321.png,True,False,False
image_1322.jpg,label_1322.png,False,True,False
image_1323.jpg,label_1323.png,True,False,False
image_1324.jpg,label_1324.png,True,False,False
image_1325.jpg,label_1325.png,True,False,False
image_1326.jpg,label_1326.png,True,False,False
image_1327.jpg,label_1327.png,True,False,False
image_1328.jpg,label_1328.png,True,False,False
image_1329.jpg,label_1329.png,True,False,False
image_1330.jpg,label_1330.png,True,False,False
image_1331.jpg,label_1331.png,True,False,False
image_1332.jpg,label_1332.png,True,False,False
image_1333.jpg,label_1333.png,False,False,True
image_1334.jpg,label_1334.png,True,False,False
image_1335.jpg,label_1335.png,False,True,False
image_1336.jpg,label_1336.png,False,False,True
image_1337.jpg,label_1337.png,True,False,False
image_1338.jpg,label_1338.png,True,False,False
image_1339.jpg,label_1339.png,True,False,False
image_1340.jpg,label_1340.png,True,False,False
image_1341.jpg,label_1341.png,True,False,False
image_1342.jpg,label_1342.png,False,True,False
image_1343.jpg,label_1343.png,True,False,False
image_1344.jpg,label_1344.png,True,False,False
image_1345.jpg,label_1345.png,True,False,False
image_1346.jpg,label_1346.png,True,False,False
image_1347.jpg,label_1347.png,True,False,False
image_1348.jpg,label_1348.png,True,False,False
image_1349.jpg,label_1349.png,True,False,False
image_1350.jpg,label_1350.png,False,False,True
image_1351.jpg,label_1351.png,True,False,False
image_1352.jpg,label_1352.png,False,False,True
image_1353.jpg,label_1353.png,False,True,False
image_1354.jpg,label_1354.png,True,False,False
image_1355.jpg,label_1355.png,True,False,False
image_1356.jpg,label_1356.png,False,True,False
image_1357.jpg,label_1357.png,True,False,False
image_1358.jpg,label_1358.png,True,False,False
image_1359.jpg,label_1359.png,True,False,False
image_1360.jpg,label_1360.png,True,False,False
image_1361.jpg,label_1361.png,True,False,False
image_1362.jpg,label_1362.png,True,False,False
image_1363.jpg,label_1363.png,True,False,False
image_1364.jpg,label_1364.png,True,False,False
image_1365.jpg,label_1365.png,True,False,False
image_1366.jpg,label_1366.png,True,False,False
image_1367.jpg,label_1367.png,True,False,False
image_1368.jpg,label_1368.png,True,False,False
image_1369.jpg,label_1369.png,True,False,False
image_1370.jpg,label_1370.png,True,False,False
image_1371.jpg,label_1371.png,True,False,False
image_1372.jpg,label_1372.png,True,False,False
image_1373.jpg,label_1373.png,True,False,False
image_1374.jpg,label_1374.png,True,False,False
image_1375.jpg,label_1375.png,False,False,True
image_1376.jpg,label_1376.png,True,False,False
image_1377.jpg,label_1377.png,True,False,False
image_1378.jpg,label_1378.png,True,False,False
image_1379.jpg,label_1379.png,True,False,False
image_1380.jpg,label_1380.png,True,False,False
image_1381.jpg,label_1381.png,True,False,False
image_1382.jpg,label_1382.png,False,True,False
image_1383.jpg,label_1383.png,True,False,False
image_1384.jpg,label_1384.png,True,False,False
image_1385.jpg,label_1385.png,True,False,False
image_1386.jpg,label_1386.png,False,True,False
image_1387.jpg,label_1387.png,True,False,False
image_1388.jpg,label_1388.png,False,False,True
image_1389.jpg,label_1389.png,True,False,False
image_1390.jpg,label_1390.png,False,False,True
image_1391.jpg,label_1391.png,True,False,False
image_1392.jpg,label_1392.png,True,False,False
image_1393.jpg,label_1393.png,True,False,False
image_1394.jpg,label_1394.png,True,False,False
image_1395.jpg,label_1395.png,True,False,False
image_1396.jpg,label_1396.png,True,False,False
image_1397.jpg,label_1397.png,True,False,False
image_1398.jpg,label_1398.png,True,False,False
image_1399.jpg,label_1399.png,False,False,True
image_1400.jpg,label_1400.png,True,False,False
image_1401.jpg,label_1401.png,True,False,False
image_1402.jpg,label_1402.png,True,False,False
image_1403.jpg,label_1403.png,True,False,False
image_1404.jpg,label_1404.png,True,False,False
image_1405.jpg,label_1405.png,False,True,False
image_1406.jpg,label_1406.png,True,False,False
image_1407.jpg,label_1407.png,True,False,False
image_1408.jpg,label_1408.png,True,False,False
image_1409.jpg,label_1409.png,True,False,False
image_1410.jpg,label_1410.png,False,True,False
image_1411.jpg,label_1411.png,True,False,False
image_1412.jpg,label_1412.png,True,False,False
image_1413.jpg,label_1413.png,True,False,False
image_1414.jpg,label_1414.png,True,False,False
image_1415.jpg,label_1415.png,True,False,False
image_1416.jpg,label_1416.png,True,False,False
image_1417.jpg,label_1417.png,True,False,False
image_1418.jpg,label_1418.png,True,False,False
image_1419.jpg,label_1419.png,True,False,False
image_1420.jpg,label_1420.png,True,False,False
image_1421.jpg,label_1421.png,True,False,False
image_1422.jpg,label_1422.png,True,False,False
image_1423.jpg,label_1423.png,True,False,False
image_1424.jpg,label_1424.png,True,False,False
image_1425.jpg,label_1425.png,True,False,False
image_1426.jpg,label_1426.png,True,False,False
image_1427.jpg,label_1427.png,True,False,False
image_1428.jpg,label_1428.png,True,False,False
image_1429.jpg,label_1429.png,True,False,False
image_1430.jpg,label_1430.png,True,False,False
image_1431.jpg,label_1431.png,True,False,False
image_1432.jpg,label_1432.png,False,False,True
image_1433.jpg,label_1433.png,True,False,False
image_1434.jpg,label_1434.png,True,False,False
image_1435.jpg,label_1435.png,True,False,False
image_1436.jpg,label_1436.png,True,False,False
image_1437.jpg,label_1437.png,True,False,False
image_1438.jpg,label_1438.png,True,False,False
image_1439.jpg,label_1439.png,True,False,False
image_1440.jpg,label_1440.png,True,False,False
image_1441.jpg,label_1441.png,True,False,False
image_1442.jpg,label_1442.png,True,False,False
image_1443.jpg,label_1443.png,False,False,True
image_1444.jpg,label_1444.png,True,False,False
image_1445.jpg,label_1445.png,True,False,False
image_1446.jpg,label_1446.png,True,False,False
image_1447.jpg,label_1447.png,False,True,False
image_1448.jpg,label_1448.png,False,True,False
image_1449.jpg,label_1449.png,True,False,False
image_1450.jpg,label_1450.png,False,False,True
image_1451.jpg,label_1451.png,True,False,False
image_1452.jpg,label_1452.png,True,False,False
image_1453.jpg,label_1453.png,False,True,False
image_1454.jpg,label_1454.png,True,False,False
image_1455.jpg,label_1455.png,False,False,True
image_1456.jpg,label_1456.png,True,False,False
image_1457.jpg,label_1457.png,True,False,False
image_1458.jpg,label_1458.png,False,True,False
image_1459.jpg,label_1459.png,True,False,False
image_1460.jpg,label_1460.png,True,False,False
image_1461.jpg,label_1461.png,False,False,True
image_1462.jpg,label_1462.png,True,False,False
image_1463.jpg,label_1463.png,True,False,False
image_1464.jpg,label_1464.png,True,False,False
image_1465.jpg,label_1465.png,False,True,False
image_1466.jpg,label_1466.png,True,False,False
image_1467.jpg,label_1467.png,True,False,False
image_1468.jpg,label_1468.png,True,False,False
image_1469.jpg,label_1469.png,True,False,False
image_1470.jpg,label_1470.png,True,False,False
image_1471.jpg,label_1471.png,True,False,False
image_1472.jpg,label_1472.png,True,False,False
image_1473.jpg,label_1473.png,True,False,False
image_1474.jpg,label_1474.png,True,False,False
image_1475.jpg,label_1475.png,True,False,False
image_1476.jpg,label_1476.png,False,False,True
image_1477.jpg,label_1477.png,True,False,False
image_1478.jpg,label_1478.png,True,False,False
image_1479.jpg,label_1479.png,True,False,False
image_1480.jpg,label_1480.png,False,True,False
image_1481.jpg,label_1481.png,True,False,False
image_1482.jpg,label_1482.png,False,True,False
image_1483.jpg,label_1483.png,True,False,False
image_1484.jpg,label_1484.png,True,False,False
image_1485.jpg,label_1485.png,True,False,False
image_1486.jpg,label_1486.png,True,False,False
image_1487.jpg,label_1487.png,True,False,False
image_1488.jpg,label_1488.png,False,False,True
image_1489.jpg,label_1489.png,True,False,False
image_1490.jpg,label_1490.png,True,False,False
image_1491.jpg,label_1491.png,True,False,False
image_1492.jpg,label_1492.png,True,False,False
image_1493.jpg,label_1493.png,True,False,False
image_1494.jpg,label_1494.png,True,False,False
image_1495.jpg,label_1495.png,True,False,False
image_1496.jpg,label_1496.png,True,False,False
image_1497.jpg,label_1497.png,True,False,False
image_1498.jpg,label_1498.png,True,False,False
image_1499.jpg,label_1499.png,True,False,False
image_1500.jpg,label_1500.png,True,False,False
image_1501.jpg,label_1501.png,True,False,False
image_1502.jpg,label_1502.png,True,False,False
image_1503.jpg,label_1503.png,True,False,False
image_1504.jpg,label_1504.png,True,False,False
image_1505.jpg,label_1505.png,True,False,False
image_1506.jpg,label_1506.png,True,False,False
image_1507.jpg,label_1507.png,False,False,True
image_1508.jpg,label_1508.png,False,True,False
image_1509.jpg,label_1509.png,True,False,False
image_1510.jpg,label_1510.png,True,False,False
image_1511.jpg,label_1511.png,True,False,False
image_1512.jpg,label_1512.png,True,False,False
image_1513.jpg,label_1513.png,True,False,False
image_1514.jpg,label_1514.png,True,False,False
image_1515.jpg,label_1515.png,True,False,False
image_1516.jpg,label_1516.png,True,False,False
image_1517.jpg,label_1517.png,True,False,False
image_1518.jpg,label_1518.png,False,True,False
image_1519.jpg,label_1519.png,True,False,False
image_1520.jpg,label_1520.png,True,False,False
image_1521.jpg,label_1521.png,False,True,False
image_1522.jpg,label_1522.png,False,False,True
image_1523.jpg,label_1523.png,False,True,False
image_1524.jpg,label_1524.png,True,False,False
image_1525.jpg,label_1525.png,True,False,False
image_1526.jpg,label_1526.png,True,False,False
image_1527.jpg,label_1527.png,True,False,False
image_1528.jpg,label_1528.png,True,False,False
image_1529.jpg,label_1529.png,True,False,False
image_1530.jpg,label_1530.png,False,False,True
image_1531.jpg,label_1531.png,True,False,False
image_1532.jpg,label_1532.png,True,False,False
image_1533.jpg,label_1533.png,False,True,False
image_1534.jpg,label_1534.png,False,False,True
image_1535.jpg,label_1535.png,True,False,False
image_1536.jpg,label_1536.png,True,False,False
image_1537.jpg,label_1537.png,False,False,True
image_1538.jpg,label_1538.png,True,False,False
image_1539.jpg,label_1539.png,True,False,False
image_1540.jpg,label_1540.png,True,False,False
image_1541.jpg,label_1541.png,True,False,False
image_1542.jpg,label_1542.png,False,True,False
image_1543.jpg,label_1543.png,True,False,False
image_1544.jpg,label_1544.png,True,False,False
image_1545.jpg,label_1545.png,True,False,False
image_1546.jpg,label_1546.png,True,False,False
image_1547.jpg,label_1547.png,True,False,False
image_1548.jpg,label_1548.png,True,False,False
image_1549.jpg,label_1549.png,True,False,False
image_1550.jpg,label_1550.png,True,False,False
image_1551.jpg,label_1551.png,True,False,False
image_1552.jpg,label_1552.png,True,False,False
image_1553.jpg,label_1553.png,True,False,False
image_1554.jpg,label_1554.png,True,False,False
image_1555.jpg,label_1555.png,True,False,False
image_1556.jpg,label_1556.png,True,False,False
image_1557.jpg,label_1557.png,True,False,False
image_1558.jpg,label_1558.png,True,False,False
image_1559.jpg,label_1559.png,False,False,True
image_1560.jpg,label_1560.png,True,False,False
image_1561.jpg,label_1561.png,True,False,False
image_1562.jpg,label_1562.png,True,False,False
image_1563.jpg,label_1563.png,True,False,False
image_1564.jpg,label_1564.png,True,False,False
image_1565.jpg,label_1565.png,True,False,False
image_1566.jpg,label_1566.png,True,False,False
image_1567.jpg,label_1567.png,False,True,False
image_1568.jpg,label_1568.png,True,False,False
image_1569.jpg,label_1569.png,True,False,False
image_1570.jpg,label_1570.png,True,False,False
image_1571.jpg,label_1571.png,True,False,False
image_1572.jpg,label_1572.png,True,False,False
image_1573.jpg,label_1573.png,True,False,False
image_1574.jpg,label_1574.png,True,False,False
image_1575.jpg,label_1575.png,True,False,False
image_1576.jpg,label_1576.png,True,False,False
image_1577.jpg,label_1577.png,True,False,False
image_1578.jpg,label_1578.png,True,False,False
image_1579.jpg,label_1579.png,True,False,False
image_1580.jpg,label_1580.png,True,False,False
image_1581.jpg,label_1581.png,True,False,False
image_1582.jpg,label_1582.png,True,False,False
image_1583.jpg,label_1583.png,True,False,False
image_1584.jpg,label_1584.png,True,False,False
image_1585.jpg,label_1585.png,True,False,False
image_1586.jpg,label_1586.png,True,False,False
image_1587.jpg,label_1587.png,False,False,True
image_1588.jpg,label_1588.png,True,False,False
image_1589.jpg,label_1589.png,True,False,False
image_1590.jpg,label_1590.png,True,False,False
image_1591.jpg,label_1591.png,True,False,False
image_1592.jpg,label_1592.png,True,False,False
image_1593.jpg,label_1593.png,True,False,False
image_1594.jpg,label_1594.png,True,False,False
image_1595.jpg,label_1595.png,True,False,False
image_1596.jpg,label_1596.png,True,False,False
image_1597.jpg,label_1597.png,True,False,False
image_1598.jpg,label_1598.png,True,False,False
image_1599.jpg,label_1599.png,True,False,False
image_1600.jpg,label_1600.png,True,False,False
image_1601.jpg,label_1601.png,True,False,False
image_1602.jpg,label_1602.png,True,False,False
image_1603.jpg,label_1603.png,False,False,True
image_1604.jpg,label_1604.png,False,True,False
image_1605.jpg,label_1605.png,True,False,False
image_1606.jpg,label_1606.png,True,False,False
image_1607.jpg,label_1607.png,True,False,False
image_1608.jpg,label_1608.png,True,False,False
image_1609.jpg,label_1609.png,True,False,False
image_1610.jpg,label_1610.png,False,False,True
image_1611.jpg,label_1611.png,False,False,True
image_1612.jpg,label_1612.png,True,False,False
image_1613.jpg,label_1613.png,True,False,False
image_1614.jpg,label_1614.png,True,False,False
image_1615.jpg,label_1615.png,True,False,False
image_1616.jpg,label_1616.png,True,False,False
image_1617.jpg,label_1617.png,False,False,True
image_1618.jpg,label_1618.png,True,False,False
image_1619.jpg,label_1619.png,True,False,False
image_1620.jpg,label_1620.png,False,False,True
image_1621.jpg,label_1621.png,True,False,False
image_1622.jpg,label_1622.png,True,False,False
image_1623.jpg,label_1623.png,True,False,False
image_1624.jpg,label_1624.png,True,False,False
image_1625.jpg,label_1625.png,True,False,False
image_1626.jpg,label_1626.png,True,False,False
image_1627.jpg,label_1627.png,False,False,True
image_1628.jpg,label_1628.png,False,True,False
image_1629.jpg,label_1629.png,False,True,False
image_1630.jpg,label_1630.png,True,False,False
image_1631.jpg,label_1631.png,True,False,False
image_1632.jpg,label_1632.png,True,False,False
image_1633.jpg,label_1633.png,True,False,False
image_1634.jpg,label_1634.png,True,False,False
image_1635.jpg,label_1635.png,False,True,False
image_1636.jpg,label_1636.png,False,False,True
image_1637.jpg,label_1637.png,True,False,False
image_1638.jpg,label_1638.png,True,False,False
image_1639.jpg,label_1639.png,False,True,False
image_1640.jpg,label_1640.png,True,False,False
image_1641.jpg,label_1641.png,True,False,False
image_1642.jpg,label_1642.png,True,False,False
image_1643.jpg,label_1643.png,True,False,False
image_1644.jpg,label_1644.png,True,False,False
image_1645.jpg,label_1645.png,True,False,False
image_1646.jpg,label_1646.png,False,False,True
image_1647.jpg,label_1647.png,True,False,False
image_1648.jpg,label_1648.png,True,False,False
image_1649.jpg,label_1649.png,False,True,False
image_1650.jpg,label_1650.png,True,False,False
image_1651.jpg,label_1651.png,True,False,False
image_1652.jpg,label_1652.png,True,False,False
image_1653.jpg,label_1653.png,True,False,False
image_1654.jpg,label_1654.png,True,False,False
image_1655.jpg,label_1655.png,False,True,False
image_1656.jpg,label_1656.png,False,False,True
image_1657.jpg,label_1657.png,True,False,False
image_1658.jpg,label_1658.png,True,False,False
image_1659.jpg,label_1659.png,True,False,False
image_1660.jpg,label_1660.png,True,False,False
image_1661.jpg,label_1661.png,True,False,False
image_1662.jpg,label_1662.png,True,False,False
image_1663.jpg,label_1663.png,True,False,False
image_1664.jpg,label_1664.png,True,False,False
image_1665.jpg,label_1665.png,True,False,False
image_1666.jpg,label_1666.png,True,False,False
image_1667.jpg,label_1667.png,False,False,True
image_1668.jpg,label_1668.png,True,False,False
image_1669.jpg,label_1669.png,True,False,False
image_1670.jpg,label_1670.png,True,False,False
image_1671.jpg,label_1671.png,True,False,False
image_1672.jpg,label_1672.png,True,False,False
image_1673.jpg,label_1673.png,True,False,False
image_1674.jpg,label_1674.png,True,False,False
image_1675.jpg,label_1675.png,True,False,False
image_1676.jpg,label_1676.png,True,False,False
image_1677.jpg,label_1677.png,True,False,False
image_1678.jpg,label_1678.png,False,True,False
image_1679.jpg,label_1679.png,False,True,False
image_1680.jpg,label_1680.png,True,False,False
image_1681.jpg,label_1681.png,True,False,False
image_1682.jpg,label_1682.png,True,False,False
image_1683.jpg,label_1683.png,False,True,False
image_1684.jpg,label_1684.png,True,False,False
image_1685.jpg,label_1685.png,True,False,False
image_1686.jpg,label_1686.png,True,False,False
image_1687.jpg,label_1687.png,False,True,False
image_1688.jpg,label_1688.png,False,False,True
image_1689.jpg,label_1689.png,True,False,False
image_1690.jpg,label_1690.png,True,False,False
image_1691.jpg,label_1691.png,True,False,False
image_1692.jpg,label_1692.png,True,False,False
image_1693.jpg,label_1693.png,True,False,False
image_1694.jpg,label_1694.png,True,False,False
image_1695.jpg,label_1695.png,True,False,False
image_1696.jpg,label_1696.png,True,False,False
image_1697.jpg,label_1697.png,False,False,True
image_1698.jpg,label_1698.png,True,False,False
image_1699.jpg,label_1699.png,True,False,False
image_1700.jpg,label_1700.png,True,False,False
image_1701.jpg,label_1701.png,True,False,False
image_1702.jpg,label_1702.png,False,True,False
image_1703.jpg,label_1703.png,False,False,True
image_1704.jpg,label_1704.png,True,False,False
image_1705.jpg,label_1705.png,False,True,False
image_1706.jpg,label_1706.png,True,False,False
image_1707.jpg,label_1707.png,True,False,False
image_1708.jpg,label_1708.png,True,False,False
image_1709.jpg,label_1709.png,True,False,False
image_1710.jpg,label_1710.png,True,False,False
image_1711.jpg,label_1711.png,True,False,False
image_1712.jpg,label_1712.png,True,False,False
image_1713.jpg,label_1713.png,True,False,False
image_1714.jpg,label_1714.png,True,False,False
image_1715.jpg,label_1715.png,True,False,False
image_1716.jpg,label_1716.png,False,True,False
image_1717.jpg,label_1717.png,True,False,False
image_1718.jpg,label_1718.png,True,False,False
image_1719.jpg,label_1719.png,False,False,True
image_1720.jpg,label_1720.png,True,False,False
image_1721.jpg,label_1721.png,True,False,False
image_1722.jpg,label_1722.png,True,False,False
image_1723.jpg,label_1723.png,False,False,True
image_1724.jpg,label_1724.png,True,False,False
image_1725.jpg,label_1725.png,False,True,False
image_1726.jpg,label_1726.png,True,False,False
image_1727.jpg,label_1727.png,True,False,False
image_1728.jpg,label_1728.png,False,True,False
image_1729.jpg,label_1729.png,True,False,False
image_1730.jpg,label_1730.png,False,True,False
image_1731.jpg,label_1731.png,True,False,False
image_1732.jpg,label_1732.png,False,False,True
image_1733.jpg,label_1733.png,True,False,False
image_1734.jpg,label_1734.png,True,False,False
image_1735.jpg,label_1735.png,True,False,False
image_1736.jpg,label_1736.png,True,False,False
image_1737.jpg,label_1737.png,True,False,False
image_1738.jpg,label_1738.png,True,False,False
image_1739.jpg,label_1739.png,False,True,False
image_1740.jpg,label_1740.png,True,False,False
image_1741.jpg,label_1741.png,False,True,False
image_1742.jpg,label_1742.png,False,False,True
image_1743.jpg,label_1743.png,True,False,False
image_1744.jpg,label_1744.png,True,False,False
image_1745.jpg,label_1745.png,True,False,False
image_1746.jpg,label_1746.png,True,False,False
image_1747.jpg,label_1747.png,True,False,False
image_1748.jpg,label_1748.png,False,False,True
image_1749.jpg,label_1749.png,True,False,False
image_1750.jpg,label_1750.png,True,False,False
image_1751.jpg,label_1751.png,True,False,False
image_1752.jpg,label_1752.png,True,False,False
image_1753.jpg,label_1753.png,True,False,False
image_1754.jpg,label_1754.png,True,False,False
image_1755.jpg,label_1755.png,True,False,False
image_1756.jpg,label_1756.png,True,False,False
image_1757.jpg,label_1757.png,True,False,False
image_1758.jpg,label_1758.png,False,False,True
image_1759.jpg,label_1759.png,True,False,False
image_1760.jpg,label_1760.png,True,False,False
image_1761.jpg,label_1761.png,False,False,True
image_1762.jpg,label_1762.png,True,False,False
image_1763.jpg,label_1763.png,True,False,False
image_1764.jpg,label_1764.png,True,False,False
image_1765.jpg,label_1765.png,True,False,False
image_1766.jpg,label_1766.png,True,False,False
image_1767.jpg,label_1767.png,True,False,False
image_1768.jpg,label_1768.png,True,False,False
image_1769.jpg,label_1769.png,True,False,False
image_1770.jpg,label_1770.png,False,True,False
image_1771.jpg,label_1771.png,True,False,False
image_1772.jpg,label_1772.png,False,True,False
image_1773.jpg,label_1773.png,False,True,False
image_1774.jpg,label_1774.png,True,False,False
image_1775.jpg,label_1775.png,True,False,False
image_1776.jpg,label_1776.png,True,False,False
image_1777.jpg,label_1777.png,True,False,False
image_1778.jpg,label_1778.png,False,True,False
image_1779.jpg,label_1779.png,True,False,False
image_1780.jpg,label_1780.png,True,False,False
image_1781.jpg,label_1781.png,True,False,False
image_1782.jpg,label_1782.png,False,True,False
image_1783.jpg,label_1783.png,True,False,False
image_1784.jpg,label_1784.png,False,False,True
image_1785.jpg,label_1785.png,False,True,False
image_1786.jpg,label_1786.png,True,False,False
image_1787.jpg,label_1787.png,True,False,False
image_1788.jpg,label_1788.png,True,False,False
image_1789.jpg,label_1789.png,True,False,False
image_1790.jpg,label_1790.png,True,False,False
image_1791.jpg,label_1791.png,True,False,False
image_1792.jpg,label_1792.png,True,False,False
image_1793.jpg,label_1793.png,True,False,False
image_1794.jpg,label_1794.png,True,False,False
image_1795.jpg,label_1795.png,True,False,False
image_1796.jpg,label_1796.png,True,False,False
image_1797.jpg,label_1797.png,True,False,False
image_1798.jpg,label_1798.png,False,True,False
image_1799.jpg,label_1799.png,True,False,False
image_1800.jpg,label_1800.png,True,False,False
image_1801.jpg,label_1801.png,True,False,False
image_1802.jpg,label_1802.png,True,False,False
image_1803.jpg,label_1803.png,False,True,False
image_1804.jpg,label_1804.png,True,False,False
image_1805.jpg,label_1805.png,True,False,False
image_1806.jpg,label_1806.png,True,False,False
image_1807.jpg,label_1807.png,False,True,False
image_1808.jpg,label_1808.png,True,False,False
image_1809.jpg,label_1809.png,True,False,False
image_1810.jpg,label_1810.png,True,False,False
image_1811.jpg,label_1811.png,True,False,False
image_1812.jpg,label_1812.png,True,False,False
image_1813.jpg,label_1813.png,True,False,False
image_1814.jpg,label_1814.png,True,False,False
image_1815.jpg,label_1815.png,True,False,False
image_1816.jpg,label_1816.png,True,False,False
image_1817.jpg,label_1817.png,True,False,False
image_1818.jpg,label_1818.png,True,False,False
image_1819.jpg,label_1819.png,True,False,False
image_1820.jpg,label_1820.png,True,False,False
image_1821.jpg,label_1821.png,True,False,False
image_1822.jpg,label_1822.png,True,False,False
image_1823.jpg,label_1823.png,True,False,False
image_1824.jpg,label_1824.png,False,True,False
image_1825.jpg,label_1825.png,False,True,False
image_1826.jpg,label_1826.png,True,False,False
image_1827.jpg,label_1827.png,True,False,False
image_1828.jpg,label_1828.png,True,False,False
image_1829.jpg,label_1829.png,True,False,False
image_1830.jpg,label_1830.png,True,False,False
image_1831.jpg,label_1831.png,False,False,True
image_1832.jpg,label_1832.png,True,False,False
image_1833.jpg,label_1833.png,True,False,False
image_1834.jpg,label_1834.png,True,False,False
image_1835.jpg,label_1835.png,False,True,False
image_1836.jpg,label_1836.png,True,False,False
image_1837.jpg,label_1837.png,False,True,False
image_1838.jpg,label_1838.png,False,False,True
image_1839.jpg,label_1839.png,True,False,False
image_1840.jpg,label_1840.png,True,False,False
image_1841.jpg,label_1841.png,False,True,False
image_1842.jpg,label_1842.png,True,False,False
image_1843.jpg,label_1843.png,True,False,False
image_1844.jpg,label_1844.png,True,False,False
image_1845.jpg,label_1845.png,True,False,False
image_1846.jpg,label_1846.png,False,False,True
image_1847.jpg,label_1847.png,True,False,False
image_1848.jpg,label_1848.png,True,False,False
image_1849.jpg,label_1849.png,False,False,True
image_1850.jpg,label_1850.png,True,False,False
image_1851.jpg,label_1851.png,False,False,True
image_1852.jpg,label_1852.png,True,False,False
image_1853.jpg,label_1853.png,True,False,False
image_1854.jpg,label_1854.png,True,False,False
image_1855.jpg,label_1855.png,False,True,False
image_1856.jpg,label_1856.png,True,False,False
image_1857.jpg,label_1857.png,True,False,False
image_1858.jpg,label_1858.png,True,False,False
image_1859.jpg,label_1859.png,True,False,False
image_1860.jpg,label_1860.png,False,True,False
image_1861.jpg,label_1861.png,True,False,False
image_1862.jpg,label_1862.png,True,False,False
image_1863.jpg,label_1863.png,True,False,False
image_1864.jpg,label_1864.png,True,False,False
image_1865.jpg,label_1865.png,True,False,False
image_1866.jpg,label_1866.png,True,False,False
image_1867.jpg,label_1867.png,False,False,True
image_1868.jpg,label_1868.png,True,False,False
image_1869.jpg,label_1869.png,True,False,False
image_1870.jpg,label_1870.png,True,False,False
image_1871.jpg,label_1871.png,True,False,False
image_1872.jpg,label_1872.png,True,False,False
image_1873.jpg,label_1873.png,True,False,False
image_1874.jpg,label_1874.png,True,False,False
image_1875.jpg,label_1875.png,True,False,False
image_1876.jpg,label_1876.png,False,False,True
image_1877.jpg,label_1877.png,True,False,False
image_1878.jpg,label_1878.png,True,False,False
image_1879.jpg,label_1879.png,False,False,True
image_1880.jpg,label_1880.png,False,False,True
image_1881.jpg,label_1881.png,True,False,False
image_1882.jpg,label_1882.png,True,False,False
image_1883.jpg,label_1883.png,True,False,False
image_1884.jpg,label_1884.png,True,False,False
image_1885.jpg,label_1885.png,True,False,False
image_1886.jpg,label_1886.png,True,False,False
image_1887.jpg,label_1887.png,True,False,False
image_1888.jpg,label_1888.png,True,False,False
image_1889.jpg,label_1889.png,True,False,False
image_1890.jpg,label_1890.png,True,False,False
image_1891.jpg,label_1891.png,True,False,False
image_1892.jpg,label_1892.png,True,False,False
image_1893.jpg,label_1893.png,True,False,False
image_1894.jpg,label_1894.png,True,False,False
image_1895.jpg,label_1895.png,False,True,False
image_1896.jpg,label_1896.png,False,True,False
image_1897.jpg,label_1897.png,True,False,False
image_1898.jpg,label_1898.png,True,False,False
image_1899.jpg,label_1899.png,True,False,False
image_1900.jpg,label_1900.png,True,False,False
image_1901.jpg,label_1901.png,True,False,False
image_1902.jpg,label_1902.png,True,False,False
image_1903.jpg,label_1903.png,True,False,False
image_1904.jpg,label_1904.png,True,False,False
image_1905.jpg,label_1905.png,True,False,False
image_1906.jpg,label_1906.png,True,False,False
image_1907.jpg,label_1907.png,True,False,False
image_1908.jpg,label_1908.png,True,False,False
image_1909.jpg,label_1909.png,True,False,False
image_1910.jpg,label_1910.png,True,False,False
image_1911.jpg,label_1911.png,True,False,False
image_1912.jpg,label_1912.png,True,False,False
image_1913.jpg,label_1913.png,True,False,False
image_1914.jpg,label_1914.png,True,False,False
image_1915.jpg,label_1915.png,False,True,False
image_1916.jpg,label_1916.png,True,False,False
image_1917.jpg,label_1917.png,False,True,False
image_1918.jpg,label_1918.png,True,False,False
image_1919.jpg,label_1919.png,True,False,False
image_1920.jpg,label_1920.png,True,False,False
image_1921.jpg,label_1921.png,True,False,False
image_1922.jpg,label_1922.png,True,False,False
image_1923.jpg,label_1923.png,True,False,False
image_1924.jpg,label_1924.png,True,False,False
image_1925.jpg,label_1925.png,True,False,False
image_1926.jpg,label_1926.png,False,False,True
image_1927.jpg,label_1927.png,True,False,False
image_1928.jpg,label_1928.png,True,False,False
image_1929.jpg,label_1929.png,True,False,False
image_1930.jpg,label_1930.png,True,False,False
image_1931.jpg,label_1931.png,True,False,False
image_1932.jpg,label_1932.png,True,False,False
image_1933.jpg,label_1933.png,False,True,False
image_1934.jpg,label_1934.png,False,True,False
image_1935.jpg,label_1935.png,False,True,False
image_1936.jpg,label_1936.png,True,False,False
image_1937.jpg,label_1937.png,True,False,False
image_1938.jpg,label_1938.png,True,False,False
image_1939.jpg,label_1939.png,True,False,False
image_1940.jpg,label_1940.png,True,False,False
image_1941.jpg,label_1941.png,True,False,False
image_1942.jpg,label_1942.png,True,False,False
image_1943.jpg,label_1943.png,False,True,False
image_1944.jpg,label_1944.png,True,False,False
image_1945.jpg,label_1945.png,True,False,False
image_1946.jpg,label_1946.png,True,False,False
image_1947.jpg,label_1947.png,True,False,False
image_1948.jpg,label_1948.png,False,False,True
image_1949.jpg,label_1949.png,True,False,False
image_1950.jpg,label_1950.png,True,False,False
image_1951.jpg,label_1951.png,True,False,False
image_1952.jpg,label_1952.png,True,False,False
image_1953.jpg,label_1953.png,True,False,False
image_1954.jpg,label_1954.png,False,False,True
image_1955.jpg,label_1955.png,True,False,False
image_1956.jpg,label_1956.png,True,False,False
image_1957.jpg,label_1957.png,True,False,False
image_1958.jpg,label_1958.png,False,True,False
image_1959.jpg,label_1959.png,True,False,False
image_1960.jpg,label_1960.png,False,True,False
image_1961.jpg,label_1961.png,True,False,False
image_1962.jpg,label_1962.png,True,False,False
image_1963.jpg,label_1963.png,True,False,False
image_1964.jpg,label_1964.png,True,False,False
image_1965.jpg,label_1965.png,False,False,True
image_1966.jpg,label_1966.png,True,False,False
image_1967.jpg,label_1967.png,True,False,False
image_1968.jpg,label_1968.png,True,False,False
image_1969.jpg,label_1969.png,False,False,True
image_1970.jpg,label_1970.png,True,False,False
image_1971.jpg,label_1971.png,True,False,False
image_1972.jpg,label_1972.png,False,True,False
image_1973.jpg,label_1973.png,True,False,False
image_1974.jpg,label_1974.png,True,False,False
image_1975.jpg,label_1975.png,True,False,False
image_1976.jpg,label_1976.png,True,False,False
image_1977.jpg,label_1977.png,True,False,False
image_1978.jpg,label_1978.png,True,False,False
image_1979.jpg,label_1979.png,True,False,False
image_1980.jpg,label_1980.png,True,False,False
image_1981.jpg,label_1981.png,True,False,False
image_1982.jpg,label_1982.png,True,False,False
image_1983.jpg,label_1983.png,True,False,False
image_1984.jpg,label_1984.png,True,False,False
image_1985.jpg,label_1985.png,True,False,False
image_1986.jpg,label_1986.png,True,False,False
image_1987.jpg,label_1987.png,True,False,False
image_1988.jpg,label_1988.png,True,False,False
image_1989.jpg,label_1989.png,True,False,False
image_1990.jpg,label_1990.png,True,False,False
image_1991.jpg,label_1991.png,True,False,False
image_1992.jpg,label_1992.png,False,True,False
image_1993.jpg,label_1993.png,True,False,False
image_1994.jpg,label_1994.png,True,False,False
image_1995.jpg,label_1995.png,True,False,False
image_1996.jpg,label_1996.png,False,True,False
image_1997.jpg,label_1997.png,False,True,False
image_1998.jpg,label_1998.png,False,False,True
image_1999.jpg,label_1999.png,True,False,False
image_2000.jpg,label_2000.png,True,False,False
image_2001.jpg,label_2001.png,True,False,False
image_2002.jpg,label_2002.png,False,True,False
image_2003.jpg,label_2003.png,True,False,False
image_2004.jpg,label_2004.png,True,False,False
image_2005.jpg,label_2005.png,True,False,False
image_2006.jpg,label_2006.png,True,False,False
image_2007.jpg,label_2007.png,False,False,True
image_2008.jpg,label_2008.png,True,False,False
image_2009.jpg,label_2009.png,True,False,False
image_2010.jpg,label_2010.png,False,False,True
image_2011.jpg,label_2011.png,True,False,False
image_2012.jpg,label_2012.png,True,False,False
image_2013.jpg,label_2013.png,True,False,False
image_2014.jpg,label_2014.png,True,False,False
image_2015.jpg,label_2015.png,True,False,False
image_2016.jpg,label_2016.png,True,False,False
image_2017.jpg,label_2017.png,True,False,False
image_2018.jpg,label_2018.png,False,False,True
image_2019.jpg,label_2019.png,True,False,False
image_2020.jpg,label_2020.png,True,False,False
image_2021.jpg,label_2021.png,False,False,True
image_2022.jpg,label_2022.png,True,False,False
image_2023.jpg,label_2023.png,True,False,False
image_2024.jpg,label_2024.png,False,False,True
image_2025.jpg,label_2025.png,True,False,False
image_2026.jpg,label_2026.png,True,False,False
image_2027.jpg,label_2027.png,True,False,False
image_2028.jpg,label_2028.png,True,False,False
image_2029.jpg,label_2029.png,True,False,False
image_2030.jpg,label_2030.png,True,False,False
image_2031.jpg,label_2031.png,True,False,False
image_2032.jpg,label_2032.png,False,False,True
image_2033.jpg,label_2033.png,True,False,False
image_2034.jpg,label_2034.png,True,False,False
image_2035.jpg,label_2035.png,True,False,False
image_2036.jpg,label_2036.png,True,False,False
image_2037.jpg,label_2037.png,True,False,False
image_2038.jpg,label_2038.png,True,False,False
image_2039.jpg,label_2039.png,True,False,False
image_2040.jpg,label_2040.png,True,False,False
image_2041.jpg,label_2041.png,False,False,True
image_2042.jpg,label_2042.png,True,False,False
image_2043.jpg,label_2043.png,True,False,False
image_2044.jpg,label_2044.png,True,False,False
image_2045.jpg,label_2045.png,False,True,False
image_2046.jpg,label_2046.png,True,False,False
image_2047.jpg,label_2047.png,True,False,False
image_2048.jpg,label_2048.png,False,False,True
image_2049.jpg,label_2049.png,True,False,False
image_2050.jpg,label_2050.png,True,False,False
image_2051.jpg,label_2051.png,False,False,True
image_2052.jpg,label_2052.png,True,False,False
image_2053.jpg,label_2053.png,True,False,False
image_2054.jpg,label_2054.png,False,True,False
image_2055.jpg,label_2055.png,False,True,False
image_2056.jpg,label_2056.png,True,False,False
image_2057.jpg,label_2057.png,True,False,False
image_2058.jpg,label_2058.png,True,False,False
image_2059.jpg,label_2059.png,True,False,False
image_2060.jpg,label_2060.png,False,True,False
image_2061.jpg,label_2061.png,True,False,False
image_2062.jpg,label_2062.png,True,False,False
image_2063.jpg,label_2063.png,False,False,True
image_2064.jpg,label_2064.png,False,True,False
image_2065.jpg,label_2065.png,True,False,False
image_2066.jpg,label_2066.png,False,True,False
image_2067.jpg,label_2067.png,True,False,False
image_2068.jpg,label_2068.png,True,False,False
image_2069.jpg,label_2069.png,True,False,False
image_2070.jpg,label_2070.png,True,False,False
image_2071.jpg,label_2071.png,True,False,False
image_2072.jpg,label_2072.png,True,False,False
image_2073.jpg,label_2073.png,False,True,False
image_2074.jpg,label_2074.png,True,False,False
image_2075.jpg,label_2075.png,True,False,False
image_2076.jpg,label_2076.png,True,False,False
image_2077.jpg,label_2077.png,True,False,False
image_2078.jpg,label_2078.png,True,False,False
image_2079.jpg,label_2079.png,False,False,True
image_2080.jpg,label_2080.png,True,False,False
image_2081.jpg,label_2081.png,True,False,False
image_2082.jpg,label_2082.png,True,False,False
image_2083.jpg,label_2083.png,True,False,False
image_2084.jpg,label_2084.png,True,False,False
image_2085.jpg,label_2085.png,True,False,False
image_2086.jpg,label_2086.png,True,False,False
image_2087.jpg,label_2087.png,False,False,True
image_2088.jpg,label_2088.png,True,False,False
image_2089.jpg,label_2089.png,False,True,False
image_2090.jpg,label_2090.png,True,False,False
image_2091.jpg,label_2091.png,True,False,False
image_2092.jpg,label_2092.png,False,False,True
image_2093.jpg,label_2093.png,True,False,False
image_2094.jpg,label_2094.png,True,False,False
image_2095.jpg,label_2095.png,True,False,False
image_2096.jpg,label_2096.png,True,False,False
image_2097.jpg,label_2097.png,True,False,False
image_2098.jpg,label_2098.png,True,False,False
image_2099.jpg,label_2099.png,True,False,False
image_2100.jpg,label_2100.png,True,False,False
image_2101.jpg,label_2101.png,True,False,False
image_2102.jpg,label_2102.png,True,False,False
image_2103.jpg,label_2103.png,True,False,False
image_2104.jpg,label_2104.png,True,False,False
image_2105.jpg,label_2105.png,True,False,False
image_2106.jpg,label_2106.png,True,False,False
image_2107.jpg,label_2107.png,True,False,False
image_2108.jpg,label_2108.png,True,False,False
image_2109.jpg,label_2109.png,True,False,False
image_2110.jpg,label_2110.png,True,False,False
image_2111.jpg,label_2111.png,True,False,False
image_2112.jpg,label_2112.png,True,False,False
image_2113.jpg,label_2113.png,True,False,False
image_2114.jpg,label_2114.png,False,False,True
image_2115.jpg,label_2115.png,True,False,False
image_2116.jpg,label_2116.png,True,False,False
image_2117.jpg,label_2117.png,True,False,False
image_2118.jpg,label_2118.png,True,False,False
image_2119.jpg,label_2119.png,False,True,False
image_2120.jpg,label_2120.png,True,False,False
image_2121.jpg,label_2121.png,False,True,False
image_2122.jpg,label_2122.png,True,False,False
image_2123.jpg,label_2123.png,True,False,False
image_2124.jpg,label_2124.png,True,False,False
image_2125.jpg,label_2125.png,True,False,False
image_2126.jpg,label_2126.png,True,False,False
image_2127.jpg,label_2127.png,True,False,False
image_2128.jpg,label_2128.png,False,False,True
image_2129.jpg,label_2129.png,True,False,False
image_2130.jpg,label_2130.png,True,False,False
image_2131.jpg,label_2131.png,True,False,False
image_2132.jpg,label_2132.png,True,False,False
image_2133.jpg,label_2133.png,True,False,False
image_2134.jpg,label_2134.png,True,False,False
image_2135.jpg,label_2135.png,True,False,False
image_2136.jpg,label_2136.png,True,False,False
image_2137.jpg,label_2137.png,True,False,False
image_2138.jpg,label_2138.png,True,False,False
image_2139.jpg,label_2139.png,True,False,False
image_2140.jpg,label_2140.png,True,False,False
image_2141.jpg,label_2141.png,True,False,False
image_2142.jpg,label_2142.png,True,False,False
image_2143.jpg,label_2143.png,True,False,False
image_2144.jpg,label_2144.png,True,False,False
image_2145.jpg,label_2145.png,True,False,False
image_2146.jpg,label_2146.png,True,False,False
image_2147.jpg,label_2147.png,True,False,False
image_2148.jpg,label_2148.png,True,False,False
image_2149.jpg,label_2149.png,True,False,False
image_2150.jpg,label_2150.png,True,False,False
image_2151.jpg,label_2151.png,True,False,False
image_2152.jpg,label_2152.png,True,False,False
image_2153.jpg,label_2153.png,True,False,False
image_2154.jpg,label_2154.png,True,False,False
image_2155.jpg,label_2155.png,False,True,False
image_2156.jpg,label_2156.png,True,False,False
image_2157.jpg,label_2157.png,False,True,False
image_2158.jpg,label_2158.png,False,True,False
image_2159.jpg,label_2159.png,True,False,False
image_2160.jpg,label_2160.png,True,False,False
image_2161.jpg,label_2161.png,True,False,False
image_2162.jpg,label_2162.png,True,False,False
image_2163.jpg,label_2163.png,False,False,True
image_2164.jpg,label_2164.png,True,False,False
image_2165.jpg,label_2165.png,True,False,False
image_2166.jpg,label_2166.png,False,False,True
image_2167.jpg,label_2167.png,True,False,False
image_2168.jpg,label_2168.png,True,False,False
image_2169.jpg,label_2169.png,False,False,True
image_2170.jpg,label_2170.png,True,False,False
image_2171.jpg,label_2171.png,True,False,False
image_2172.jpg,label_2172.png,True,False,False
image_2173.jpg,label_2173.png,False,True,False
image_2174.jpg,label_2174.png,True,False,False
image_2175.jpg,label_2175.png,True,False,False
image_2176.jpg,label_2176.png,True,False,False
image_2177.jpg,label_2177.png,True,False,False
image_2178.jpg,label_2178.png,True,False,False
image_2179.jpg,label_2179.png,True,False,False
image_2180.jpg,label_2180.png,True,False,False
image_2181.jpg,label_2181.png,False,False,True
image_2182.jpg,label_2182.png,True,False,False
image_2183.jpg,label_2183.png,False,False,True
image_2184.jpg,label_2184.png,True,False,False
image_2185.jpg,label_2185.png,True,False,False
image_2186.jpg,label_2186.png,True,False,False
image_2187.jpg,label_2187.png,True,False,False
image_2188.jpg,label_2188.png,False,True,False
image_2189.jpg,label_2189.png,False,True,False
image_2190.jpg,label_2190.png,True,False,False
image_2191.jpg,label_2191.png,True,False,False
image_2192.jpg,label_2192.png,True,False,False
image_2193.jpg,label_2193.png,True,False,False
image_2194.jpg,label_2194.png,True,False,False
image_2195.jpg,label_2195.png,True,False,False
image_2196.jpg,label_2196.png,True,False,False
image_2197.jpg,label_2197.png,True,False,False
image_2198.jpg,label_2198.png,False,True,False
image_2199.jpg,label_2199.png,True,False,False
image_2200.jpg,label_2200.png,True,False,False
image_2201.jpg,label_2201.png,False,False,True
image_2202.jpg,label_2202.png,False,False,True
image_2203.jpg,label_2203.png,True,False,False
image_2204.jpg,label_2204.png,True,False,False
image_2205.jpg,label_2205.png,False,False,True
image_2206.jpg,label_2206.png,False,False,True
image_2207.jpg,label_2207.png,True,False,False
image_2208.jpg,label_2208.png,True,False,False
image_2209.jpg,label_2209.png,True,False,False
image_2210.jpg,label_2210.png,True,False,False
image_2211.jpg,label_2211.png,True,False,False
image_2212.jpg,label_2212.png,False,False,True
image_2213.jpg,label_2213.png,True,False,False
image_2214.jpg,label_2214.png,True,False,False
image_2215.jpg,label_2215.png,True,False,False
image_2216.jpg,label_2216.png,True,False,False
image_2217.jpg,label_2217.png,True,False,False
image_2218.jpg,label_2218.png,False,True,False
image_2219.jpg,label_2219.png,False,False,True
image_2220.jpg,label_2220.png,True,False,False
image_2221.jpg,label_2221.png,True,False,False
image_2222.jpg,label_2222.png,True,False,False
image_2223.jpg,label_2223.png,True,False,False
image_2224.jpg,label_2224.png,True,False,False
image_2225.jpg,label_2225.png,True,False,False
image_2226.jpg,label_2226.png,True,False,False
image_2227.jpg,label_2227.png,True,False,False
image_2228.jpg,label_2228.png,True,False,False
image_2229.jpg,label_2229.png,True,False,False
image_2230.jpg,label_2230.png,True,False,False
image_2231.jpg,label_2231.png,False,False,True
image_2232.jpg,label_2232.png,True,False,False
image_2233.jpg,label_2233.png,True,False,False
image_2234.jpg,label_2234.png,True,False,False
image_2235.jpg,label_2235.png,True,False,False
image_2236.jpg,label_2236.png,True,False,False
image_2237.jpg,label_2237.png,False,True,False
image_2238.jpg,label_2238.png,True,False,False
image_2239.jpg,label_2239.png,True,False,False
image_2240.jpg,label_2240.png,True,False,False
image_2241.jpg,label_2241.png,False,True,False
image_2242.jpg,label_2242.png,True,False,False
image_2243.jpg,label_2243.png,True,False,False
image_2244.jpg,label_2244.png,True,False,False
image_2245.jpg,label_2245.png,False,True,False
image_2246.jpg,label_2246.png,True,False,False
image_2247.jpg,label_2247.png,True,False,False
image_2248.jpg,label_2248.png,False,False,True
image_2249.jpg,label_2249.png,True,False,False
image_2250.jpg,label_2250.png,True,False,False
image_2251.jpg,label_2251.png,True,False,False
image_2252.jpg,label_2252.png,False,False,True
image_2253.jpg,label_2253.png,False,False,True
image_2254.jpg,label_2254.png,True,False,False
image_2255.jpg,label_2255.png,False,False,True
image_2256.jpg,label_2256.png,True,False,False
image_2257.jpg,label_2257.png,False,False,True
image_2258.jpg,label_2258.png,True,False,False
image_2259.jpg,label_2259.png,True,False,False
image_2260.jpg,label_2260.png,False,False,True
image_2261.jpg,label_2261.png,True,False,False
image_2262.jpg,label_2262.png,True,False,False
image_2263.jpg,label_2263.png,True,False,False
image_2264.jpg,label_2264.png,True,False,False
image_2265.jpg,label_2265.png,True,False,False
image_2266.jpg,label_2266.png,True,False,False
image_2267.jpg,label_2267.png,True,False,False
image_2268.jpg,label_2268.png,True,False,False
image_2269.jpg,label_2269.png,True,False,False
image_2270.jpg,label_2270.png,False,True,False
image_2271.jpg,label_2271.png,True,False,False
image_2272.jpg,label_2272.png,True,False,False
image_2273.jpg,label_2273.png,True,False,False
image_2274.jpg,label_2274.png,True,False,False
image_2275.jpg,label_2275.png,True,False,False
image_2276.jpg,label_2276.png,False,True,False
image_2277.jpg,label_2277.png,True,False,False
image_2278.jpg,label_2278.png,False,True,False
image_2279.jpg,label_2279.png,True,False,False
image_2280.jpg,label_2280.png,True,False,False
image_2281.jpg,label_2281.png,True,False,False
image_2282.jpg,label_2282.png,False,True,False
image_2283.jpg,label_2283.png,True,False,False
image_2284.jpg,label_2284.png,True,False,False
image_2285.jpg,label_2285.png,True,False,False
image_2286.jpg,label_2286.png,True,False,False
image_2287.jpg,label_2287.png,True,False,False
image_2288.jpg,label_2288.png,True,False,False
image_2289.jpg,label_2289.png,True,False,False
image_2290.jpg,label_2290.png,True,False,False
image_2291.jpg,label_2291.png,True,False,False
image_2292.jpg,label_2292.png,True,False,False
image_2293.jpg,label_2293.png,False,True,False
image_2294.jpg,label_2294.png,True,False,False
image_2295.jpg,label_2295.png,True,False,False
image_2296.jpg,label_2296.png,False,True,False
image_2297.jpg,label_2297.png,True,False,False
image_2298.jpg,label_2298.png,False,False,True
image_2299.jpg,label_2299.png,True,False,False
image_2300.jpg,label_2300.png,False,False,True
image_2301.jpg,label_2301.png,True,False,False
image_2302.jpg,label_2302.png,True,False,False
image_2303.jpg,label_2303.png,True,False,False
image_2304.jpg,label_2304.png,True,False,False
image_2305.jpg,label_2305.png,True,False,False
image_2306.jpg,label_2306.png,False,True,False
image_2307.jpg,label_2307.png,True,False,False
image_2308.jpg,label_2308.png,True,False,False
image_2309.jpg,label_2309.png,True,False,False
image_2310.jpg,label_2310.png,True,False,False
image_2311.jpg,label_2311.png,True,False,False
image_2312.jpg,label_2312.png,False,False,True
image_2313.jpg,label_2313.png,True,False,False
image_2314.jpg,label_2314.png,False,False,True
image_2315.jpg,label_2315.png,False,True,False
image_2316.jpg,label_2316.png,True,False,False
image_2317.jpg,label_2317.png,True,False,False
image_2318.jpg,label_2318.png,True,False,False
image_2319.jpg,label_2319.png,True,False,False
image_2320.jpg,label_2320.png,True,False,False
image_2321.jpg,label_2321.png,False,False,True
image_2322.jpg,label_2322.png,True,False,False
image_2323.jpg,label_2323.png,True,False,False
image_2324.jpg,label_2324.png,True,False,False
image_2325.jpg,label_2325.png,True,False,False
image_2326.jpg,label_2326.png,True,False,False
image_2327.jpg,label_2327.png,True,False,False
image_2328.jpg,label_2328.png,True,False,False
image_2329.jpg,label_2329.png,True,False,False
image_2330.jpg,label_2330.png,True,False,False
image_2331.jpg,label_2331.png,True,False,False
image_2332.jpg,label_2332.png,True,False,False
image_2333.jpg,label_2333.png,True,False,False
image_2334.jpg,label_2334.png,False,True,False
image_2335.jpg,label_2335.png,True,False,False
image_2336.jpg,label_2336.png,True,False,False
image_2337.jpg,label_2337.png,False,True,False
image_2338.jpg,label_2338.png,True,False,False
image_2339.jpg,label_2339.png,True,False,False
image_2340.jpg,label_2340.png,True,False,False
image_2341.jpg,label_2341.png,True,False,False
image_2342.jpg,label_2342.png,True,False,False
image_2343.jpg,label_2343.png,True,False,False
image_2344.jpg,label_2344.png,False,True,False
image_2345.jpg,label_2345.png,True,False,False
image_2346.jpg,label_2346.png,True,False,False
image_2347.jpg,label_2347.png,True,False,False
image_2348.jpg,label_2348.png,True,False,False
image_2349.jpg,label_2349.png,True,False,False
image_2350.jpg,label_2350.png,True,False,False
image_2351.jpg,label_2351.png,True,False,False
image_2352.jpg,label_2352.png,True,False,False
image_2353.jpg,label_2353.png,True,False,False
image_2354.jpg,label_2354.png,True,False,False
image_2355.jpg,label_2355.png,True,False,False
image_2356.jpg,label_2356.png,False,False,True
image_2357.jpg,label_2357.png,True,False,False
image_2358.jpg,label_2358.png,True,False,False
image_2359.jpg,label_2359.png,False,True,False
image_2360.jpg,label_2360.png,True,False,False
image_2361.jpg,label_2361.png,False,False,True
image_2362.jpg,label_2362.png,True,False,False
image_2363.jpg,label_2363.png,True,False,False
image_2364.jpg,label_2364.png,True,False,False
image_2365.jpg,label_2365.png,True,False,False
image_2366.jpg,label_2366.png,False,True,False
image_2367.jpg,label_2367.png,False,False,True
image_2368.jpg,label_2368.png,True,False,False
image_2369.jpg,label_2369.png,True,False,False
image_2370.jpg,label_2370.png,False,False,True
image_2371.jpg,label_2371.png,True,False,False
image_2372.jpg,label_2372.png,True,False,False
image_2373.jpg,label_2373.png,False,True,False
image_2374.jpg,label_2374.png,True,False,False
image_2375.jpg,label_2375.png,True,False,False
image_2376.jpg,label_2376.png,True,False,False
image_2377.jpg,label_2377.png,True,False,False
image_2378.jpg,label_2378.png,True,False,False
image_2379.jpg,label_2379.png,False,False,True
image_2380.jpg,label_2380.png,True,False,False
image_2381.jpg,label_2381.png,True,False,False
image_2382.jpg,label_2382.png,True,False,False
image_2383.jpg,label_2383.png,False,False,True
image_2384.jpg,label_2384.png,False,False,True
image_2385.jpg,label_2385.png,True,False,False
image_2386.jpg,label_2386.png,True,False,False
image_2387.jpg,label_2387.png,True,False,False
image_2388.jpg,label_2388.png,False,False,True
image_2389.jpg,label_2389.png,True,False,False
image_2390.jpg,label_2390.png,True,False,False
image_2391.jpg,label_2391.png,True,False,False
image_2392.jpg,label_2392.png,True,False,False
image_2393.jpg,label_2393.png,False,True,False
image_2394.jpg,label_2394.png,True,False,False
image_2395.jpg,label_2395.png,True,False,False
image_2396.jpg,label_2396.png,True,False,False
image_2397.jpg,label_2397.png,True,False,False
image_2398.jpg,label_2398.png,True,False,False
image_2399.jpg,label_2399.png,True,False,False
image_2400.jpg,label_2400.png,False,False,True
image_2401.jpg,label_2401.png,True,False,False
image_2402.jpg,label_2402.png,True,False,False
image_2403.jpg,label_2403.png,True,False,False
image_2404.jpg,label_2404.png,True,False,False
image_2405.jpg,label_2405.png,True,False,False
image_2406.jpg,label_2406.png,False,True,False
image_2407.jpg,label_2407.png,True,False,False
image_2408.jpg,label_2408.png,True,False,False
image_2409.jpg,label_2409.png,True,False,False
image_2410.jpg,label_2410.png,True,False,False
image_2411.jpg,label_2411.png,False,False,True
image_2412.jpg,label_2412.png,True,False,False
image_2413.jpg,label_2413.png,True,False,False
image_2414.jpg,label_2414.png,True,False,False
image_2415.jpg,label_2415.png,True,False,False
image_2416.jpg,label_2416.png,True,False,False
image_2417.jpg,label_2417.png,True,False,False
image_2418.jpg,label_2418.png,False,False,True
image_2419.jpg,label_2419.png,True,False,False
image_2420.jpg,label_2420.png,True,False,False
image_2421.jpg,label_2421.png,False,False,True
image_2422.jpg,label_2422.png,True,False,False
image_2423.jpg,label_2423.png,True,False,False
image_2424.jpg,label_2424.png,True,False,False
image_2425.jpg,label_2425.png,True,False,False
image_2426.jpg,label_2426.png,False,True,False
image_2427.jpg,label_2427.png,False,True,False
image_2428.jpg,label_2428.png,True,False,False
image_2429.jpg,label_2429.png,True,False,False
image_2430.jpg,label_2430.png,True,False,False
image_2431.jpg,label_2431.png,True,False,False
image_2432.jpg,label_2432.png,True,False,False
image_2433.jpg,label_2433.png,True,False,False
image_2434.jpg,label_2434.png,False,False,True
image_2435.jpg,label_2435.png,False,False,True
image_2436.jpg,label_2436.png,True,False,False
image_2437.jpg,label_2437.png,True,False,False
image_2438.jpg,label_2438.png,True,False,False
image_2439.jpg,label_2439.png,True,False,False
image_2440.jpg,label_2440.png,True,False,False
image_2441.jpg,label_2441.png,True,False,False
image_2442.jpg,label_2442.png,True,False,False
image_2443.jpg,label_2443.png,True,False,False
image_2444.jpg,label_2444.png,True,False,False
image_2445.jpg,label_2445.png,True,False,False
image_2446.jpg,label_2446.png,True,False,False
image_2447.jpg,label_2447.png,True,False,False
image_2448.jpg,label_2448.png,False,True,False
image_2449.jpg,label_2449.png,True,False,False
image_2450.jpg,label_2450.png,True,False,False
image_2451.jpg,label_2451.png,True,False,False
image_2452.jpg,label_2452.png,True,False,False
image_2453.jpg,label_2453.png,True,False,False
image_2454.jpg,label_2454.png,True,False,False
image_2455.jpg,label_2455.png,False,True,False
image_2456.jpg,label_2456.png,True,False,False
image_2457.jpg,label_2457.png,False,False,True
image_2458.jpg,label_2458.png,True,False,False
image_2459.jpg,label_2459.png,True,False,False
image_2460.jpg,label_2460.png,True,False,False
image_2461.jpg,label_2461.png,True,False,False
image_2462.jpg,label_2462.png,True,False,False
image_2463.jpg,label_2463.png,True,False,False
image_2464.jpg,label_2464.png,True,False,False
image_2465.jpg,label_2465.png,True,False,False
image_2466.jpg,label_2466.png,True,False,False
image_2467.jpg,label_2467.png,True,False,False
image_2468.jpg,label_2468.png,True,False,False
image_2469.jpg,label_2469.png,True,False,False
image_2470.jpg,label_2470.png,True,False,False
image_2471.jpg,label_2471.png,True,False,False
image_2472.jpg,label_2472.png,False,True,False
image_2473.jpg,label_2473.png,True,False,False
image_2474.jpg,label_2474.png,True,False,False
image_2475.jpg,label_2475.png,True,False,False
image_2476.jpg,label_2476.png,True,False,False
image_2477.jpg,label_2477.png,True,False,False
image_2478.jpg,label_2478.png,True,False,False
image_2479.jpg,label_2479.png,True,False,False
image_2480.jpg,label_2480.png,True,False,False
image_2481.jpg,label_2481.png,False,True,False
image_2482.jpg,label_2482.png,False,True,False
image_2483.jpg,label_2483.png,True,False,False
image_2484.jpg,label_2484.png,True,False,False
image_2485.jpg,label_2485.png,True,False,False
image_2486.jpg,label_2486.png,True,False,False
image_2487.jpg,label_2487.png,True,False,False
image_2488.jpg,label_2488.png,True,False,False
image_2489.jpg,label_2489.png,True,False,False
image_2490.jpg,label_2490.png,True,False,False
image_2491.jpg,label_2491.png,True,False,False
image_2492.jpg,label_2492.png,True,False,False
image_2493.jpg,label_2493.png,True,False,False
image_2494.jpg,label_2494.png,True,False,False
image_2495.jpg,label_2495.png,False,True,False
image_2496.jpg,label_2496.png,True,False,False
image_2497.jpg,label_2497.png,True,False,False
image_2498.jpg,label_2498.png,False,True,False
image_2499.jpg,label_2499.png,True,False,False
image_2500.jpg,label_2500.png,True,False,False
image_2501.jpg,label_2501.png,False,False,True
image_2502.jpg,label_2502.png,True,False,False
image_2503.jpg,label_2503.png,True,False,False
image_2504.jpg,label_2504.png,False,False,True
image_2505.jpg,label_2505.png,True,False,False
image_2506.jpg,label_2506.png,True,False,False
image_2507.jpg,label_2507.png,True,False,False
image_2508.jpg,label_2508.png,False,True,False
image_2509.jpg,label_2509.png,True,False,False
image_2510.jpg,label_2510.png,False,False,True
image_2511.jpg,label_2511.png,True,False,False
image_2512.jpg,label_2512.png,True,False,False
image_2513.jpg,label_2513.png,True,False,False
image_2514.jpg,label_2514.png,True,False,False
image_2515.jpg,label_2515.png,True,False,False
image_2516.jpg,label_2516.png,True,False,False
image_2517.jpg,label_2517.png,False,False,True
image_2518.jpg,label_2518.png,True,False,False
image_2519.jpg,label_2519.png,True,False,False
image_2520.jpg,label_2520.png,True,False,False
image_2521.jpg,label_2521.png,True,False,False
image_2522.jpg,label_2522.png,True,False,False
image_2523.jpg,label_2523.png,True,False,False
image_2524.jpg,label_2524.png,False,True,False
image_2525.jpg,label_2525.png,True,False,False
image_2526.jpg,label_2526.png,False,False,True
image_2527.jpg,label_2527.png,True,False,False
image_2528.jpg,label_2528.png,True,False,False
image_2529.jpg,label_2529.png,True,False,False
image_2530.jpg,label_2530.png,False,True,False
image_2531.jpg,label_2531.png,False,True,False
image_2532.jpg,label_2532.png,True,False,False
image_2533.jpg,label_2533.png,True,False,False
image_2534.jpg,label_2534.png,True,False,False
image_2535.jpg,label_2535.png,True,False,False
image_2536.jpg,label_2536.png,True,False,False
image_2537.jpg,label_2537.png,True,False,False
image_2538.jpg,label_2538.png,False,False,True
image_2539.jpg,label_2539.png,True,False,False
image_2540.jpg,label_2540.png,False,False,True
image_2541.jpg,label_2541.png,True,False,False
image_2542.jpg,label_2542.png,True,False,False
image_2543.jpg,label_2543.png,True,False,False
image_2544.jpg,label_2544.png,True,False,False
image_2545.jpg,label_2545.png,False,False,True
image_2546.jpg,label_2546.png,True,False,False
image_2547.jpg,label_2547.png,True,False,False
image_2548.jpg,label_2548.png,True,False,False
image_2549.jpg,label_2549.png,True,False,False
image_2550.jpg,label_2550.png,False,True,False
image_2551.jpg,label_2551.png,False,True,False
image_2552.jpg,label_2552.png,False,False,True
image_2553.jpg,label_2553.png,True,False,False
image_2554.jpg,label_2554.png,False,True,False
image_2555.jpg,label_2555.png,False,True,False
image_2556.jpg,label_2556.png,True,False,False
image_2557.jpg,label_2557.png,True,False,False
image_2558.jpg,label_2558.png,True,False,False
image_2559.jpg,label_2559.png,True,False,False
image_2560.jpg,label_2560.png,True,False,False
image_2561.jpg,label_2561.png,True,False,False
image_2562.jpg,label_2562.png,True,False,False
image_2563.jpg,label_2563.png,True,False,False
image_2564.jpg,label_2564.png,True,False,False
image_2565.jpg,label_2565.png,True,False,False
image_2566.jpg,label_2566.png,True,False,False
image_2567.jpg,label_2567.png,True,False,False
image_2568.jpg,label_2568.png,True,False,False
image_2569.jpg,label_2569.png,True,False,False
image_2570.jpg,label_2570.png,False,False,True
image_2571.jpg,label_2571.png,True,False,False
image_2572.jpg,label_2572.png,True,False,False
image_2573.jpg,label_2573.png,False,True,False
image_2574.jpg,label_2574.png,True,False,False
image_2575.jpg,label_2575.png,True,False,False
image_2576.jpg,label_2576.png,True,False,False
image_2577.jpg,label_2577.png,True,False,False
image_2578.jpg,label_2578.png,True,False,False
image_2579.jpg,label_2579.png,True,False,False
image_2580.jpg,label_2580.png,False,True,False
image_2581.jpg,label_2581.png,True,False,False
image_2582.jpg,label_2582.png,True,False,False
image_2583.jpg,label_2583.png,True,False,False
image_2584.jpg,label_2584.png,True,False,False
image_2585.jpg,label_2585.png,True,False,False
image_2586.jpg,label_2586.png,True,False,False
image_2587.jpg,label_2587.png,True,False,False
image_2588.jpg,label_2588.png,True,False,False
image_2589.jpg,label_2589.png,True,False,False
image_2590.jpg,label_2590.png,True,False,False
image_2591.jpg,label_2591.png,True,False,False
image_2592.jpg,label_2592.png,True,False,False
image_2593.jpg,label_2593.png,False,False,True
image_2594.jpg,label_2594.png,True,False,False
image_2595.jpg,label_2595.png,True,False,False
image_2596.jpg,label_2596.png,True,False,False
image_2597.jpg,label_2597.png,False,False,True
image_2598.jpg,label_2598.png,False,False,True
image_2599.jpg,label_2599.png,True,False,False
image_2600.jpg,label_2600.png,True,False,False
image_2601.jpg,label_2601.png,False,False,True
image_2602.jpg,label_2602.png,True,False,False
image_2603.jpg,label_2603.png,True,False,False
image_2604.jpg,label_2604.png,True,False,False
image_2605.jpg,label_2605.png,True,False,False
image_2606.jpg,label_2606.png,True,False,False
image_2607.jpg,label_2607.png,True,False,False
image_2608.jpg,label_2608.png,True,False,False
image_2609.jpg,label_2609.png,False,True,False
image_2610.jpg,label_2610.png,True,False,False
image_2611.jpg,label_2611.png,True,False,False
image_2612.jpg,label_2612.png,True,False,False
image_2613.jpg,label_2613.png,False,True,False
image_2614.jpg,label_2614.png,True,False,False
image_2615.jpg,label_2615.png,True,False,False
image_2616.jpg,label_2616.png,True,False,False
image_2617.jpg,label_2617.png,True,False,False
image_2618.jpg,label_2618.png,False,False,True
image_2619.jpg,label_2619.png,True,False,False
image_2620.jpg,label_2620.png,True,False,False
image_2621.jpg,label_2621.png,False,True,False
image_2622.jpg,label_2622.png,True,False,False
image_2623.jpg,label_2623.png,False,True,False
image_2624.jpg,label_2624.png,True,False,False
image_2625.jpg,label_2625.png,True,False,False
image_2626.jpg,label_2626.png,True,False,False
image_2627.jpg,label_2627.png,True,False,False
image_2628.jpg,label_2628.png,True,False,False
image_2629.jpg,label_2629.png,True,False,False
image_2630.jpg,label_2630.png,True,False,False
image_2631.jpg,label_2631.png,False,True,False
image_2632.jpg,label_2632.png,True,False,False
image_2633.jpg,label_2633.png,True,False,False
image_2634.jpg,label_2634.png,True,False,False
image_2635.jpg,label_2635.png,True,False,False
image_2636.jpg,label_2636.png,True,False,False
image_2637.jpg,label_2637.png,True,False,False
image_2638.jpg,label_2638.png,True,False,False
image_2639.jpg,label_2639.png,False,False,True
image_2640.jpg,label_2640.png,True,False,False
image_2641.jpg,label_2641.png,False,False,True
image_2642.jpg,label_2642.png,True,False,False
image_2643.jpg,label_2643.png,True,False,False
image_2644.jpg,label_2644.png,True,False,False
image_2645.jpg,label_2645.png,True,False,False
image_2646.jpg,label_2646.png,True,False,False
image_2647.jpg,label_2647.png,False,False,True
image_2648.jpg,label_2648.png,True,False,False
image_2649.jpg,label_2649.png,True,False,False
image_2650.jpg,label_2650.png,True,False,False
image_2651.jpg,label_2651.png,True,False,False
image_2652.jpg,label_2652.png,True,False,False
image_2653.jpg,label_2653.png,True,False,False
image_2654.jpg,label_2654.png,True,False,False
image_2655.jpg,label_2655.png,True,False,False
image_2656.jpg,label_2656.png,True,False,False
image_2657.jpg,label_2657.png,False,True,False
image_2658.jpg,label_2658.png,False,True,False
image_2659.jpg,label_2659.png,True,False,False
image_2660.jpg,label_2660.png,True,False,False
image_2661.jpg,label_2661.png,False,True,False
image_2662.jpg,label_2662.png,True,False,False
image_2663.jpg,label_2663.png,True,False,False
image_2664.jpg,label_2664.png,True,False,False
image_2665.jpg,label_2665.png,True,False,False
image_2666.jpg,label_2666.png,True,False,False
image_2667.jpg,label_2667.png,True,False,False
image_2668.jpg,label_2668.png,False,True,False
image_2669.jpg,label_2669.png,True,False,False
image_2670.jpg,label_2670.png,True,False,False
image_2671.jpg,label_2671.png,True,False,False
image_2672.jpg,label_2672.png,False,False,True
image_2673.jpg,label_2673.png,True,False,False
image_2674.jpg,label_2674.png,True,False,False
image_2675.jpg,label_2675.png,True,False,False
image_2676.jpg,label_2676.png,True,False,False
image_2677.jpg,label_2677.png,True,False,False
image_2678.jpg,label_2678.png,True,False,False
image_2679.jpg,label_2679.png,True,False,False
image_2680.jpg,label_2680.png,True,False,False
image_2681.jpg,label_2681.png,True,False,False
image_2682.jpg,label_2682.png,True,False,False
image_2683.jpg,label_2683.png,False,True,False
image_2684.jpg,label_2684.png,True,False,False
image_2685.jpg,label_2685.png,False,False,True
image_2686.jpg,label_2686.png,True,False,False
image_2687.jpg,label_2687.png,False,False,True
image_2688.jpg,label_2688.png,True,False,False
image_2689.jpg,label_2689.png,True,False,False
image_2690.jpg,label_2690.png,False,False,True
image_2691.jpg,label_2691.png,True,False,False
image_2692.jpg,label_2692.png,True,False,False
image_2693.jpg,label_2693.png,True,False,False
image_2694.jpg,label_2694.png,True,False,False
image_2695.jpg,label_2695.png,True,False,False
image_2696.jpg,label_2696.png,False,True,False
image_2697.jpg,label_2697.png,True,False,False
image_2698.jpg,label_2698.png,True,False,False
image_2699.jpg,label_2699.png,True,False,False
image_2700.jpg,label_2700.png,True,False,False
image_2701.jpg,label_2701.png,True,False,False
image_2702.jpg,label_2702.png,True,False,False
image_2703.jpg,label_2703.png,True,False,False
image_2704.jpg,label_2704.png,True,False,False
image_2705.jpg,label_2705.png,True,False,False
image_2706.jpg,label_2706.png,True,False,False
image_2707.jpg,label_2707.png,True,False,False
image_2708.jpg,label_2708.png,False,False,True
image_2709.jpg,label_2709.png,True,False,False
image_2710.jpg,label_2710.png,True,False,False
image_2711.jpg,label_2711.png,True,False,False
image_2712.jpg,label_2712.png,True,False,False
image_2713.jpg,label_2713.png,True,False,False
image_2714.jpg,label_2714.png,True,False,False
image_2715.jpg,label_2715.png,True,False,False
image_2716.jpg,label_2716.png,False,False,True
image_2717.jpg,label_2717.png,False,False,True
image_2718.jpg,label_2718.png,True,False,False
image_2719.jpg,label_2719.png,True,False,False
image_2720.jpg,label_2720.png,True,False,False
image_2721.jpg,label_2721.png,True,False,False
image_2722.jpg,label_2722.png,False,False,True
image_2723.jpg,label_2723.png,True,False,False
image_2724.jpg,label_2724.png,False,False,True
image_2725.jpg,label_2725.png,True,False,False
image_2726.jpg,label_2726.png,True,False,False
image_2727.jpg,label_2727.png,True,False,False
image_2728.jpg,label_2728.png,True,False,False
image_2729.jpg,label_2729.png,True,False,False
image_2730.jpg,label_2730.png,True,False,False
image_2731.jpg,label_2731.png,True,False,False
image_2732.jpg,label_2732.png,False,True,False
image_2733.jpg,label_2733.png,True,False,False
image_2734.jpg,label_2734.png,True,False,False
image_2735.jpg,label_2735.png,True,False,False
image_2736.jpg,label_2736.png,True,False,False
image_2737.jpg,label_2737.png,False,False,True
image_2738.jpg,label_2738.png,True,False,False
image_2739.jpg,label_2739.png,True,False,False
image_2740.jpg,label_2740.png,True,False,False
image_2741.jpg,label_2741.png,True,False,False
image_2742.jpg,label_2742.png,True,False,False
image_2743.jpg,label_2743.png,True,False,False
image_2744.jpg,label_2744.png,False,False,True
image_2745.jpg,label_2745.png,True,False,False
image_2746.jpg,label_2746.png,True,False,False
image_2747.jpg,label_2747.png,True,False,False
image_2748.jpg,label_2748.png,True,False,False
image_2749.jpg,label_2749.png,True,False,False
image_2750.jpg,label_2750.png,False,True,False
image_2751.jpg,label_2751.png,False,False,True
image_2752.jpg,label_2752.png,True,False,False
image_2753.jpg,label_2753.png,True,False,False
image_2754.jpg,label_2754.png,True,False,False
image_2755.jpg,label_2755.png,True,False,False
image_2756.jpg,label_2756.png,False,False,True
image_2757.jpg,label_2757.png,True,False,False
image_2758.jpg,label_2758.png,True,False,False
image_2759.jpg,label_2759.png,True,False,False
image_2760.jpg,label_2760.png,True,False,False
image_2761.jpg,label_2761.png,True,False,False
image_2762.jpg,label_2762.png,True,False,False
image_2763.jpg,label_2763.png,True,False,False
image_2764.jpg,label_2764.png,True,False,False
image_2765.jpg,label_2765.png,False,False,True
image_2766.jpg,label_2766.png,False,True,False
image_2767.jpg,label_2767.png,False,True,False
image_2768.jpg,label_2768.png,True,False,False
image_2769.jpg,label_2769.png,True,False,False
image_2770.jpg,label_2770.png,True,False,False
image_2771.jpg,label_2771.png,True,False,False
image_2772.jpg,label_2772.png,True,False,False
image_2773.jpg,label_2773.png,True,False,False
image_2774.jpg,label_2774.png,False,False,True
image_2775.jpg,label_2775.png,True,False,False
image_2776.jpg,label_2776.png,True,False,False
image_2777.jpg,label_2777.png,True,False,False
image_2778.jpg,label_2778.png,True,False,False
image_2779.jpg,label_2779.png,True,False,False
image_2780.jpg,label_2780.png,True,False,False
image_2781.jpg,label_2781.png,True,False,False
image_2782.jpg,label_2782.png,True,False,False
image_2783.jpg,label_2783.png,True,False,False
image_2784.jpg,label_2784.png,False,False,True
image_2785.jpg,label_2785.png,True,False,False
image_2786.jpg,label_2786.png,True,False,False
image_2787.jpg,label_2787.png,True,False,False
image_2788.jpg,label_2788.png,True,False,False
image_2789.jpg,label_2789.png,False,True,False
image_2790.jpg,label_2790.png,True,False,False
image_2791.jpg,label_2791.png,True,False,False
image_2792.jpg,label_2792.png,True,False,False
image_2793.jpg,label_2793.png,True,False,False
image_2794.jpg,label_2794.png,True,False,False
image_2795.jpg,label_2795.png,True,False,False
image_2796.jpg,label_2796.png,False,False,True
image_2797.jpg,label_2797.png,True,False,False
image_2798.jpg,label_2798.png,True,False,False
image_2799.jpg,label_2799.png,True,False,False
image_2800.jpg,label_2800.png,True,False,False
image_2801.jpg,label_2801.png,True,False,False
image_2802.jpg,label_2802.png,True,False,False
image_2803.jpg,label_2803.png,True,False,False
image_2804.jpg,label_2804.png,True,False,False
image_2805.jpg,label_2805.png,True,False,False
image_2806.jpg,label_2806.png,True,False,False
image_2807.jpg,label_2807.png,True,False,False
image_2808.jpg,label_2808.png,True,False,False
image_2809.jpg,label_2809.png,True,False,False
image_2810.jpg,label_2810.png,True,False,False
image_2811.jpg,label_2811.png,True,False,False
image_2812.jpg,label_2812.png,True,False,False
image_2813.jpg,label_2813.png,True,False,False
image_2814.jpg,label_2814.png,True,False,False
image_2815.jpg,label_2815.png,True,False,False
image_2816.jpg,label_2816.png,False,True,False
image_2817.jpg,label_2817.png,True,False,False
image_2818.jpg,label_2818.png,True,False,False
image_2819.jpg,label_2819.png,True,False,False
image_2820.jpg,label_2820.png,False,False,True
image_2821.jpg,label_2821.png,True,False,False
image_2822.jpg,label_2822.png,True,False,False
image_2823.jpg,label_2823.png,False,False,True
image_2824.jpg,label_2824.png,True,False,False
image_2825.jpg,label_2825.png,True,False,False
image_2826.jpg,label_2826.png,True,False,False
image_2827.jpg,label_2827.png,True,False,False
image_2828.jpg,label_2828.png,True,False,False
image_2829.jpg,label_2829.png,False,True,False
image_2830.jpg,label_2830.png,True,False,False
image_2831.jpg,label_2831.png,True,False,False
image_2832.jpg,label_2832.png,True,False,False
image_2833.jpg,label_2833.png,False,True,False
image_2834.jpg,label_2834.png,True,False,False
image_2835.jpg,label_2835.png,True,False,False
image_2836.jpg,label_2836.png,True,False,False
image_2837.jpg,label_2837.png,True,False,False
image_2838.jpg,label_2838.png,False,False,True
image_2839.jpg,label_2839.png,True,False,False
image_2840.jpg,label_2840.png,True,False,False
image_2841.jpg,label_2841.png,True,False,False
image_2842.jpg,label_2842.png,True,False,False
image_2843.jpg,label_2843.png,False,False,True
image_2844.jpg,label_2844.png,False,True,False
image_2845.jpg,label_2845.png,True,False,False
image_2846.jpg,label_2846.png,True,False,False
image_2847.jpg,label_2847.png,True,False,False
image_2848.jpg,label_2848.png,True,False,False
image_2849.jpg,label_2849.png,True,False,False
image_2850.jpg,label_2850.png,True,False,False
image_2851.jpg,label_2851.png,True,False,False
image_2852.jpg,label_2852.png,False,False,True
image_2853.jpg,label_2853.png,True,False,False
image_2854.jpg,label_2854.png,False,True,False
image_2855.jpg,label_2855.png,False,False,True
image_2856.jpg,label_2856.png,True,False,False
image_2857.jpg,label_2857.png,False,False,True
image_2858.jpg,label_2858.png,True,False,False
image_2859.jpg,label_2859.png,True,False,False
image_2860.jpg,label_2860.png,True,False,False
image_2861.jpg,label_2861.png,True,False,False
image_2862.jpg,label_2862.png,True,False,False
image_2863.jpg,label_2863.png,True,False,False
image_2864.jpg,label_2864.png,True,False,False
image_2865.jpg,label_2865.png,False,True,False
image_2866.jpg,label_2866.png,True,False,False
image_2867.jpg,label_2867.png,True,False,False
image_2868.jpg,label_2868.png,True,False,False
image_2869.jpg,label_2869.png,True,False,False
image_2870.jpg,label_2870.png,True,False,False
image_2871.jpg,label_2871.png,True,False,False
image_2872.jpg,label_2872.png,False,True,False
image_2873.jpg,label_2873.png,True,False,False
image_2874.jpg,label_2874.png,True,False,False
image_2875.jpg,label_2875.png,False,False,True
image_2876.jpg,label_2876.png,True,False,False
image_2877.jpg,label_2877.png,True,False,False
image_2878.jpg,label_2878.png,False,False,True
image_2879.jpg,label_2879.png,True,False,False
image_2880.jpg,label_2880.png,True,False,False
image_2881.jpg,label_2881.png,True,False,False
image_2882.jpg,label_2882.png,True,False,False
image_2883.jpg,label_2883.png,True,False,False
image_2884.jpg,label_2884.png,False,False,True
image_2885.jpg,label_2885.png,False,True,False
image_2886.jpg,label_2886.png,False,True,False
image_2887.jpg,label_2887.png,True,False,False
image_2888.jpg,label_2888.png,True,False,False
image_2889.jpg,label_2889.png,True,False,False
image_2890.jpg,label_2890.png,True,False,False
image_2891.jpg,label_2891.png,True,False,False
image_2892.jpg,label_2892.png,True,False,False
image_2893.jpg,label_2893.png,False,False,True
image_2894.jpg,label_2894.png,True,False,False
image_2895.jpg,label_2895.png,True,False,False
image_2896.jpg,label_2896.png,True,False,False
image_2897.jpg,label_2897.png,True,False,False
image_2898.jpg,label_2898.png,True,False,False
image_2899.jpg,label_2899.png,True,False,False
image_2900.jpg,label_2900.png,True,False,False
image_2901.jpg,label_2901.png,True,False,False
image_2902.jpg,label_2902.png,False,True,False
image_2903.jpg,label_2903.png,True,False,False
image_2904.jpg,label_2904.png,True,False,False
image_2905.jpg,label_2905.png,True,False,False
image_2906.jpg,label_2906.png,True,False,False
image_2907.jpg,label_2907.png,True,False,False
image_2908.jpg,label_2908.png,True,False,False
image_2909.jpg,label_2909.png,True,False,False
image_2910.jpg,label_2910.png,True,False,False
image_2911.jpg,label_2911.png,True,False,False
image_2912.jpg,label_2912.png,True,False,False
image_2913.jpg,label_2913.png,False,False,True
image_2914.jpg,label_2914.png,True,False,False
image_2915.jpg,label_2915.png,True,False,False
image_2916.jpg,label_2916.png,True,False,False
image_2917.jpg,label_2917.png,False,True,False
image_2918.jpg,label_2918.png,True,False,False
image_2919.jpg,label_2919.png,False,True,False
image_2920.jpg,label_2920.png,True,False,False
image_2921.jpg,label_2921.png,True,False,False
image_2922.jpg,label_2922.png,True,False,False
image_2923.jpg,label_2923.png,True,False,False
image_2924.jpg,label_2924.png,True,False,False
image_2925.jpg,label_2925.png,False,False,True
image_2926.jpg,label_2926.png,True,False,False
image_2927.jpg,label_2927.png,True,False,False
image_2928.jpg,label_2928.png,True,False,False
image_2929.jpg,label_2929.png,True,False,False
image_2930.jpg,label_2930.png,True,False,False
image_2931.jpg,label_2931.png,True,False,False
image_2932.jpg,label_2932.png,False,False,True
image_2933.jpg,label_2933.png,True,False,False
image_2934.jpg,label_2934.png,True,False,False
image_2935.jpg,label_2935.png,True,False,False
image_2936.jpg,label_2936.png,True,False,False
image_2937.jpg,label_2937.png,True,False,False
image_2938.jpg,label_2938.png,False,False,True
image_2939.jpg,label_2939.png,True,False,False
image_2940.jpg,label_2940.png,False,True,False
image_2941.jpg,label_2941.png,True,False,False
image_2942.jpg,label_2942.png,True,False,False
image_2943.jpg,label_2943.png,True,False,False
image_2944.jpg,label_2944.png,True,False,False
image_2945.jpg,label_2945.png,False,True,False
image_2946.jpg,label_2946.png,True,False,False
image_2947.jpg,label_2947.png,True,False,False
image_2948.jpg,label_2948.png,False,True,False
image_2949.jpg,label_2949.png,True,False,False
image_2950.jpg,label_2950.png,True,False,False
image_2951.jpg,label_2951.png,True,False,False
image_2952.jpg,label_2952.png,True,False,False
image_2953.jpg,label_2953.png,True,False,False
image_2954.jpg,label_2954.png,True,False,False
image_2955.jpg,label_2955.png,True,False,False
image_2956.jpg,label_2956.png,True,False,False
image_2957.jpg,label_2957.png,True,False,False
image_2958.jpg,label_2958.png,True,False,False
image_2959.jpg,label_2959.png,True,False,False
image_2960.jpg,label_2960.png,True,False,False
image_2961.jpg,label_2961.png,True,False,False
image_2962.jpg,label_2962.png,True,False,False
image_2963.jpg,label_2963.png,True,False,False
image_2964.jpg,label_2964.png,True,False,False
image_2965.jpg,label_2965.png,True,False,False
image_2966.jpg,label_2966.png,True,False,False
image_2967.jpg,label_2967.png,False,False,True
image_2968.jpg,label_2968.png,True,False,False
image_2969.jpg,label_2969.png,True,False,False
image_2970.jpg,label_2970.png,True,False,False
image_2971.jpg,label_2971.png,True,False,False
image_2972.jpg,label_2972.png,True,False,False
image_2973.jpg,label_2973.png,False,True,False
image_2974.jpg,label_2974.png,True,False,False
image_2975.jpg,label_2975.png,True,False,False
image_2976.jpg,label_2976.png,True,False,False
image_2977.jpg,label_2977.png,True,False,False
image_2978.jpg,label_2978.png,True,False,False
image_2979.jpg,label_2979.png,True,False,False
image_2980.jpg,label_2980.png,True,False,False
image_2981.jpg,label_2981.png,False,True,False
image_2982.jpg,label_2982.png,True,False,False
image_2983.jpg,label_2983.png,True,False,False
image_2984.jpg,label_2984.png,True,False,False
image_2985.jpg,label_2985.png,True,False,False
image_2986.jpg,label_2986.png,True,False,False
image_2987.jpg,label_2987.png,True,False,False
image_2988.jpg,label_2988.png,True,False,False
image_2989.jpg,label_2989.png,True,False,False
image_2990.jpg,label_2990.png,True,False,False
image_2991.jpg,label_2991.png,True,False,False
image_2992.jpg,label_2992.png,False,True,False
image_2993.jpg,label_2993.png,False,False,True
image_2994.jpg,label_2994.png,False,True,False
image_2995.jpg,label_2995.png,True,False,False
image_2996.jpg,label_2996.png,True,False,False
image_2997.jpg,label_2997.png,False,False,True
image_2998.jpg,label_2998.png,True,False,False
image_2999.jpg,label_2999.png,True,False,False
image_3000.jpg,label_3000.png,True,False,False
image_3001.jpg,label_3001.png,True,False,False
image_3002.jpg,label_3002.png,True,False,False
image_3003.jpg,label_3003.png,True,False,False
image_3004.jpg,label_3004.png,False,True,False
image_3005.jpg,label_3005.png,False,True,False
image_3006.jpg,label_3006.png,False,False,True
image_3007.jpg,label_3007.png,True,False,False
image_3008.jpg,label_3008.png,True,False,False
image_3009.jpg,label_3009.png,False,True,False
image_3010.jpg,label_3010.png,True,False,False
image_3011.jpg,label_3011.png,True,False,False
image_3012.jpg,label_3012.png,False,False,True
image_3013.jpg,label_3013.png,True,False,False
image_3014.jpg,label_3014.png,True,False,False
image_3015.jpg,label_3015.png,False,True,False
image_3016.jpg,label_3016.png,True,False,False
image_3017.jpg,label_3017.png,True,False,False
image_3018.jpg,label_3018.png,True,False,False
image_3019.jpg,label_3019.png,True,False,False
image_3020.jpg,label_3020.png,True,False,False
image_3021.jpg,label_3021.png,True,False,False
image_3022.jpg,label_3022.png,True,False,False
image_3023.jpg,label_3023.png,False,False,True
image_3024.jpg,label_3024.png,True,False,False
image_3025.jpg,label_3025.png,False,True,False
image_3026.jpg,label_3026.png,False,False,True
image_3027.jpg,label_3027.png,True,False,False
image_3028.jpg,label_3028.png,True,False,False
image_3029.jpg,label_3029.png,False,False,True
image_3030.jpg,label_3030.png,True,False,False
image_3031.jpg,label_3031.png,True,False,False
image_3032.jpg,label_3032.png,True,False,False
image_3033.jpg,label_3033.png,True,False,False
image_3034.jpg,label_3034.png,False,True,False
image_3035.jpg,label_3035.png,True,False,False
image_3036.jpg,label_3036.png,True,False,False
image_3037.jpg,label_3037.png,True,False,False
image_3038.jpg,label_3038.png,True,False,False
image_3039.jpg,label_3039.png,True,False,False
image_3040.jpg,label_3040.png,True,False,False
image_3041.jpg,label_3041.png,True,False,False
image_3042.jpg,label_3042.png,True,False,False
image_3043.jpg,label_3043.png,True,False,False
image_3044.jpg,label_3044.png,True,False,False
image_3045.jpg,label_3045.png,True,False,False
image_3046.jpg,label_3046.png,False,True,False
image_3047.jpg,label_3047.png,True,False,False
image_3048.jpg,label_3048.png,True,False,False
image_3049.jpg,label_3049.png,False,False,True
image_3050.jpg,label_3050.png,True,False,False
image_3051.jpg,label_3051.png,True,False,False
image_3052.jpg,label_3052.png,False,True,False
image_3053.jpg,label_3053.png,False,True,False
image_3054.jpg,label_3054.png,True,False,False
image_3055.jpg,label_3055.png,False,True,False
image_3056.jpg,label_3056.png,True,False,False
image_3057.jpg,label_3057.png,True,False,False
image_3058.jpg,label_3058.png,True,False,False
image_3059.jpg,label_3059.png,True,False,False
image_3060.jpg,label_3060.png,True,False,False
image_3061.jpg,label_3061.png,True,False,False
image_3062.jpg,label_3062.png,True,False,False
image_3063.jpg,label_3063.png,True,False,False
image_3064.jpg,label_3064.png,True,False,False
image_3065.jpg,label_3065.png,False,True,False
image_3066.jpg,label_3066.png,False,False,True
image_3067.jpg,label_3067.png,False,True,False
image_3068.jpg,label_3068.png,True,False,False
image_3069.jpg,label_3069.png,True,False,False
image_3070.jpg,label_3070.png,True,False,False
image_3071.jpg,label_3071.png,True,False,False
image_3072.jpg,label_3072.png,True,False,False
image_3073.jpg,label_3073.png,True,False,False
image_3074.jpg,label_3074.png,True,False,False
image_3075.jpg,label_3075.png,True,False,False
image_3076.jpg,label_3076.png,True,False,False
image_3077.jpg,label_3077.png,True,False,False
image_3078.jpg,label_3078.png,True,False,False
image_3079.jpg,label_3079.png,False,True,False
image_3080.jpg,label_3080.png,True,False,False
image_3081.jpg,label_3081.png,True,False,False
image_3082.jpg,label_3082.png,False,False,True
image_3083.jpg,label_3083.png,True,False,False
image_3084.jpg,label_3084.png,True,False,False
image_3085.jpg,label_3085.png,False,True,False
image_3086.jpg,label_3086.png,True,False,False
image_3087.jpg,label_3087.png,True,False,False
image_3088.jpg,label_3088.png,False,False,True
image_3089.jpg,label_3089.png,True,False,False
image_3090.jpg,label_3090.png,True,False,False
image_3091.jpg,label_3091.png,True,False,False
image_3092.jpg,label_3092.png,True,False,False
image_3093.jpg,label_3093.png,False,True,False
image_3094.jpg,label_3094.png,True,False,False
image_3095.jpg,label_3095.png,False,True,False
image_3096.jpg,label_3096.png,True,False,False
image_3097.jpg,label_3097.png,True,False,False
image_3098.jpg,label_3098.png,True,False,False
image_3099.jpg,label_3099.png,True,False,False
image_3100.jpg,label_3100.png,True,False,False
image_3101.jpg,label_3101.png,True,False,False
image_3102.jpg,label_3102.png,False,True,False
image_3103.jpg,label_3103.png,True,False,False
image_3104.jpg,label_3104.png,True,False,False
image_3105.jpg,label_3105.png,True,False,False
image_3106.jpg,label_3106.png,False,True,False
image_3107.jpg,label_3107.png,True,False,False
image_3108.jpg,label_3108.png,True,False,False
image_3109.jpg,label_3109.png,True,False,False
image_3110.jpg,label_3110.png,True,False,False
image_3111.jpg,label_3111.png,True,False,False
image_3112.jpg,label_3112.png,True,False,False
image_3113.jpg,label_3113.png,False,False,True
image_3114.jpg,label_3114.png,True,False,False
image_3115.jpg,label_3115.png,False,False,True
image_3116.jpg,label_3116.png,True,False,False
image_3117.jpg,label_3117.png,True,False,False
image_3118.jpg,label_3118.png,False,True,False
image_3119.jpg,label_3119.png,False,False,True
image_3120.jpg,label_3120.png,True,False,False
image_3121.jpg,label_3121.png,True,False,False
image_3122.jpg,label_3122.png,True,False,False
image_3123.jpg,label_3123.png,True,False,False
image_3124.jpg,label_3124.png,True,False,False
image_3125.jpg,label_3125.png,True,False,False
image_3126.jpg,label_3126.png,True,False,False
image_3127.jpg,label_3127.png,True,False,False
image_3128.jpg,label_3128.png,True,False,False
image_3129.jpg,label_3129.png,True,False,False
image_3130.jpg,label_3130.png,True,False,False
image_3131.jpg,label_3131.png,True,False,False
image_3132.jpg,label_3132.png,True,False,False
image_3133.jpg,label_3133.png,False,False,True
image_3134.jpg,label_3134.png,True,False,False
image_3135.jpg,label_3135.png,True,False,False
image_3136.jpg,label_3136.png,True,False,False
image_3137.jpg,label_3137.png,False,True,False
image_3138.jpg,label_3138.png,True,False,False
image_3139.jpg,label_3139.png,True,False,False
image_3140.jpg,label_3140.png,False,False,True
image_3141.jpg,label_3141.png,True,False,False
image_3142.jpg,label_3142.png,True,False,False
image_3143.jpg,label_3143.png,False,False,True
image_3144.jpg,label_3144.png,True,False,False
image_3145.jpg,label_3145.png,True,False,False
image_3146.jpg,label_3146.png,True,False,False
image_3147.jpg,label_3147.png,True,False,False
image_3148.jpg,label_3148.png,True,False,False
image_3149.jpg,label_3149.png,True,False,False
image_3150.jpg,label_3150.png,True,False,False
image_3151.jpg,label_3151.png,True,False,False
image_3152.jpg,label_3152.png,True,False,False
image_3153.jpg,label_3153.png,True,False,False
image_3154.jpg,label_3154.png,True,False,False
image_3155.jpg,label_3155.png,True,False,False
image_3156.jpg,label_3156.png,True,False,False
image_3157.jpg,label_3157.png,False,True,False
image_3158.jpg,label_3158.png,True,False,False
image_3159.jpg,label_3159.png,True,False,False
image_3160.jpg,label_3160.png,True,False,False
image_3161.jpg,label_3161.png,True,False,False
image_3162.jpg,label_3162.png,True,False,False
image_3163.jpg,label_3163.png,False,True,False
image_3164.jpg,label_3164.png,True,False,False
image_3165.jpg,label_3165.png,True,False,False
image_3166.jpg,label_3166.png,True,False,False
image_3167.jpg,label_3167.png,True,False,False
image_3168.jpg,label_3168.png,True,False,False
image_3169.jpg,label_3169.png,True,False,False
image_3170.jpg,label_3170.png,True,False,False
image_3171.jpg,label_3171.png,True,False,False
image_3172.jpg,label_3172.png,True,False,False
image_3173.jpg,label_3173.png,True,False,False
image_3174.jpg,label_3174.png,True,False,False
image_3175.jpg,label_3175.png,False,False,True
image_3176.jpg,label_3176.png,True,False,False
image_3177.jpg,label_3177.png,True,False,False
image_3178.jpg,label_3178.png,True,False,False
image_3179.jpg,label_3179.png,True,False,False
image_3180.jpg,label_3180.png,True,False,False
image_3181.jpg,label_3181.png,True,False,False
image_3182.jpg,label_3182.png,True,False,False
image_3183.jpg,label_3183.png,False,False,True
image_3184.jpg,label_3184.png,True,False,False
image_3185.jpg,label_3185.png,True,False,False
image_3186.jpg,label_3186.png,True,False,False
image_3187.jpg,label_3187.png,True,False,False
image_3188.jpg,label_3188.png,False,True,False
image_3189.jpg,label_3189.png,False,True,False
image_3190.jpg,label_3190.png,True,False,False
image_3191.jpg,label_3191.png,True,False,False
image_3192.jpg,label_3192.png,True,False,False
image_3193.jpg,label_3193.png,False,True,False
image_3194.jpg,label_3194.png,True,False,False
image_3195.jpg,label_3195.png,True,False,False
image_3196.jpg,label_3196.png,False,True,False
image_3197.jpg,label_3197.png,True,False,False
image_3198.jpg,label_3198.png,False,False,True
image_3199.jpg,label_3199.png,True,False,False
image_3200.jpg,label_3200.png,True,False,False
image_3201.jpg,label_3201.png,True,False,False
image_3202.jpg,label_3202.png,True,False,False
image_3203.jpg,label_3203.png,False,False,True
image_3204.jpg,label_3204.png,False,True,False
image_3205.jpg,label_3205.png,True,False,False
image_3206.jpg,label_3206.png,True,False,False
image_3207.jpg,label_3207.png,False,True,False
image_3208.jpg,label_3208.png,False,True,False
image_3209.jpg,label_3209.png,True,False,False
image_3210.jpg,label_3210.png,False,False,True
image_3211.jpg,label_3211.png,True,False,False
image_3212.jpg,label_3212.png,True,False,False
image_3213.jpg,label_3213.png,False,False,True
image_3214.jpg,label_3214.png,False,False,True
image_3215.jpg,label_3215.png,True,False,False
image_3216.jpg,label_3216.png,False,False,True
image_3217.jpg,label_3217.png,True,False,False
image_3218.jpg,label_3218.png,True,False,False
image_3219.jpg,label_3219.png,False,True,False
image_3220.jpg,label_3220.png,True,False,False
image_3221.jpg,label_3221.png,True,False,False
image_3222.jpg,label_3222.png,False,False,True
image_3223.jpg,label_3223.png,True,False,False
image_3224.jpg,label_3224.png,True,False,False
image_3225.jpg,label_3225.png,True,False,False
image_3226.jpg,label_3226.png,True,False,False
image_3227.jpg,label_3227.png,True,False,False
image_3228.jpg,label_3228.png,True,False,False
image_3229.jpg,label_3229.png,True,False,False
image_3230.jpg,label_3230.png,True,False,False
image_3231.jpg,label_3231.png,True,False,False
image_3232.jpg,label_3232.png,False,True,False
image_3233.jpg,label_3233.png,False,True,False
image_3234.jpg,label_3234.png,True,False,False
image_3235.jpg,label_3235.png,True,False,False
image_3236.jpg,label_3236.png,True,False,False
image_3237.jpg,label_3237.png,True,False,False
image_3238.jpg,label_3238.png,True,False,False
image_3239.jpg,label_3239.png,True,False,False
image_3240.jpg,label_3240.png,True,False,False
image_3241.jpg,label_3241.png,True,False,False
image_3242.jpg,label_3242.png,True,False,False
image_3243.jpg,label_3243.png,True,False,False
image_3244.jpg,label_3244.png,True,False,False
image_3245.jpg,label_3245.png,False,False,True
image_3246.jpg,label_3246.png,True,False,False
image_3247.jpg,label_3247.png,False,False,True
image_3248.jpg,label_3248.png,False,False,True
image_3249.jpg,label_3249.png,True,False,False
image_3250.jpg,label_3250.png,True,False,False
image_3251.jpg,label_3251.png,True,False,False
image_3252.jpg,label_3252.png,True,False,False
image_3253.jpg,label_3253.png,False,False,True
image_3254.jpg,label_3254.png,True,False,False
image_3255.jpg,label_3255.png,True,False,False
image_3256.jpg,label_3256.png,True,False,False
image_3257.jpg,label_3257.png,True,False,False
image_3258.jpg,label_3258.png,False,True,False
image_3259.jpg,label_3259.png,True,False,False
image_3260.jpg,label_3260.png,False,True,False
image_3261.jpg,label_3261.png,True,False,False
image_3262.jpg,label_3262.png,True,False,False
image_3263.jpg,label_3263.png,True,False,False
image_3264.jpg,label_3264.png,True,False,False
image_3265.jpg,label_3265.png,True,False,False
image_3266.jpg,label_3266.png,True,False,False
image_3267.jpg,label_3267.png,True,False,False
image_3268.jpg,label_3268.png,True,False,False
image_3269.jpg,label_3269.png,True,False,False
image_3270.jpg,label_3270.png,True,False,False
image_3271.jpg,label_3271.png,False,True,False
image_3272.jpg,label_3272.png,True,False,False
image_3273.jpg,label_3273.png,True,False,False
image_3274.jpg,label_3274.png,True,False,False
image_3275.jpg,label_3275.png,True,False,False
image_3276.jpg,label_3276.png,False,False,True
image_3277.jpg,label_3277.png,True,False,False
image_3278.jpg,label_3278.png,True,False,False
image_3279.jpg,label_3279.png,True,False,False
image_3280.jpg,label_3280.png,False,False,True
image_3281.jpg,label_3281.png,True,False,False
image_3282.jpg,label_3282.png,False,True,False
image_3283.jpg,label_3283.png,True,False,False
image_3284.jpg,label_3284.png,True,False,False
image_3285.jpg,label_3285.png,True,False,False
image_3286.jpg,label_3286.png,True,False,False
image_3287.jpg,label_3287.png,True,False,False
image_3288.jpg,label_3288.png,True,False,False
image_3289.jpg,label_3289.png,False,True,False
image_3290.jpg,label_3290.png,True,False,False
image_3291.jpg,label_3291.png,False,True,False
image_3292.jpg,label_3292.png,True,False,False
image_3293.jpg,label_3293.png,True,False,False
image_3294.jpg,label_3294.png,True,False,False
image_3295.jpg,label_3295.png,True,False,False
image_3296.jpg,label_3296.png,True,False,False
image_3297.jpg,label_3297.png,True,False,False
image_3298.jpg,label_3298.png,True,False,False
image_3299.jpg,label_3299.png,True,False,False
image_3300.jpg,label_3300.png,True,False,False
image_3301.jpg,label_3301.png,True,False,False
image_3302.jpg,label_3302.png,True,False,False
image_3303.jpg,label_3303.png,True,False,False
image_3304.jpg,label_3304.png,True,False,False
image_3305.jpg,label_3305.png,True,False,False
image_3306.jpg,label_3306.png,True,False,False
image_3307.jpg,label_3307.png,True,False,False
image_3308.jpg,label_3308.png,True,False,False
image_3309.jpg,label_3309.png,True,False,False
image_3310.jpg,label_3310.png,True,False,False
image_3311.jpg,label_3311.png,True,False,False
image_3312.jpg,label_3312.png,True,False,False
image_3313.jpg,label_3313.png,True,False,False
image_3314.jpg,label_3314.png,False,False,True
image_3315.jpg,label_3315.png,False,False,True
image_3316.jpg,label_3316.png,True,False,False
image_3317.jpg,label_3317.png,True,False,False
image_3318.jpg,label_3318.png,True,False,False
image_3319.jpg,label_3319.png,False,True,False
image_3320.jpg,label_3320.png,True,False,False
image_3321.jpg,label_3321.png,True,False,False
image_3322.jpg,label_3322.png,True,False,False
image_3323.jpg,label_3323.png,True,False,False
image_3324.jpg,label_3324.png,True,False,False
image_3325.jpg,label_3325.png,True,False,False
image_3326.jpg,label_3326.png,True,False,False
image_3327.jpg,label_3327.png,True,False,False
image_3328.jpg,label_3328.png,False,True,False
image_3329.jpg,label_3329.png,True,False,False
image_3330.jpg,label_3330.png,True,False,False
image_3331.jpg,label_3331.png,False,True,False
image_3332.jpg,label_3332.png,True,False,False
image_3333.jpg,label_3333.png,True,False,False
image_3334.jpg,label_3334.png,True,False,False
image_3335.jpg,label_3335.png,True,False,False
image_3336.jpg,label_3336.png,True,False,False
image_3337.jpg,label_3337.png,True,False,False
image_3338.jpg,label_3338.png,False,True,False
image_3339.jpg,label_3339.png,True,False,False
image_3340.jpg,label_3340.png,True,False,False
image_3341.jpg,label_3341.png,True,False,False
image_3342.jpg,label_3342.png,True,False,False
image_3343.jpg,label_3343.png,True,False,False
image_3344.jpg,label_3344.png,True,False,False
image_3345.jpg,label_3345.png,False,True,False
image_3346.jpg,label_3346.png,True,False,False
image_3347.jpg,label_3347.png,True,False,False
image_3348.jpg,label_3348.png,False,False,True
image_3349.jpg,label_3349.png,True,False,False
image_3350.jpg,label_3350.png,True,False,False
image_3351.jpg,label_3351.png,True,False,False
image_3352.jpg,label_3352.png,True,False,False
image_3353.jpg,label_3353.png,True,False,False
image_3354.jpg,label_3354.png,False,True,False
image_3355.jpg,label_3355.png,False,False,True
image_3356.jpg,label_3356.png,True,False,False
image_3357.jpg,label_3357.png,True,False,False
image_3358.jpg,label_3358.png,False,True,False
image_3359.jpg,label_3359.png,True,False,False
image_3360.jpg,label_3360.png,False,False,True
image_3361.jpg,label_3361.png,False,False,True
image_3362.jpg,label_3362.png,False,False,True
image_3363.jpg,label_3363.png,True,False,False
image_3364.jpg,label_3364.png,True,False,False
image_3365.jpg,label_3365.png,True,False,False
image_3366.jpg,label_3366.png,False,False,True
image_3367.jpg,label_3367.png,True,False,False
image_3368.jpg,label_3368.png,False,True,False
image_3369.jpg,label_3369.png,False,False,True
image_3370.jpg,label_3370.png,True,False,False
image_3371.jpg,label_3371.png,True,False,False
image_3372.jpg,label_3372.png,True,False,False
image_3373.jpg,label_3373.png,True,False,False
image_3374.jpg,label_3374.png,True,False,False
image_3375.jpg,label_3375.png,True,False,False
image_3376.jpg,label_3376.png,True,False,False
image_3377.jpg,label_3377.png,True,False,False
image_3378.jpg,label_3378.png,True,False,False
image_3379.jpg,label_3379.png,True,False,False
image_3380.jpg,label_3380.png,True,False,False
image_3381.jpg,label_3381.png,True,False,False
image_3382.jpg,label_3382.png,True,False,False
image_3383.jpg,label_3383.png,True,False,False
image_3384.jpg,label_3384.png,True,False,False
image_3385.jpg,label_3385.png,True,False,False
image_3386.jpg,label_3386.png,True,False,False
image_3387.jpg,label_3387.png,True,False,False
image_3388.jpg,label_3388.png,True,False,False
image_3389.jpg,label_3389.png,True,False,False
image_3390.jpg,label_3390.png,False,False,True
image_3391.jpg,label_3391.png,False,False,True
image_3392.jpg,label_3392.png,True,False,False
image_3393.jpg,label_3393.png,True,False,False
image_3394.jpg,label_3394.png,False,True,False
image_3395.jpg,label_3395.png,True,False,False
image_3396.jpg,label_3396.png,False,False,True
image_3397.jpg,label_3397.png,True,False,False
image_3398.jpg,label_3398.png,True,False,False
image_3399.jpg,label_3399.png,True,False,False
image_3400.jpg,label_3400.png,True,False,False
image_3401.jpg,label_3401.png,True,False,False
image_3402.jpg,label_3402.png,True,False,False
image_3403.jpg,label_3403.png,True,False,False
image_3404.jpg,label_3404.png,False,True,False
image_3405.jpg,label_3405.png,True,False,False
image_3406.jpg,label_3406.png,True,False,False
image_3407.jpg,label_3407.png,True,False,False
image_3408.jpg,label_3408.png,True,False,False
image_3409.jpg,label_3409.png,True,False,False
image_3410.jpg,label_3410.png,True,False,False
image_3411.jpg,label_3411.png,True,False,False
image_3412.jpg,label_3412.png,True,False,False
image_3413.jpg,label_3413.png,True,False,False
image_3414.jpg,label_3414.png,True,False,False
image_3415.jpg,label_3415.png,True,False,False
image_3416.jpg,label_3416.png,False,False,True
image_3417.jpg,label_3417.png,True,False,False
image_3418.jpg,label_3418.png,True,False,False
image_3419.jpg,label_3419.png,False,True,False
image_3420.jpg,label_3420.png,True,False,False
image_3421.jpg,label_3421.png,True,False,False
image_3422.jpg,label_3422.png,True,False,False
image_3423.jpg,label_3423.png,True,False,False
image_3424.jpg,label_3424.png,True,False,False
image_3425.jpg,label_3425.png,True,False,False
image_3426.jpg,label_3426.png,True,False,False
image_3427.jpg,label_3427.png,True,False,False
image_3428.jpg,label_3428.png,False,True,False
image_3429.jpg,label_3429.png,False,False,True
image_3430.jpg,label_3430.png,True,False,False
image_3431.jpg,label_3431.png,True,False,False
image_3432.jpg,label_3432.png,True,False,False
image_3433.jpg,label_3433.png,True,False,False
image_3434.jpg,label_3434.png,False,True,False
image_3435.jpg,label_3435.png,True,False,False
image_3436.jpg,label_3436.png,True,False,False
image_3437.jpg,label_3437.png,True,False,False
image_3438.jpg,label_3438.png,True,False,False
image_3439.jpg,label_3439.png,True,False,False
image_3440.jpg,label_3440.png,True,False,False
image_3441.jpg,label_3441.png,True,False,False
image_3442.jpg,label_3442.png,True,False,False
image_3443.jpg,label_3443.png,True,False,False
image_3444.jpg,label_3444.png,True,False,False
image_3445.jpg,label_3445.png,True,False,False
image_3446.jpg,label_3446.png,True,False,False
image_3447.jpg,label_3447.png,True,False,False
image_3448.jpg,label_3448.png,True,False,False
image_3449.jpg,label_3449.png,True,False,False
image_3450.jpg,label_3450.png,True,False,False
image_3451.jpg,label_3451.png,True,False,False
image_3452.jpg,label_3452.png,True,False,False
image_3453.jpg,label_3453.png,True,False,False
image_3454.jpg,label_3454.png,True,False,False
image_3455.jpg,label_3455.png,False,False,True
image_3456.jpg,label_3456.png,True,False,False
image_3457.jpg,label_3457.png,False,False,True
image_3458.jpg,label_3458.png,True,False,False
image_3459.jpg,label_3459.png,True,False,False
image_3460.jpg,label_3460.png,True,False,False
image_3461.jpg,label_3461.png,True,False,False
image_3462.jpg,label_3462.png,True,False,False
image_3463.jpg,label_3463.png,True,False,False
image_3464.jpg,label_3464.png,False,False,True
image_3465.jpg,label_3465.png,False,True,False
image_3466.jpg,label_3466.png,True,False,False
image_3467.jpg,label_3467.png,True,False,False
image_3468.jpg,label_3468.png,True,False,False
image_3469.jpg,label_3469.png,True,False,False
image_3470.jpg,label_3470.png,True,False,False
image_3471.jpg,label_3471.png,True,False,False
image_3472.jpg,label_3472.png,True,False,False
image_3473.jpg,label_3473.png,True,False,False
image_3474.jpg,label_3474.png,True,False,False
image_3475.jpg,label_3475.png,True,False,False
image_3476.jpg,label_3476.png,False,True,False
image_3477.jpg,label_3477.png,True,False,False
image_3478.jpg,label_3478.png,True,False,False
image_3479.jpg,label_3479.png,False,True,False
image_3480.jpg,label_3480.png,True,False,False
image_3481.jpg,label_3481.png,True,False,False
image_3482.jpg,label_3482.png,True,False,False
image_3483.jpg,label_3483.png,True,False,False
image_3484.jpg,label_3484.png,True,False,False
image_3485.jpg,label_3485.png,True,False,False
image_3486.jpg,label_3486.png,True,False,False
image_3487.jpg,label_3487.png,True,False,False
image_3488.jpg,label_3488.png,True,False,False
image_3489.jpg,label_3489.png,True,False,False
image_3490.jpg,label_3490.png,True,False,False
image_3491.jpg,label_3491.png,True,False,False
image_3492.jpg,label_3492.png,True,False,False
image_3493.jpg,label_3493.png,True,False,False
image_3494.jpg,label_3494.png,True,False,False
image_3495.jpg,label_3495.png,True,False,False
image_3496.jpg,label_3496.png,False,False,True
image_3497.jpg,label_3497.png,True,False,False
image_3498.jpg,label_3498.png,True,False,False
image_3499.jpg,label_3499.png,True,False,False
image_3500.jpg,label_3500.png,True,False,False
image_3501.jpg,label_3501.png,True,False,False
image_3502.jpg,label_3502.png,True,False,False
image_3503.jpg,label_3503.png,True,False,False
image_3504.jpg,label_3504.png,False,True,False
image_3505.jpg,label_3505.png,True,False,False
image_3506.jpg,label_3506.png,False,False,True
image_3507.jpg,label_3507.png,True,False,False
image_3508.jpg,label_3508.png,False,False,True
image_3509.jpg,label_3509.png,True,False,False
image_3510.jpg,label_3510.png,False,False,True
